Droplet Diameter (um),Droplet Area (um2),Droplet Volume (um3)
3.7878230239230013,11.268581249999999,28.455594337131352
11.072616221477254,96.29203749999999,710.803184281064
8.194606560903484,52.740725,288.1263274078709
11.91888385481244,111.5735,886.5543918499436
3.0519671124894843,7.31559375,14.884634355555741
4.863251212966893,18.57561875,60.22526694503204
7.8190793995355365,48.017675,250.3026756040617
3.834985059131824,11.5509375,29.531781820977002
2.9206376074726053,6.69954375,13.04462628610536
7.2621352570930116,41.42080625,200.53566496356237
6.061846888341995,28.86023125,116.63086866642861
6.234608896262569,30.528699999999997,126.8896697408874
2.097913002313169,3.456725,4.834605548613991
2.1339534079355196,3.5765124999999998,5.088074025265988
3.641179434619663,10.412956249999999,25.27696143406286
11.566340557625912,105.07074999999999,810.1893847634484
6.274669653349872,30.9222875,129.35142599227336
2.0479868173492943,3.29415625,4.4975923828591915
4.472322679449625,15.709275,46.83796457347399
8.553026164107601,57.45521875,327.6106594888504
2.594723167925177,5.2877624999999995,9.146853243490636
2.8219900654931465,6.25461875,11.766981317298107
2.364043559968902,4.38935625,6.917752916814497
2.4321855663311647,4.64604375,7.533360366195412
6.214481676270326,30.33190625,125.6647170646496
7.319662457594658,42.0796375,205.33916189196154
2.333897582868648,4.278125,6.656470397806621
6.846718384928428,36.81754375,168.05290245402117
2.2165884350602267,3.8588687499999996,5.702349229110207
7.6784875779878,46.306425,237.04220609568245
6.158129304423761,29.78430625,122.27707275337121
2.0822761656770727,3.4053875,4.7273048174297525
2.2483078785062047,3.9701,5.950671405638324
2.407424124384527,4.551925,7.305609371592692
6.528241547564903,33.472049999999996,145.67575166144653
6.125314095079612,29.467724999999998,120.33271419495321
2.6197935392742973,5.3904375,9.414555557574595
6.5598716165660536,33.7971875,147.803474000674
5.639152501900871,24.975693749999998,93.89449726468165
2.4277022711527803,4.62893125,7.491777939090051
2.2385959200209644,3.935875,5.873889144475008
2.7516246689864814,5.94659375,10.908529372627218
4.235879447363023,14.09214375,39.795081386606846
7.004803920831733,38.537349999999996,179.96438691897654
11.808230213861025,109.51144375,862.0908925681946
2.4142024319084197,4.57759375,7.367491975692523
9.045170560489623,64.2574375,387.4796546450012
6.917162171987868,37.579049999999995,173.29358874616042
2.22884164303253,3.9016499999999996,5.797439997691914
5.701592853777483,25.53185,97.04814233581241
8.285829481466703,53.9214875,297.85616720802545
4.884485778632396,18.7381875,61.017606907398225
8.392950122340999,55.3247125,309.5583683635704
7.551159629036257,44.7834125,225.44446434698503
2.611463491034249,5.3562125,9.325035595980852
6.2118515788077,30.306237499999998,125.50523284139739
10.229822146043112,82.1913375,560.535176380269
3.2824259535043883,8.462131249999999,18.517546157973683
3.0821589681984745,7.461049999999999,15.330761446451483
6.112851591640028,29.3479375,119.59972430548473
3.1761593664986107,7.923087499999999,16.776659049808703
7.6193803258124495,45.596256249999996,231.61014520130198
2.095314966638671,3.44816875,4.816666392913839
2.3268853559546496,4.25245625,6.596652116641882
5.999524226447573,28.269849999999998,113.07043330202595
8.23836093979917,53.3054375,292.7662894526039
7.567732641144487,44.980206249999995,226.93211669569084
2.4655504389262153,4.7743875,7.847662130819225
2.0076946147800685,3.1658125,4.237323138435617
2.6855038960634254,5.6642375,10.140887916319038
2.755580996937714,5.9637062499999995,10.95565040921245
2.0212145965953465,3.20859375,4.323504348029735
2.827774813754789,6.2802875,11.83949254375935
2.5395551315037483,5.0653,8.57573907173729
5.58187116872748,24.470875,91.06218109068938
8.281884161277247,53.870149999999995,297.4308947004197
7.2568828984165705,41.3609125,200.10086572276936
2.250729320111086,3.97865625,5.969918851012149
2.1056878764049,3.48239375,4.888556200162131
9.496984590940775,70.83719375,448.4931583394907
9.234097566858882,66.96976875,412.27025244498464
2.380117863554854,4.44925,7.059826269614289
7.082908139360434,39.40153125,186.0516175959263
2.62187191607027,5.39899375,9.436980058775939
5.560360987873808,24.2826375,90.01348682512103
6.311887828567562,31.290206249999997,131.66684798849573
3.6005618265795523,10.1819375,24.440463655412557
7.250124274703099,41.28390625,199.54230057179464
6.0753106945670785,28.988574999999997,117.4097331451732
2.1262818909250245,3.55084375,5.033396508752869
7.3530738814851775,42.46466875,208.16389778102987
2.5799862843017562,5.22786875,8.99188644741984
14.719105865548709,170.15814375,1669.7171544943371
3.0733097998693664,7.418268749999999,15.199092031626448
7.008690944004652,38.58013125,180.26414434025722
2.1056878764049,3.48239375,4.888556200162131
2.279586002471368,4.08133125,6.202497059299313
10.720697004693982,90.26843749999999,645.1603783497707
10.0281579910861,78.98274375,528.0342885963121
8.207890094603803,52.91185,289.5297663347748
6.14307381369244,29.638849999999998,121.38242886863878
10.69067767127186,89.76361874999999,639.75594310879
7.17991263903382,40.488175,193.80103960927542
2.0532993731421074,3.31126875,4.532684032453365
12.43159261534605,121.3789625,1005.9558759155769
2.443357814226735,4.688825,7.637651468861113
10.692715543511353,89.79784375,640.1218664262858
3.1983765174705714,8.034318749999999,17.13118428258234
10.2463154339093,82.45658125,563.2507607261807
3.3756905995593978,8.9498375,20.14125487755612
5.06192202331425,20.124299999999998,67.91175824918864
8.87310905835632,61.836018749999994,365.7851587355442
3.576274454421478,10.0450375,23.949207336637198
6.594654666601112,34.156549999999996,150.16710123499618
2.693604982025092,5.6984625,10.232937986588771
6.648126826578704,34.71270625,153.84964909584744
5.376076216197139,22.69973125,81.35699019146128
9.843958366786447,76.10784375,499.468296840592
6.65467832048346,34.781156249999995,154.3049376388152
5.480436815733134,23.58958125,86.18747303348533
7.994749051669744,50.199518749999996,267.5550366138933
5.558401389226916,24.265525,89.918351913547
7.49976844159255,44.17591875,220.87277421307104
3.034066857729242,7.23003125,14.624265463981143
5.674779705531884,25.292275,95.68539258448759
2.528807918105647,5.02251875,8.467323455889382
6.9391763832251625,37.818625,174.9534062973658
3.1068025504063255,7.5808374999999995,15.701443519477273
2.352494670378073,4.346575,6.816863014599048
2.338560719551536,4.2952375,6.696449132429825
8.94281824308836,62.81143125,374.4741421713268
6.476302960823012,32.941562499999996,142.22635916859088
2.1693951528489643,3.6963,5.345823535650418
11.965863545834734,112.45479375,897.0791447249921
6.3428792808303065,31.598231249999998,133.6158442043398
6.7803641278755675,36.107375,163.21410013450074
6.141300152961464,29.6217375,121.27732069315624
2.489733857521782,4.868506249999999,8.080856564120932
2.483161737327308,4.8428375,8.01703252006256
2.071786042700417,3.3711625,4.656218276783363
10.749619116516127,90.75614374999999,650.3959851975236
2.8736336123133897,6.485637499999999,12.42489727818679
3.826453379911544,11.4996,29.335122191753857
3.6231833799631903,10.31028125,24.904026445164074
6.218862700202734,30.3746875,125.93067408270947
2.0239077551471385,3.2171499999999997,4.340809889647745
6.1925300651941635,30.118,124.3377470023452
2.045325364870306,3.2855999999999996,4.480080679211918
2.191876532083033,3.7733062499999996,5.51374761182482
5.6449451613654045,25.02703125,94.18414597201884
4.73269314842409,17.591649999999998,55.50392094964976
9.852807864801745,76.24474375,500.81654057986236
2.613548492157631,5.36476875,9.347388851557914
2.2361613397248123,3.92731875,5.854745571684249
2.5481202658755295,5.099525,8.662801999225938
2.199319258193377,3.798975,5.570105919263456
2.423210681234937,4.611818749999999,7.450272303279704
2.669227964961913,5.5957875,9.95762165398954
2.974231758617319,6.947674999999999,13.775997089034382
2.3778281873504405,4.440693749999999,7.039471180093952
10.498389151741103,86.56358125,605.852108220573
6.33256564916075,31.49555625,132.9651184066401
8.013803638916054,50.43909375,269.4726620249186
2.7057111328296375,5.7498,10.371531914362567
6.069031301990346,28.92868125,117.04604802103415
6.928964197583902,37.70739375,174.182120851966
3.4348756586775266,9.26641875,21.219330804992016
3.0750816707573354,7.426825,15.225395619614899
3.771971307706376,11.174462499999999,28.099834619360575
9.194490167051583,66.3965,406.98797758442703
3.0015774005991376,7.076018749999999,14.159478644143839
8.891506567344152,62.09270625,368.065136937364
6.248572203554233,30.665599999999998,127.74414384354178
2.9778923529364105,6.9647875,13.82692495738473
12.165406170173178,116.23665625,942.7107567626992
3.9566275997518416,12.29533125,32.432031314560874
6.906917437429637,37.46781875,172.52475377788537
4.590130436368255,16.5477875,50.637668705536115
2.769383635697071,6.0236,11.121106178656586
2.2938782177332855,4.13266875,6.319892551154697
5.829139911738514,26.686943749999998,103.70795262363042
2.3245432462962605,4.2439,6.576752721971133
2.0691552022198847,3.36260625,4.638502810136398
6.453553891639057,32.71054375,140.73283794362806
9.582063741329836,72.11207499999999,460.65499944637196
6.133312332343163,29.544731249999998,120.80470968759293
6.6300768376749115,34.52446875,152.59992039493753
4.874438831185633,18.66118125,60.64185768052883
5.158916819729321,20.902918749999998,71.89094608054026
11.378319215795651,101.682475,771.3171061347738
5.810420724313351,26.515818749999998,102.71204185809101
5.130329477217892,20.6719,70.70243861340033
8.084858386381386,51.3375,276.704278273903
2.4254575159144154,4.620375,7.471015513395376
2.4388950565027536,4.6717125,7.595877681101414
2.2361613397248123,3.92731875,5.854745571684249
5.701592853777483,25.53185,97.04814233581241
8.129873527312851,51.910768749999995,281.35198976205606
8.725156795853355,59.791075,347.7910029117518
7.775767807313521,47.4871875,246.1662292149074
2.141597444620146,3.6021812499999997,5.1429481067057345
6.266851829744984,30.84528125,128.8685381603741
6.424792333860438,32.41963125,138.85959888105484
2.0346447416596565,3.251375,4.410262031275778
2.4875450800810937,4.8599499999999995,8.059563141293408
4.119841601509637,13.3306375,36.61340996476295
2.6301689998356665,5.43321875,9.52685568371726
6.647307435828495,34.70415,153.79276956607163
2.4875450800810937,4.8599499999999995,8.059563141293408
8.540279471236078,57.28409375,326.1481132543252
11.580930563926024,105.33599375,813.2592196672638
2.976062618599029,6.95623125,13.801453192970259
3.466446870740727,9.43754375,21.809829333110798
7.2448632083467706,41.2240125,199.10822097445157
2.62187191607027,5.39899375,9.436980058775939
2.5093469437250118,4.9455124999999995,8.273337784685895
8.15863299038827,52.2786875,284.3484163544659
8.895181503052765,62.144043749999994,368.5216989932679
8.04230087157892,50.79845625,272.35764598282566
10.397769121376454,84.91222499999999,588.5984740882463
3.8899848948415325,11.88463125,30.82069069550776
6.785985322527915,36.16726875,163.62036992894835
7.07829236295665,39.350193749999995,185.68811726765958
2.291502372230191,4.1241125,6.300275718062787
5.4615198186956135,23.4270125,85.29806204105324
4.066611437959604,12.9883875,35.21248344543435
5.511161993875428,23.854824999999998,87.6452032736996
3.5732269255727878,10.027925,23.888034411749665
2.0822761656770727,3.4053875,4.7273048174297525
6.467044481520431,32.84744375,141.61725322366016
6.564022121009506,33.83996875,148.08420229951358
13.488232010626593,142.889375,1284.8833612356177
7.36639601921883,42.61868125,209.29738926957083
2.7733146293516726,6.0407125,11.168530898638341
2.179415507108074,3.7305249999999996,5.420242689769564
6.598783293228913,34.19933125,150.44931712806763
9.192712709774211,66.37083125,406.75198932676966
5.723523971724342,25.72864375,98.17233950872043
2.955860787557741,6.862112499999999,13.522299505706545
2.798731509003021,6.15194375,11.4784258764928
6.3317054215334485,31.487,132.91093907188244
8.743242626852496,60.03920625,349.95823157825913
15.084635671300472,178.71439375,1797.2276792907253
10.061778687546836,79.51323124999999,533.363023712822
5.788818826744656,26.319025,101.57071161437553
2.233724105932787,3.9187624999999997,5.8356228411169555
2.3824053392039657,4.45780625,7.080200940757871
5.122891903390928,20.61200625,70.39538662051213
6.227615502141991,30.46025,126.4631500660804
7.136538279897552,40.000468749999996,190.3099176321472
8.908643297441767,62.332281249999994,370.19737304804505
6.508185458546894,33.2667,144.3372354625613
8.013123898159165,50.4305375,269.40409682550785
5.305704357424221,22.10935,78.20378308987813
6.1545901493587785,29.750081249999997,122.06637133591556
10.18606599034159,81.48972499999999,553.3731442565256
6.467886709105109,32.856,141.6725904762383
2.2891240608761145,4.11555625,6.280679223842714
2.1844084472306053,3.7476374999999997,5.457580674772125
2.128842134948089,3.5593999999999997,5.051600463422816
2.4875450800810937,4.8599499999999995,8.059563141293408
3.194968550048326,8.01720625,17.07648121866725
7.431915646926168,43.3801875,214.9319294985606
3.2119722281402594,8.10276875,17.35057879736184
7.075983345650732,39.324525,185.50645598375053
7.358257578908336,42.524562499999995,208.60445620359081
13.357562823632827,140.1342625,1247.9014767248025
5.525967685442667,23.983168749999997,88.35347700467894
7.614374397046373,45.536362499999996,231.153941836415
3.678388447603539,10.6268625,26.059818836180842
7.0304185588414825,38.819706249999996,181.94585551251643
4.992577349968337,19.5767,65.15879267141676
2.4633401736330716,4.76583125,7.826575719253945
3.310516695286112,8.6075875,18.9970414165907
3.16413167084026,7.86319375,16.58678691888546
3.0997815187191318,7.546612499999999,15.595233304289852
3.802176326672343,11.354143749999999,28.780304383923163
5.7339831155405605,25.8227625,98.71152278107597
3.605097493076408,10.20760625,24.532943801457378
6.496457479340281,33.1469125,143.55833841844188
6.132424154461113,29.536175,120.75223533359363
6.639928368870333,34.62714375,153.28116941238403
6.141300152961464,29.6217375,121.27732069315624
2.8488850646712613,6.37440625,12.106633841181429
2.1693951528489643,3.6963,5.345823535650418
2.785074320104196,6.0920499999999995,11.311208007860511
13.853997179408248,150.7440125,1392.2714159917878
2.5438413035518352,5.082412499999999,8.619233892792094
6.438343189587371,32.55653125,139.74008083335056
9.00352229487871,63.667056249999995,382.15184026411464
6.253800406005811,30.7169375,128.0650641391701
6.4374970967800405,32.547975,139.6849963790462
2.452258965069026,4.72305,7.721427803312842
2.2165884350602267,3.8588687499999996,5.702349229110207
7.184463128117885,40.5395125,194.16975519208268
9.133862574772785,65.5237625,398.9900280380336
11.810997659752042,109.56278125,862.6971686264498
3.267456616016107,8.385125,18.265354771581368
2.0076946147800685,3.1658125,4.237323138435617
6.863405125407096,36.997225,169.2846291272264
2.1262818909250245,3.55084375,5.033396508752869
2.582096702883109,5.236425,9.013970484929787
7.675649474923565,46.2722,236.77945842237216
2.8142585713333896,6.2203937499999995,11.670530952004095
7.534550162984535,44.58661875,223.96007704649458
3.16413167084026,7.86319375,16.58678691888546
2.642565780226557,5.48455625,9.662200443985126
2.4254575159144154,4.620375,7.471015513395376
11.250742058862823,99.41506874999999,745.6621968469092
7.4260498878063625,43.3117375,214.4234156017158
2.9577030194521066,6.87066875,13.547598471686815
5.942966707019622,27.7393625,109.90273854096571
2.191876532083033,3.7733062499999996,5.51374761182482
2.0479868173492943,3.29415625,4.4975923828591915
2.2067368821461666,3.82464375,5.626654949463213
6.535746713730908,33.54905625,146.17875608980722
2.2867432759772823,4.107,6.261103089625798
7.906368717301621,49.0957625,258.7794671880467
6.676742151467874,35.012175,155.84484309137983
10.392529102336125,84.8266625,587.7090391235296
5.833810323441798,26.729725,103.95743043184021
9.389696658124981,69.24573124999999,433.46427420503034
2.1134341485843597,3.5080625,4.9427060552454805
12.088147603263682,114.76498124999999,924.8640220238593
2.0585982190449528,3.32838125,4.567866475701742
5.874749845525362,27.106199999999998,106.1614295085197
6.293739006939507,31.110525,130.53434981257777
2.4853543750501683,4.85139375,8.038288454435692
7.576365038598615,45.08288125,227.70957689452865
8.526874935981466,57.104412499999995,324.61478912013115
6.083374675146425,29.065581249999997,117.87788059644046
2.315151113962757,4.209675,6.497355843780778
6.9234590892426775,37.6475,173.76728404150916
2.409685678781207,4.56048125,7.326217570983477
2.3175027154973598,4.21823125,6.517174917647214
2.338560719551536,4.2952375,6.696449132429825
6.083374675146425,29.065581249999997,117.87788059644046
2.8981708307012584,6.59686875,12.745901723476447
3.8759567752425834,11.79906875,30.488453642077026
2.582096702883109,5.236425,9.013970484929787
10.061237309661127,79.50467499999999,533.2769349349882
9.497558132300174,70.84575,448.5744193676034
6.147505726694931,29.68163125,121.64533205801476
5.489374745263334,23.6665875,86.60984515270994
3.0839257547971104,7.46960625,15.357140728378976
10.936495651171592,93.93906874999999,684.9094779063226
2.2555644047814263,3.99576875,6.008475841491981
5.845935931568736,26.840956249999998,104.6070070530263
5.629484823778145,24.89013125,93.4124107558141
7.124315554968692,39.86356875,189.33376194812587
3.289057123805811,8.49635625,18.630000700303018
2.279586002471368,4.08133125,6.202497059299313
3.034066857729242,7.23003125,14.624265463981143
4.328735158216682,14.71675,42.46994209312357
2.575760259705065,5.21075625,8.947772581173192
2.4544792090413092,4.73160625,7.742419443996611
2.1943602456640945,3.7818625,5.532512483045218
7.416508134565657,43.20050625,213.59793734698636
6.041144106296819,28.663437499999997,115.43997101288817
6.181965604731067,30.015324999999997,123.70247117654966
2.2676070125553482,4.03855,6.105229533703601
6.106610802272693,29.28804375,119.23378956079016
6.3480298129667165,31.64956875,133.94160399502653
6.420551826280873,32.37685,138.5848289311479
6.963468080561847,38.08386875,176.7972029499545
6.523233306284911,33.4207125,145.34073659984827
2.164367579108341,3.6791875,5.308742761640446
6.7206525109797495,35.4742125,158.9399035421028
2.199319258193377,3.798975,5.570105919263456
7.235835337913721,41.121337499999996,198.36481801651772
3.062657047539806,7.3669312499999995,15.041589274369151
10.003140583080423,78.58915625,524.0922521829488
6.47798489903104,32.958675,142.3371992947146
4.821631320808577,18.259037499999998,58.69223139854555
5.128205556829945,20.654787499999998,70.61466402176112
5.528924066047615,24.0088375,88.49535963438429
2.837389852765942,6.32306875,11.960674073060948
6.857847389996507,36.93733125,168.87372047083258
2.4411274551911886,4.68026875,7.616755028865561
2.2603891469891355,4.0128812499999995,6.047115483770798
8.295684572942871,54.04983125,298.9202341805269
4.748779066150087,17.7114375,56.071802420950426
5.1599725686035125,20.911475,71.93509157935873
8.427923597912736,55.78675,313.4443111839056
2.2361613397248123,3.92731875,5.854745571684249
3.3022795173175266,8.56480625,18.85558949944542
2.6405036919061016,5.476,9.639598811251876
2.5630403782125755,5.1594187499999995,8.815865722904702
5.992256477896638,28.2014,112.66001455716952
2.1769147426503643,3.72196875,5.401605762372631
6.943884634168232,37.8699625,175.3097671335181
5.9512100184277985,27.81636875,110.36070158752126
6.652222266397045,34.7554875,154.1341518846561
3.4570057813865946,9.386206249999999,21.632112847691328
9.179667506813209,66.18259375,405.02280357566264
2.100507824581783,3.46528125,4.852566920001027
2.507175288671978,4.93695625,8.251876474169784
3.2641207737824516,8.368012499999999,18.209468957680816
7.411365179175566,43.140612499999996,213.1538888605374
2.494105649927359,4.88561875,8.123499551844024
5.4254962094943835,23.1189875,83.62131936573203
7.034291427839477,38.8624875,182.2467084571792
14.19807944527227,158.32485,1498.6058656405437
7.74699326211228,47.13638125,243.4434852960704
2.2385959200209644,3.935875,5.873889144475008
14.877018193941655,173.82877499999998,1724.0358988703936
2.2017945760935342,3.80753125,5.58893443637109
2.2555644047814263,3.99576875,6.008475841491981
2.4411274551911886,4.68026875,7.616755028865561
2.1844084472306053,3.7476374999999997,5.457580674772125
2.2141296562279513,3.8503125,5.683394061330122
6.419703388639075,32.36829375,138.52989671422668
14.13733296308854,156.9729625,1479.4526913766074
3.103294020150519,7.563725,15.64830837504199
6.220614245850816,30.3918,126.03710935803251
2.755580996937714,5.9637062499999995,10.95565040921245
4.031634970470818,12.765925,34.31169977360511
3.00520468579043,7.09313125,14.210874179617692
3.5271980361186337,9.7712375,22.976726480299156
6.4569291815620975,32.74476875,140.95376859025174
4.303494504805182,14.545625,41.73134483763792
8.052454013952435,50.9268,273.3904767185019
5.423487882122411,23.101875,83.52849274453779
2.305720723995956,4.17545,6.41828106467261
8.251574037206566,53.4765625,294.17720981603617
3.4617295446213387,9.411875,21.720910505188645
8.10571736241372,51.602743749999995,278.85150397504066
2.5136846253441054,4.962625,8.316316109232192
5.167356771089375,20.97136875,72.24436287288306
7.007136393482258,38.56301875,180.14422141710915
2.1390524675540097,3.593625,5.124634949142516
3.254092729273447,8.316675,18.042154432820162
2.171904575495715,3.7048562499999997,5.364396160619264
5.85245469926841,26.90085,104.95733733120971
7.179153943766839,40.47961875,193.7396097274937
5.1058510515049385,20.47510625,69.69522851749188
9.360646106913316,68.81791875,429.45345548870955
6.588870243125246,34.096656249999995,149.77229583713026
2.0479868173492943,3.29415625,4.4975923828591915
2.1668828240931584,3.6877437499999997,5.327272394354595
2.151747252402591,3.63640625,5.21641810470474
2.7177633578820064,5.801137499999999,10.510745954356816
6.9572073752452255,38.015418749999995,176.32076780035703
4.4686673272414845,15.683606249999999,46.72321254846356
5.204120622606246,21.2708375,73.79733606257084
6.224990953805099,30.434581249999997,126.30332864273082
7.968132800151067,49.865825,264.89167719272865
2.226396396390658,3.89309375,5.778379930540662
6.29200781752237,31.0934125,130.42666301563182
6.277273430896071,30.947956249999997,129.51252233910597
8.73701036244459,59.95364375,349.2104044733742
4.295893389943535,14.494287499999999,41.51060924212745
2.405160443466083,4.54336875,7.285020531719961
2.3478592083955885,4.3294625,6.776645598685589
8.375408619764679,55.09369375,307.6214650189503
8.293057693658222,54.01560625,298.63635932611714
2.594723167925177,5.2877624999999995,9.146853243490636
8.439549216494791,55.9407625,314.7432122179974
10.065026343348514,79.56456874999999,533.8796536439424
2.65079809231917,5.51878125,9.752783206284535
2.5158506616144725,4.97118125,8.337833091211975
10.204231556499067,81.7806375,556.3390412587406
2.4028946300159157,4.5348125,7.264451069586032
2.199319258193377,3.798975,5.570105919263456
2.877422188266188,6.50275,12.474104756498635
3.565596707756663,9.985143749999999,23.735330454318007
2.767416044943746,6.015043749999999,11.097419056525732
9.871586707300752,76.53565625,503.68557791469306
3.032271020426169,7.221475,14.598312911488046
2.097913002313169,3.456725,4.834605548613991
6.659587711280661,34.83249375,154.64669822050692
7.958556536136332,49.7460375,263.93776792833876
2.2141296562279513,3.8503125,5.683394061330122
7.862845189566137,48.556718749999995,254.52930829636887
4.478408303001489,15.752056249999999,47.029426332897664
7.118196322098158,39.79511875,188.84631194913965
2.3245432462962605,4.2439,6.576752721971133
3.0358616327207075,7.2385874999999995,14.650233377561134
6.7117311074667905,35.38009375,158.30778387131096
2.029283349622228,3.2342625,4.375490026371708
5.7794015131609395,26.233462499999998,101.07580857863381
6.057352302650747,28.817449999999997,116.37163140934847
6.213605100812651,30.323349999999998,125.61154815581818
4.199718839239425,13.85256875,38.784595967489565
6.701172317798361,35.2688625,157.56181671015776
2.4455861391898446,4.697381249999999,7.658566983660178
7.424582723929985,43.294624999999996,214.29634987601816
2.3127971213723777,4.20111875,6.477556901029015
2.0927137055902736,3.4396125,4.798749480446416
7.834390473102747,48.2059125,251.77596109148308
5.140935917063858,20.7574625,71.14185634223743
2.161849407715686,3.67063125,5.290234662503457
10.648303814932008,89.05345,632.1787942452378
2.5438413035518352,5.082412499999999,8.619233892792094
8.298310620673398,54.084056249999996,299.2041989256482
5.414441190449562,23.02486875,83.1111985097966
10.84898427750419,92.44172499999999,668.5992140735774
7.816292345659957,47.98345,250.03511530223815
2.2891240608761145,4.11555625,6.280679223842714
10.20903467823198,81.85764375,557.1250158147395
2.305720723995956,4.17545,6.41828106467261
2.343214576332837,4.3123499999999995,6.73650758549927
6.071723265441415,28.954349999999998,117.20186702048908
5.266547332542834,21.7842125,76.4850574889475
2.972399770911247,6.93911875,13.750556655217297
3.0142538019831635,7.1359125,14.33963425582945
6.880051394314712,37.17690625,170.5193504544132
7.770161629362428,47.4187375,245.63416975687275
3.0821589681984745,7.461049999999999,15.330761446451483
6.679189189171974,35.03784375,156.01625812459787
8.833732981406445,61.28841875,360.9370173934161
2.8546153119590207,6.400074999999999,12.179834728457422
2.3983565813385725,4.5177,7.223370351675513
2.3292251105487503,4.2610125,6.616571540908072
6.323096708617516,31.4014375,132.36955073473908
2.097913002313169,3.456725,4.834605548613991
8.512169558297826,56.90761875,322.9381999726457
3.997715177292803,12.55201875,33.45293057502589
2.1339534079355196,3.5765124999999998,5.088074025265988
2.7456794881069135,5.9209249999999995,10.837974882079617
2.2652036128206112,4.02999375,6.085837601429653
5.285131560453114,21.938225,77.29760355188101
3.215362173387873,8.119881249999999,17.405572682434293
6.395901440311137,32.12871875,136.9947456856509
5.870112006446476,27.06341875,105.91019955990913
4.384995448508472,15.10178125,44.14749469708039
4.460126521812254,15.6237125,46.45582299361308
3.312161672627518,8.616143749999999,19.025374063066085
2.015817485235409,3.19148125,4.288962471700639
2.1943602456640945,3.7818625,5.532512483045218
2.60101341513872,5.31343125,9.213537307778198
3.8207550098400596,11.465375,29.204259313963306
2.257978064546162,4.004325,6.0277853422092065
3.982698949752063,12.457899999999999,33.07737683074415
2.611463491034249,5.3562125,9.325035595980852
4.109250731543692,13.2621875,36.33176912416307
2.634307741970522,5.45033125,9.571899872119248
5.08125470484381,20.2783125,68.69284719794535
2.2141296562279513,3.8503125,5.683394061330122
2.34553804202646,4.32090625,6.756566656936595
4.733843955285701,17.60020625,55.544419978896066
2.0399920432375636,3.2684875,4.445125662280955
5.667095504707805,25.223824999999998,95.29721684602421
4.928891108134539,19.0804375,62.69693248871119
7.616520197961747,45.56203125,231.34942085052614
5.6091284624441435,24.710449999999998,92.40272560986858
6.67592627291024,35.00361875,155.78771870670562
4.592503210078736,16.564899999999998,50.71623761642217
2.2165884350602267,3.8588687499999996,5.702349229110207
10.496832489557569,86.53791249999999,605.5826476723267
4.817110334047135,18.2248125,58.52728841988093
8.340868017642562,54.6402125,303.8312006122955
2.3960843339489126,4.50914375,7.202859132599101
4.901184924024161,18.866531249999998,61.64557235408713
6.078896006590314,29.0228,117.61772201337953
4.4035891521870685,15.230125,44.71147549096872
7.686286957934501,46.40054375,237.7652628444628
7.922886218698148,49.301112499999995,260.4047365284913
4.434405407450431,15.44403125,45.65673045855561
4.409769631231638,15.27290625,44.89999877459858
6.546572319325181,33.660287499999995,146.90633760535155
3.300629614882627,8.55625,18.82734142822632
7.610796717763662,45.49358125,230.828265904543
4.45768328606506,15.606599999999998,46.37951998153531
5.893264703421447,27.277324999999998,107.16833108417026
5.460522371911897,23.41845625,85.25133617917666
5.8076076422194856,26.49015,102.56293172236035
11.671354883063984,106.98734999999999,832.4582198990502
6.444262728806809,32.616425,140.12587464961507
2.257978064546162,4.004325,6.0277853422092065
2.883095717642843,6.528418749999999,12.548037427402825
4.780788531511848,17.9510125,57.21332979268387
7.195069744015717,40.659299999999995,195.03099949523877
4.776228884760094,17.916787499999998,57.04978531973906
3.2085787013310147,8.08565625,17.295642953355998
2.154277232409223,3.6449624999999997,5.234839817823602
6.874507116690574,37.1170125,170.10744438769532
4.632654426313414,16.8558125,52.058102924822656
7.13959069161963,40.034693749999995,190.55421789289505
7.946227238979188,49.592025,262.71299992742456
5.324151907466004,22.2633625,79.02234928065472
3.174443914379685,7.91453125,16.74949037448689
5.302623526220436,22.083681249999998,78.06763182786874
2.296251605039368,4.1412249999999995,6.339529702052771
4.418407777866967,15.332799999999999,45.16437518431909
4.619702514149609,16.76169375,51.62269250552052
2.550257054733938,5.10808125,8.684613495977766
4.176307402871467,13.69855625,38.139587917017465
6.26076455115472,30.7853875,128.49337516904106
8.951341592793726,62.93121875,375.5458905880502
2.6773782983271666,5.630012499999999,10.049115524540449
8.298310620673398,54.084056249999996,299.2041989256482
4.213961798956368,13.9466875,39.1805388979882
6.82839564303799,36.62075,166.70731316318899
5.486397053291985,23.640918749999997,86.46897797807684
12.288364183290156,118.59818125,971.5850951172363
5.279975836310652,21.89544375,77.07160928353275
2.0532993731421074,3.31126875,4.532684032453365
6.954858157763007,37.98975,176.1422151325848
5.449538407952483,23.3243375,84.73791536419758
2.1844084472306053,3.7476374999999997,5.457580674772125
4.424567557489489,15.37558125,45.35353198419578
4.670128480137325,17.1296125,53.33166079331089
11.955388944441745,112.258,894.7253680834277
2.3175027154973598,4.21823125,6.517174917647214
2.584205397969454,5.2449812499999995,9.036072572332381
2.100507824581783,3.46528125,4.852566920001027
2.090109207125488,3.4310562499999997,4.780854838860301
4.7395937982350524,17.6429875,55.74706275822571
4.841923522649422,18.41305,59.43638661247995
2.409685678781207,4.56048125,7.326217570983477
3.5472172208802597,9.88246875,23.370175556540676
3.522562067364496,9.74556875,22.886247202428553
8.227775184139054,53.1685375,291.6391822796445
2.3292251105487503,4.2610125,6.616571540908072
2.970566653394364,6.9305625,13.725131901176988
2.3033570937242436,4.16689375,6.398562851905141
4.857647741566977,18.5328375,60.01733081780184
4.903407179828227,18.883643749999997,61.72946289671227
7.903612444351451,49.0615375,258.5089188826769
4.193228773795838,13.809787499999999,38.60506553667073
2.2017945760935342,3.80753125,5.58893443637109
4.7853438336710745,17.9852375,57.37703024515651
5.40033843595676,22.90508125,82.46346043539164
5.711138470462161,25.6174125,97.53639336163216
10.549113804256262,87.40209374999999,614.6764224660167
2.420961761324711,4.6032625,7.429548326559994
2.0691552022198847,3.36260625,4.638502810136398
8.32452553551051,54.426306249999996,302.0487841210935
4.565141854304943,16.36810625,49.81515127839021
4.3123455385521785,14.60551875,41.98936241320178
5.358824015848222,22.554275,80.57626035336342
4.632654426313414,16.8558125,52.058102924822656
2.2017945760935342,3.80753125,5.58893443637109
2.0479868173492943,3.29415625,4.4975923828591915
5.2882225821973,21.96389375,77.43330594782142
2.0022610605282236,3.1487,4.203012934190144
8.164639592446418,52.35569375,284.9769133874996
2.171904575495715,3.7048562499999997,5.364396160619264
4.581816051730114,16.487893749999998,50.362997495313735
4.752218964512179,17.73710625,56.19374179787831
6.083374675146425,29.065581249999997,117.87788059644046
10.80521486571088,91.69733124999999,660.5395778456764
2.253148159412148,3.9872124999999996,5.989187003706738
4.505087386188503,15.940293749999999,47.874944203509614
5.103716944389139,20.45799375,69.60787290005474
5.974960145110263,28.038831249999998,111.6872661561481
3.1778738925972974,7.931643749999999,16.803842399005013
3.1050487808336613,7.57228125,15.674868442294724
9.617810424506725,72.65111875,465.8297915105506
10.006407270344257,78.64049374999999,524.6058722689745
7.8329997940338165,48.1888,251.64190698315784
2.4478124356355675,4.7059375,7.679501555882501
4.880023022306714,18.7039625,60.850511738907635
8.139248230154138,52.03055625,282.3264085811651
2.0479868173492943,3.29415625,4.4975923828591915
2.1056878764049,3.48239375,4.888556200162131
5.7092306239180415,25.600299999999997,97.43867782765938
8.11109161618659,51.67119375,279.4065242826519
4.269182913018968,14.314606249999999,40.741114939396354
2.4544792090413092,4.73160625,7.742419443996611
4.93220539144627,19.10610625,62.823493503863524
6.914799349656937,37.55338125,173.1160641632793
4.789894803633201,18.0194625,57.540886528675564
4.9344136769347715,19.12321875,62.90791476467698
5.270682823822034,21.818437499999998,76.66537584925636
4.937724253407115,19.1488875,63.03461748967623
2.769383635697071,6.0236,11.121106178656586
5.308783400738279,22.13501875,78.34001341002036
8.32256228116093,54.400637499999995,301.835129152406
7.875305027773011,48.710731249999995,255.7412444797499
7.664997229228123,46.14385625,235.7950202014339
5.849661831202295,26.875181249999997,104.80714797651238
5.375062913725373,22.691174999999998,81.31099547423487
4.563948509139003,16.35955,49.77609588845664
6.169617537263796,29.8955375,122.96268829728497
5.186296444005755,21.12538125,73.0416597700939
4.647914700137211,16.96704375,52.57424804233079
7.7068111251994855,46.648675,239.67501831054335
4.534012802993186,16.145643749999998,48.80303698337795
9.144590769423116,65.677775,400.3975833474989
8.033491101811762,50.687225,271.4635806753538
2.2385959200209644,3.935875,5.873889144475008
2.8981708307012584,6.59686875,12.745901723476447
4.9783736871900786,19.46546875,64.60425162254717
4.906738676428053,18.9093125,61.85536999227629
3.7661905053703255,11.1402375,27.970837800046965
5.4615198186956135,23.4270125,85.29806204105324
4.163244163477877,13.61299375,37.782811184765535
7.014905701106034,38.64858125,180.7441019668565
5.553499367469714,24.22274375,89.68066139600397
8.852212325878046,61.545106249999996,363.2068987624826
9.95182249010373,77.78486875,516.067470810678
5.014350577343956,19.747825,66.01501179335827
6.084270013244606,29.0741375,117.929935301467
8.030778459120274,50.653,271.18868085987947
4.888944461239121,18.772412499999998,61.1848547439807
2.3571210163813228,4.3636875,6.857159676780315
5.031701323228945,19.884725,66.7026647296958
4.389961469860365,15.13600625,44.29765616337712
4.523187448582511,16.068637499999998,48.454306303881495
11.488372303288505,103.65896875,793.9152170499657
2.2627976603490003,4.0214375,6.06646624415982
4.381267238582474,15.076112499999999,44.034985187622475
7.250124274703099,41.28390625,199.54230057179464
8.263447760885587,53.630575,295.44896993250444
4.384995448508472,15.10178125,44.14749469708039
4.2474371208158255,14.16915,40.12171578693837
6.287677758639465,31.05063125,130.157575668227
5.479442812493665,23.581025,86.14058529832226
4.442995657054833,15.503924999999999,45.922580961535886
5.147289290343515,20.808799999999998,71.40594225660007
3.110307122925408,7.59795,15.754638669754064
5.31698546573069,22.20346875,78.7036804217037
4.462568419899279,15.640825,46.53216780411408
5.069449049067987,20.18419375,68.21516120809433
4.986026841111971,19.5253625,64.90265433829408
8.906197211921347,62.298056249999995,369.89251658791284
4.737294698512948,17.625875,55.665976129434604
5.075891901550324,20.235531249999998,68.475579463629
4.982748357355115,19.49969375,64.77471133449353
5.059769387867846,20.1071875,67.82515452574599
7.853140536951976,48.43693125,253.58801885662058
9.81070165562823,75.59446874999999,494.42318648130777
4.507504927219053,15.95740625,47.95205819834072
4.95094442232394,19.2515625,63.54227732026382
5.308783400738279,22.13501875,78.34001341002036
2.0638834606547753,3.3454937499999997,4.60313947889928
6.517385493987775,33.36081875,144.95021079253686
4.8261480724508266,18.2932625,58.85732903547467
4.911177156463965,18.943537499999998,62.0233790884123
7.47940440901397,43.93634375,219.07845543980224
7.026543555207606,38.776925,181.6451682996791
4.646742612185116,16.9584875,52.53448433630576
4.659619364100247,17.05260625,52.97243619391792
6.9767534253786385,38.229324999999996,177.81104942910875
7.202636335384205,40.744862499999996,195.64695141515557
7.912566820989093,49.172768749999996,259.38854567161286
11.715607948912098,107.80019374999999,841.9632045278427
4.736144730126418,17.61731875,55.62544757117988
7.433381363466782,43.3973,215.05912069651794
4.490554808366008,15.837618749999999,47.41313002058676
8.533898985122216,57.198531249999995,325.41765852323755
4.188029480074225,13.7755625,38.46164123640334
4.53160940351183,16.128531249999998,48.725469251556255
4.358831014216148,14.922099999999999,43.36194151815651
9.059612034124836,64.46278749999999,389.33856359215474
6.151934446905313,29.7244125,121.9084247818486
4.435633604512468,15.4525875,45.694677594446205
5.822595041700944,26.62705,103.35901953674873
4.520778293978271,16.051524999999998,48.37692387016639
4.888944461239121,18.772412499999998,61.1848547439807
2.411945112637907,4.569037499999999,7.346845111722878
4.483270854165654,15.78628125,47.18278308252448
5.496316419650289,23.72648125,86.9388323165998
5.984979903897514,28.132949999999997,112.25009359156905
4.7659537300444805,17.839781249999998,56.6823813277434
2.1869006425046074,3.75619375,5.476281683497861
4.95094442232394,19.2515625,63.54227732026382
4.425798484640161,15.3841375,45.39139495666392
4.701514886615275,17.36063125,54.414177508608894
2.5331122751238446,5.039631249999999,8.510634520981817
5.911721575115482,27.448449999999998,108.17839604565236
5.14623093949644,20.80024375,71.36190529021162
5.107984266994502,20.49221875,69.78262064720647
4.4147077846615606,15.30713125,45.051007660140826
2.031965813912392,3.2428187499999996,4.392864560476078
5.586748296061339,24.51365625,91.30108485661393
6.624323345255036,34.464574999999996,152.20299250452868
5.711138470462161,25.6174125,97.53639336163216
5.890491184700063,27.25165625,107.01709393940091
6.07620722090481,28.99713125,117.46171885784965
2.767416044943746,6.015043749999999,11.097419056525732
9.330337584162223,68.37299374999999,425.2954088848758
7.577802815447805,45.099993749999996,227.83923974361898
5.303650668801735,22.0922375,78.11300679480118
2.681444175078526,5.647125,10.094966958126879
7.045897262208381,38.99083125,183.15026077040267
7.045124134728992,38.982275,183.08997761942842
2.116009937655572,3.5166187499999997,4.960800147963944
4.746484415585498,17.694325,55.990558571203245
7.023442012988431,38.7427,181.40473791773786
2.2434571546708417,3.9529875,5.9122387261329346
5.915406038904213,27.482675,108.38078777349452
7.490320597370797,44.0646875,220.03909093197163
5.228138965185638,21.46763125,74.82383961890788
4.78306672488943,17.968125,57.295160530769266
8.325834114554278,54.44341875,302.1912487611426
6.005876291992187,28.32974375,113.42995756422586
5.523009722333708,23.9575,88.21167028187318
5.001298015740912,19.645149999999997,65.50083314262172
5.845935931568736,26.840956249999998,104.6070070530263
4.54121536957167,16.19698125,49.03598679544277
3.716690681733391,10.849325,26.882390087064742
6.640748670111201,34.6357,153.3379858089137
7.675649474923565,46.2722,236.77945842237216
4.632654426313414,16.8558125,52.058102924822656
7.169283598951337,40.3683875,192.94161227990807
4.59606007381838,16.59056875,50.83416708920927
4.696878283035071,17.326406249999998,54.2533474924454
7.326356932051048,42.15664375,205.903079446546
4.800118710257498,18.09646875,57.91013215764341
2.2771952456495144,4.072775,6.1830025777334665
5.027369250688211,19.8505,66.53052887385753
8.458245769509327,56.18889375,316.8396485695644
2.338560719551536,4.2952375,6.696449132429825
7.163202780555322,40.2999375,192.45108290413702
6.621033390572224,34.43035,151.9763313327256
8.306183782425997,54.18673125,300.05663222095075
4.371309800167333,15.007662499999999,43.73542810923585
2.5905211843292046,5.27065,9.102486986789815
4.768239011273887,17.856893749999998,56.76395826594857
5.9502946588871355,27.807812499999997,110.30978546272328
2.3245432462962605,4.2439,6.576752721971133
6.532412148863987,33.51483125,145.9551272164176
4.841923522649422,18.41305,59.43638661247995
5.573081583969439,24.39386875,90.63268046159507
2.1056878764049,3.48239375,4.888556200162131
3.953873246755482,12.278218749999999,32.364347088957686
4.3375346870040925,14.77664375,42.72946988208482
3.2406737330180566,8.248225,17.81987073434857
4.843048374220562,18.42160625,59.477820133062544
4.763667352493834,17.82266875,56.6008435057914
4.689914782863185,17.27506875,54.01240020373521
5.1483474236243705,20.81735625,71.44998827757212
4.9333096577517095,19.114662499999998,62.86569941060962
4.34380915099143,14.819424999999999,42.91516928495411
7.689829515599627,46.443324999999994,238.09416759172396
7.2538798430848255,41.3266875,199.85255029181036
5.351704003572057,22.49438125,80.25551346233414
5.329264894246401,22.30614375,79.25023254192584
2.2410278554692598,3.9444312499999996,5.893053536822288
6.9037621529171345,37.43359375,172.28841851928357
4.724629651746033,17.53175625,55.22070361728922
7.594317684589275,45.2967875,229.33212957755492
4.5936891373315785,16.57345625,50.755537295776776
4.563948509139003,16.35955,49.77609588845664
8.528791159445332,57.130081249999996,324.83368793559555
4.391202097685008,15.1445625,44.33522307901447
4.874438831185633,18.66118125,60.64185768052883
9.995514161007707,78.46936875,522.894457697307
4.704989340756146,17.3863,54.53490411679238
6.657133468443942,34.806824999999996,154.47578642518084
7.011022123495028,38.605799999999995,180.44407859681618
6.906128751450768,37.4592625,172.46565983959434
3.548752480515387,9.891024999999999,23.400533002393132
3.541069526102377,9.84824375,23.248877219168797
3.064435077905858,7.375487499999999,15.067801741104113
5.411422265659275,22.9992,82.97225531490054
4.73154206166295,17.58309375,55.463431768191946
7.1517873107032415,40.17159375,191.53246295465038
5.00565265132056,19.679375,65.67207709672104
2.825847880097457,6.271731249999999,11.81530563823565
5.6217387109604555,24.821681249999997,93.02733756949753
9.128493749362113,65.44675624999999,398.28687022943376
6.003154801198275,28.304074999999997,113.27582915315071
7.976331875686905,49.9685,265.7102262201741
4.295893389943535,14.494287499999999,41.51060924212745
11.096204282057174,96.7027375,715.3555532894339
4.736144730126418,17.61731875,55.62544757117988
6.366879450336429,31.83780625,135.13831623794513
4.436861461589139,15.46114375,45.732635237643194
4.729239047624512,17.56598125,55.38248295822668
2.9000497098812397,6.605424999999999,12.770707236594857
4.653770711909299,17.009825,52.77321693313505
2.077037726772803,3.3882749999999997,4.691716669120746
5.249972791571381,21.647312499999998,75.76520109042872
8.047040598877425,50.858349999999994,272.8394714946117
3.525653390528415,9.76268125,22.94655349980712
2.423210681234937,4.611818749999999,7.450272303279704
7.679196939860807,46.314981249999995,237.10790818980703
6.18636965573115,30.058106249999998,123.96703760916186
4.668961968696587,17.12105625,53.29170699677667
5.678617906650799,25.3265,95.87967760852766
6.168734586627823,29.886981249999998,122.90990328451483
7.80443626300411,47.837993749999995,248.8990487812426
8.492308976816515,56.642374999999994,320.6830331204716
6.174030396376923,29.938318749999997,123.22672665261412
4.861010599527085,18.55850625,60.142063728426436
9.398973870868971,69.38263125,434.75035880725784
5.341516094078794,22.40881875,79.79804400161308
7.28385468087454,41.6689375,202.34032363762904
2.272406186204278,4.0556624999999995,6.144075036104471
4.472322679449625,15.709275,46.83796457347399
4.65611105438155,17.0269375,52.85287461067583
5.08446967176138,20.30398125,68.82331792109113
6.515713726487145,33.34370625,144.8386963367201
2.071786042700417,3.3711625,4.656218276783363
4.425798484640161,15.3841375,45.39139495666392
4.657280784598316,17.03549375,52.89271846534647
5.083398242043076,20.295424999999998,68.77981851101138
5.222926982068498,21.42485,74.60028476784682
5.586748296061339,24.51365625,91.30108485661393
2.3268853559546496,4.25245625,6.596652116641882
2.1365044589455597,3.58506875,5.106343580000922
8.3002796112387,54.109725,299.4172314581553
4.524391544823348,16.07719375,48.49301297799117
7.367135431619108,42.6272375,209.3604211588618
4.651429191906022,16.9927125,52.69359931477757
9.227606523897087,66.87565,411.4014561532388
11.820217799844512,109.73390624999999,864.7191146018124
2.189390000900183,3.76475,5.495004003925975
3.482125136495612,9.52310625,22.10709843376231
4.687591317383519,17.25795625,53.932163915523084
3.81504812837261,11.431149999999999,29.07359160843103
2.191876532083033,3.7733062499999996,5.51374761182482
2.1365044589455597,3.58506875,5.106343580000922
7.065968884860462,39.21329375,184.71994234026212
12.324658822103302,119.29979374999999,980.2195036773609
5.9071127636445775,27.40566875,107.92558377956021
6.790799785937745,36.21860625,163.96886904630898
4.7223232666187265,17.514643749999998,55.1398731247755
6.2677209583574065,30.853837499999997,128.92216262966912
2.2017945760935342,3.80753125,5.58893443637109
4.743040358233534,17.668656249999998,55.868766446336785
7.864923200047617,48.582387499999996,254.7311643749688
2.015817485235409,3.19148125,4.288962471700639
5.4615198186956135,23.4270125,85.29806204105324
7.731509113647282,46.94814375,241.98666751463176
2.191876532083033,3.7733062499999996,5.51374761182482
4.447896922369792,15.53815,46.074726376213455
9.40187112252401,69.4254125,435.1525206353784
4.361329627785757,14.9392125,43.43655339469154
9.20100457267625,66.49061875,407.8536581058821
2.2042671142966195,3.8160874999999996,5.607784121018934
5.874749845525362,27.106199999999998,106.1614295085197
7.956502980035539,49.72036875,263.7335080852273
6.335145631198594,31.521224999999998,133.12770056585188
4.916719622008833,18.98631875,62.233603965226145
6.438343189587371,32.55653125,139.74008083335056
4.78306672488943,17.968125,57.295160530769266
2.6031067864354367,5.3219875,9.235801185716376
4.328735158216682,14.71675,42.46994209312357
2.755580996937714,5.9637062499999995,10.95565040921245
2.9094259054073643,6.648206249999999,12.894975658827429
2.8239196315753485,6.2631749999999995,11.791135225661286
3.6291919800776657,10.34450625,25.028132746908863
2.0239077551471385,3.2171499999999997,4.340809889647745
4.505087386188503,15.940293749999999,47.874944203509614
2.5459816836558233,5.09096875,8.641008793042786
2.300991035479094,4.1583375,6.37886487333103
2.8181269698210425,6.23750625,11.718723058368205
4.561560882237883,16.3424375,49.69801574694497
2.423210681234937,4.611818749999999,7.450272303279704
2.116009937655572,3.5166187499999997,4.960800147963944
4.097303280451742,13.18518125,36.015790925983865
3.059097886491369,7.34981875,14.989210002813088
3.576274454421478,10.0450375,23.949207336637198
2.4633401736330716,4.76583125,7.826575719253945
2.4455861391898446,4.697381249999999,7.658566983660178
2.5201771491812353,4.9882937499999995,8.380922614769048
3.6336919098657727,10.370175,25.121347334261525
3.553354279484109,9.91669375,23.491684116597202
3.00520468579043,7.09313125,14.210874179617692
4.047815510294277,12.868599999999999,34.72647911718196
2.5523920547350993,5.1166374999999995,8.706443267973109
3.217055806464697,8.1284375,17.433091371240252
2.0691552022198847,3.36260625,4.638502810136398
2.6405036919061016,5.476,9.639598811251876
3.7108237630296133,10.8151,26.755286719694382
2.1262818909250245,3.55084375,5.033396508752869
2.498469792634855,4.9027312499999995,8.166217286354616
2.2312842099496395,3.91020625,5.81652097551426
5.249972791571381,21.647312499999998,75.76520109042872
2.370945891620971,4.415025,6.9785235901025855
2.6031067864354367,5.3219875,9.235801185716376
2.223948461184896,3.8845375,5.759340797026682
3.486814869444391,9.548775,22.196540436652583
2.8026213392457446,6.16905625,11.526352459504889
3.401410518833022,9.0867375,20.60514967624965
3.4126020290403645,9.14663125,20.809208241756004
2.498469792634855,4.9027312499999995,8.166217286354616
3.098023774592127,7.5380562499999995,15.568718317808514
2.1869006425046074,3.75619375,5.476281683497861
4.292087784539902,14.46861875,41.40038786402666
3.1260290788174525,7.674956249999999,15.99475761076783
2.2627976603490003,4.0214375,6.06646624415982
2.1108552163869168,3.49950625,4.924634015060745
2.6712678796386844,5.60434375,9.98046896388587
5.0876826071036705,20.329649999999997,68.95387114233675
2.2141296562279513,3.8503125,5.683394061330122
2.090109207125488,3.4310562499999997,4.780854838860301
2.4187107503671883,4.59470625,7.408843601102873
5.515114064655013,23.889049999999997,87.83389043083123
2.416457642518728,4.58615,7.3881581448248435
2.4277022711527803,4.62893125,7.491777939090051
5.886791127058152,27.217431249999997,106.81555518921019
2.697646402125319,5.715574999999999,10.279066889884946
2.571527290107306,5.19364375,8.903731092146831
2.725768569204774,5.8353625,10.603898461610793
2.4743717566905366,4.8086125,7.932196639246047
2.340888804468089,4.30379375,6.71646840407649
2.010405884907704,3.1743687499999997,4.254513077244742
2.4962886749841684,4.894175,8.144849083927095
2.2214978285274163,3.8759812499999997,5.740322620191986
2.588417634502544,5.26209375,9.080330837937082
2.679412007924111,5.63856875,10.072032544170428
2.9429328746063828,6.80221875,13.345648786425956
2.955860787557741,6.862112499999999,13.522299505706545
4.180218414250976,13.724224999999999,38.24683871088241
3.713758380936291,10.832212499999999,26.8188133039719
2.6093768239083728,5.34765625,9.30270018731917
2.5115167209948446,4.954068749999999,8.294817668388685
3.2641207737824516,8.368012499999999,18.209468957680816
2.2042671142966195,3.8160874999999996,5.607784121018934
2.8084459828808406,6.194725,11.598367027534342
2.6610526686851115,5.5615625,9.866407155122694
3.6650367213401034,10.54985625,25.77707370740627
2.3960843339489126,4.50914375,7.202859132599101
2.420961761324711,4.6032625,7.429548326559994
2.333897582868648,4.278125,6.656470397806621
2.34553804202646,4.32090625,6.756566656936595
4.078648794642123,13.06539375,35.52610164664149
3.139938064428885,7.74340625,16.20921068847435
2.5158506616144725,4.97118125,8.337833091211975
2.4633401736330716,4.76583125,7.826575719253945
2.368647349256474,4.40646875,6.9582470161793255
2.375536304227667,4.4321375,7.0191356910525675
2.862237796321168,6.4342999999999995,12.27766443524619
3.485252326292009,9.54021875,22.166713061181422
2.2312842099496395,3.91020625,5.81652097551426
2.4853543750501683,4.85139375,8.038288454435692
2.743694898409151,5.91236875,10.814490651259124
2.0559505031980736,3.319825,4.550263919519697
2.2676070125553482,4.03855,6.105229533703601
2.4875450800810937,4.8599499999999995,8.059563141293408
3.6171647987647617,10.27605625,24.780125958417738
2.588417634502544,5.26209375,9.080330837937082
3.901171071477436,11.95308125,31.087343191679558
2.100507824581783,3.46528125,4.852566920001027
2.5201771491812353,4.9882937499999995,8.380922614769048
2.530961011657125,5.0310749999999995,8.48896978114858
2.354808979516572,4.3551312499999995,6.83700144964882
2.354808979516572,4.3551312499999995,6.83700144964882
2.233724105932787,3.9187624999999997,5.8356228411169555
2.974231758617319,6.947674999999999,13.775997089034382
4.251282696181019,14.19481875,40.23079155153393
3.003391590792335,7.084575,14.185168652891734
5.979516662317219,28.0816125,111.94297989899032
2.6177135123173256,5.38188125,9.392148846541506
4.984934252769476,19.51680625,64.8599973201936
2.090109207125488,3.4310562499999997,4.780854838860301
4.491767652360673,15.846174999999999,47.45155751909758
2.364043559968902,4.38935625,6.917752916814497
3.1190513266366313,7.64073125,15.887888627857642
2.1134341485843597,3.5080625,4.9427060552454805
3.370846267095218,8.92416875,20.05466727857687
2.5158506616144725,4.97118125,8.337833091211975
2.015817485235409,3.19148125,4.288962471700639
3.4173871709501005,9.1723,20.896866898737066
4.638529703787016,16.89859375,52.25641937440308
5.642049575044407,25.0013625,94.03928444577078
3.9081461728299787,11.9958625,31.25438941277977
3.7632967742436025,11.123125,27.906413621338906
2.272406186204278,4.0556624999999995,6.144075036104471
3.422165621903512,9.19796875,20.984648298395204
2.3198519332475245,4.2267874999999995,6.537014102200981
2.2652036128206112,4.02999375,6.085837601429653
4.391202097685008,15.1445625,44.33522307901447
3.6396831619307917,10.404399999999999,25.245812993328478
2.1568042446943068,3.65351875,5.253283165380156
2.9056790578703255,6.63109375,12.845220160099865
2.0744135466639464,3.37971875,4.673956239276093
2.0927137055902736,3.4396125,4.798749480446416
2.5905211843292046,5.27065,9.102486986789815
2.272406186204278,4.0556624999999995,6.144075036104471
2.6072884867799933,5.3391,9.280382639844706
2.2867432759772823,4.107,6.261103089625798
2.1693951528489643,3.6963,5.345823535650418
2.2385959200209644,3.935875,5.873889144475008
2.4962886749841684,4.894175,8.144849083927095
3.4680178868516265,9.4461,21.839495840659435
2.769383635697071,6.0236,11.121106178656586
2.0131135034881087,3.182925,4.271726198726592
2.2555644047814263,3.99576875,6.008475841491981
3.5101695502636487,9.67711875,22.645551713690278
2.22884164303253,3.9016499999999996,5.797439997691914
2.8469724192293,6.36585,12.082266249967224
2.0373201468149107,3.2599312499999997,4.42768240857101
2.5545252703642416,5.12519375,8.728291299925248
2.575760259705065,5.21075625,8.947772581173192
3.201780857462994,8.05143125,17.18594563428623
2.667186490120268,5.587231249999999,9.934791804785185
5.152577783765934,20.85158125,71.62626287009354
2.7967845651089553,6.143387499999999,11.454487558322192
3.5070645788021677,9.66000625,22.585510500255033
2.2652036128206112,4.02999375,6.085837601429653
2.416457642518728,4.58615,7.3881581448248435
3.1068025504063255,7.5808374999999995,15.701443519477273
2.3983565813385725,4.5177,7.223370351675513
2.4589136827724007,4.74871875,7.7844596733419005
3.1624096942932196,7.8546375,16.55972118343937
2.354808979516572,4.3551312499999995,6.83700144964882
3.6754255889289733,10.60975,25.99689776142611
2.1968411511999735,3.7904187499999997,5.551298593519976
2.4299449527129227,4.6374875,7.51255956259618
3.289057123805811,8.49635625,18.630000700303018
2.1237185604079127,3.5422875,5.015214473367296
2.359430787652217,4.37224375,6.877337676579988
2.34553804202646,4.32090625,6.756566656936595
4.938827285757165,19.15744375,63.07687061190537
2.489733857521782,4.868506249999999,8.080856564120932
2.1744111020949703,3.7134125,5.382990244438828
3.545681296486591,9.8739125,23.339831249596767
2.798731509003021,6.15194375,11.4784258764928
4.203608068817366,13.8782375,38.89244742397584
3.8675154800493097,11.74773125,30.289688309889346
2.569408190208785,5.1850875,8.881737526299462
3.2221313644034044,8.15410625,17.515734331201884
5.168410795938908,20.979924999999998,72.28858057865905
2.894409413372328,6.57975625,12.69633895179694
2.2771952456495144,4.072775,6.1830025777334665
2.2458838261803367,3.9615437499999997,5.931444689887197
3.0962650325970817,7.5295,15.54221837529315
2.4589136827724007,4.74871875,7.7844596733419005
4.696878283035071,17.326406249999998,54.2533474924454
4.123806165315412,13.35630625,36.719212039727175
2.8026213392457446,6.16905625,11.526352459504889
2.4366606125554147,4.66315625,7.575019443044407
3.1207972273200273,7.6492875,15.91458348064916
2.9336637716626264,6.7594375,13.219944607045194
2.2017945760935342,3.80753125,5.58893443637109
2.613548492157631,5.36476875,9.347388851557914
3.9511169736796528,12.26110625,32.296710013643114
2.1769147426503643,3.72196875,5.401605762372631
2.966897020550142,6.91345,13.674329471148251
3.7064174795483225,10.78943125,26.66009105292327
3.5793193885230354,10.062149999999999,24.010432390151372
2.3846906206303164,4.4663625,7.100595174723314
3.259110608474992,8.34234375,18.125747343446697
2.296251605039368,4.1412249999999995,6.339529702052771
4.239735505919725,14.1178125,39.90386061477821
3.599048667518576,10.17338125,24.409662821313976
2.191876532083033,3.7733062499999996,5.51374761182482
2.4589136827724007,4.74871875,7.7844596733419005
2.1237185604079127,3.5422875,5.015214473367296
3.699062009946324,10.746649999999999,26.50168316612644
2.2843600097998285,4.0984437499999995,6.241547336609362
3.2741181043093106,8.41935,18.37729750767773
2.5201771491812353,4.9882937499999995,8.380922614769048
2.2867432759772823,4.107,6.261103089625798
2.2483078785062047,3.9701,5.950671405638324
2.3869737141361322,4.47491875,7.121008952763276
2.291502372230191,4.1241125,6.300275718062787
2.423210681234937,4.611818749999999,7.450272303279704
5.433522095848607,23.187437499999998,83.99296933490572
2.974231758617319,6.947674999999999,13.775997089034382
2.4277022711527803,4.62893125,7.491777939090051
3.213667647750611,8.111324999999999,17.37806848859382
3.618670382513108,10.2846125,24.811081766249394
2.2819742545695014,4.0898875,6.22201198605708
2.507175288671978,4.93695625,8.251876474169784
2.338560719551536,4.2952375,6.696449132429825
2.2627976603490003,4.0214375,6.06646624415982
2.3960843339489126,4.50914375,7.202859132599101
3.690216093713252,10.6953125,26.312009543195007
3.174443914379685,7.91453125,16.74949037448689
2.7889831982665525,6.1091625,11.358901045320057
2.4299449527129227,4.6374875,7.51255956259618
2.6915819963983556,5.68990625,10.209899482462987
2.3846906206303164,4.4663625,7.100595174723314
3.5823617344939076,10.079262499999999,24.071709527946265
4.097303280451742,13.18518125,36.015790925983865
2.567287341155513,5.17653125,8.859762099480616
2.4388950565027536,4.6717125,7.595877681101414
2.3221987744478114,4.23534375,6.5568733770767995
2.3104407304178385,4.1925625,6.457778109881625
3.1329912902896573,7.709181249999999,16.10186514100955
2.3127971213723777,4.20111875,6.477556901029015
3.1416723578858528,7.751962499999999,16.236084203745136
3.6724603398872273,10.5926375,25.934027409034783
5.237507464623236,21.5446375,75.22679981923446
2.472169378188552,4.80005625,7.911034716555048
2.253148159412148,3.9872124999999996,5.989187003706738
2.2652036128206112,4.02999375,6.085837601429653
2.879314606878036,6.51130625,12.4987327969875
5.338455929923826,22.38315,79.66097323191632
6.291142044168767,31.084856249999998,130.37283072754482
2.6651434515285355,5.578675,9.911979429637302
2.3778281873504405,4.440693749999999,7.039471180093952
2.4765721766511173,4.8171687499999996,7.953377397655494
2.5630403782125755,5.1594187499999995,8.815865722904702
2.1693951528489643,3.6963,5.345823535650418
3.9303833148790788,12.1327625,31.79093819559372
2.862237796321168,6.4342999999999995,12.27766443524619
2.2867432759772823,4.107,6.261103089625798
3.738609629461656,10.97766875,27.360812065193524
2.922502042777378,6.7081,13.069623968769953
3.305576851656025,8.58191875,18.91212797519521
3.1503295039689507,7.794743749999999,16.370674141001718
4.392442375099286,15.153118749999999,44.37280060827434
2.721768906640562,5.81825,10.557287960707633
2.2771952456495144,4.072775,6.1830025777334665
2.5438413035518352,5.082412499999999,8.619233892792094
2.090109207125488,3.4310562499999997,4.780854838860301
2.373242207792749,4.42358125,6.998819821400406
2.8335477523539025,6.3059562499999995,11.912152105753027
3.3578938800314466,8.85571875,19.824375862603155
2.4853543750501683,4.85139375,8.038288454435692
3.486814869444391,9.548775,22.196540436652583
2.045325364870306,3.2855999999999996,4.480080679211918
2.3245432462962605,4.2439,6.576752721971133
3.6336919098657727,10.370175,25.121347334261525
2.798731509003021,6.15194375,11.4784258764928
3.4758623164325746,9.48888125,21.988029841319083
2.6031067864354367,5.3219875,9.235801185716376
2.5630403782125755,5.1594187499999995,8.815865722904702
3.5502870762543632,9.899581249999999,23.430903581470012
2.5223376100573645,4.996849999999999,8.402495124543426
2.333897582868648,4.278125,6.656470397806621
2.8219900654931465,6.25461875,11.766981317298107
2.3938099297021815,4.5005875,7.182367364662343
2.3617382999764818,4.3808,6.897535429691315
2.4187107503671883,4.59470625,7.408843601102873
2.3362303146682177,4.28668125,6.6764497903799
2.719766869660104,5.80969375,10.534008389414245
3.654618321766163,10.489962499999999,25.557872764759985
3.2574388409331014,8.3337875,18.09786872972184
3.9248358409570834,12.098537499999999,31.65651573544221
2.611463491034249,5.3562125,9.325035595980852
2.2938782177332855,4.13266875,6.319892551154697
2.368647349256474,4.40646875,6.9582470161793255
4.9344136769347715,19.12321875,62.90791476467698
2.498469792634855,4.9027312499999995,8.166217286354616
2.974231758617319,6.947674999999999,13.775997089034382
5.851523891358068,26.89229375,104.90726624769617
2.3033570937242436,4.16689375,6.398562851905141
2.380117863554854,4.44925,7.059826269614289
2.375536304227667,4.4321375,7.0191356910525675
3.747341310400117,11.02900625,27.55296715552406
7.9441704957743005,49.56635625,262.5090566028587
3.213667647750611,8.111324999999999,17.37806848859382
2.4321855663311647,4.64604375,7.533360366195412
2.1744111020949703,3.7134125,5.382990244438828
2.2116681438980548,3.84175625,5.664459943164168
2.3362303146682177,4.28668125,6.6764497903799
3.1915569435760687,8.00009375,17.021836504714663
2.785074320104196,6.0920499999999995,11.311208007860511
2.567287341155513,5.17653125,8.859762099480616
2.3127971213723777,4.20111875,6.477556901029015
3.343262464548795,8.7787125,19.56635999221021
2.223948461184896,3.8845375,5.759340797026682
2.535261713164489,5.0481875,8.532317659750372
9.800702636564532,75.44045625,492.9129856486709
3.2791053396513377,8.44501875,18.461404051053776
3.9908966235025463,12.5092375,33.28204913422762
3.989531514304579,12.50068125,33.24790786476757
2.411945112637907,4.569037499999999,7.346845111722878
4.795577442722152,18.06224375,57.7459257949661
3.4126020290403645,9.14663125,20.809208241756004
3.530285299760974,9.78835,23.03711207594355
2.6239486466264217,5.40755,9.459422336043138
2.9206376074726053,6.69954375,13.04462628610536
3.3334725095211213,8.727375,19.394976428521264
2.305720723995956,4.17545,6.41828106467261
2.2141296562279513,3.8503125,5.683394061330122
6.214481676270326,30.33190625,125.6647170646496
2.7016817767103807,5.7326875,10.325264900216927
3.8899848948415325,11.88463125,30.82069069550776
3.27578135974009,8.42790625,18.405318796924668
4.180218414250976,13.724224999999999,38.24683871088241
2.526652989790877,5.0139625,8.445695560882895
3.1050487808336613,7.57228125,15.674868442294724
3.557950126560511,9.9423625,23.58295327679032
2.2771952456495144,4.072775,6.1830025777334665
2.1134341485843597,3.5080625,4.9427060552454805
2.0822761656770727,3.4053875,4.7273048174297525
4.140942080638624,13.467537499999999,37.17886183755246
2.628097184626533,5.4246625,9.504360162532752
2.2938782177332855,4.13266875,6.319892551154697
3.3546479692872935,8.83860625,19.766941671928315
2.045325364870306,3.2855999999999996,4.480080679211918
2.3245432462962605,4.2439,6.576752721971133
3.8335644311671193,11.54238125,29.498974807313513
3.0519671124894843,7.31559375,14.884634355555741
3.122542151821655,7.65784375,15.941293267626007
2.472169378188552,4.80005625,7.911034716555048
2.571527290107306,5.19364375,8.903731092146831
2.2361613397248123,3.92731875,5.854745571684249
2.4853543750501683,4.85139375,8.038288454435692
4.062591059875453,12.962718749999999,35.10815020361994
2.416457642518728,4.58615,7.3881581448248435
4.267906815871039,14.306049999999999,40.704592202127905
3.2824259535043883,8.462131249999999,18.517546157973683
2.494105649927359,4.88561875,8.123499551844024
2.128842134948089,3.5593999999999997,5.051600463422816
2.370945891620971,4.415025,6.9785235901025855
2.3268853559546496,4.25245625,6.596652116641882
2.257978064546162,4.004325,6.0277853422092065
2.582096702883109,5.236425,9.013970484929787
3.970370703305224,12.38089375,32.77115855048982
2.693604982025092,5.6984625,10.232937986588771
4.248719366013584,14.17770625,40.158063406684555
3.245712358086759,8.27389375,17.903119462581202
3.39178840473578,9.0354,20.43077663476644
2.2116681438980548,3.84175625,5.664459943164168
2.8239196315753485,6.2631749999999995,11.791135225661286
2.79093558436374,6.11771875,11.382772636336172
2.2067368821461666,3.82464375,5.626654949463213
2.8546153119590207,6.400074999999999,12.179834728457422
2.8045642312220718,6.1776124999999995,11.550340701233573
2.505001750952038,4.9284,8.230433752928015
4.5304072256412224,16.119975,48.68670081143723
2.1390524675540097,3.593625,5.124634949142516
2.2165884350602267,3.8588687499999996,5.702349229110207
3.41100548999203,9.138074999999999,20.780015995305934
3.1347294270615276,7.717737499999999,16.12867923439084
2.5926230274208835,5.27920625,9.124661126836168
2.029283349622228,3.2342625,4.375490026371708
2.4321855663311647,4.64604375,7.533360366195412
2.507175288671978,4.93695625,8.251876474169784
2.179415507108074,3.7305249999999996,5.420242689769564
2.045325364870306,3.2855999999999996,4.480080679211918
2.095314966638671,3.44816875,4.816666392913839
2.6072884867799933,5.3391,9.280382639844706
2.3175027154973598,4.21823125,6.517174917647214
3.394998806216192,9.052512499999999,20.48884608717144
3.27578135974009,8.42790625,18.405318796924668
2.928088225720302,6.733768749999999,13.14471266106554
2.274801976206745,4.06421875,6.163528562824337
2.7516246689864814,5.94659375,10.908529372627218
2.38925462599353,4.483474999999999,7.141442256184227
2.405160443466083,4.54336875,7.285020531719961
2.8812057825215924,6.5198624999999995,12.523377024163793
2.171904575495715,3.7048562499999997,5.364396160619264
2.480967161788268,4.83428125,7.995795354732492
2.233724105932787,3.9187624999999997,5.8356228411169555
2.588417634502544,5.26209375,9.080330837937082
5.38417577064472,22.768181249999998,81.72525988526495
2.8698400349336577,6.468525,12.375754674646158
2.8026213392457446,6.16905625,11.526352459504889
2.338560719551536,4.2952375,6.696449132429825
2.3033570937242436,4.16689375,6.398562851905141
6.084270013244606,29.0741375,117.929935301467
3.401410518833022,9.0867375,20.60514967624965
3.3530238355831474,8.83005,19.738245412927313
2.233724105932787,3.9187624999999997,5.8356228411169555
4.087986678185011,13.125287499999999,35.77066696489883
4.9089584180826185,18.926425,61.93935555197289
6.334285753945744,31.51266875,133.07349915462416
2.2458838261803367,3.9615437499999997,5.931444689887197
2.090109207125488,3.4310562499999997,4.780854838860301
3.8250295832557732,11.49104375,29.302388190824228
3.1983765174705714,8.034318749999999,17.13118428258234
3.4046118470887707,9.10385,20.663383709412734
2.769383635697071,6.0236,11.121106178656586
3.1329912902896573,7.709181249999999,16.10186514100955
2.257978064546162,4.004325,6.0277853422092065
2.274801976206745,4.06421875,6.163528562824337
3.2102759131404364,8.0942125,17.32310361639349
2.223948461184896,3.8845375,5.759340797026682
2.3175027154973598,4.21823125,6.517174917647214
2.5223376100573645,4.996849999999999,8.402495124543426
4.278104935108019,14.3745,40.99707959314013
2.2652036128206112,4.02999375,6.085837601429653
2.0022610605282236,3.1487,4.203012934190144
4.430718773524416,15.418362499999999,45.54295212383656
2.0532993731421074,3.31126875,4.532684032453365
2.8354694533224114,6.314512499999999,11.936404870915021
2.097913002313169,3.456725,4.834605548613991
2.4388950565027536,4.6717125,7.595877681101414
4.982748357355115,19.49969375,64.77471133449353
2.924365289407701,6.71665625,13.094637598922194
5.648803634243383,25.06125625,94.37741025580314
2.3315625171685785,4.2695687499999995,6.636510974649534
2.2190444894813144,3.867425,5.721325423154848
2.253148159412148,3.9872124999999996,5.989187003706738
2.274801976206745,4.06421875,6.163528562824337
2.159328299677013,3.6620749999999997,5.271748122026462
2.5566567060878826,5.13375,8.75015757658578
4.681777608936178,17.215175,53.73174723261192
2.8181269698210425,6.23750625,11.718723058368205
2.500649007870456,4.911287499999999,8.187604142827714
3.966252772340727,12.355224999999999,32.66929693942897
4.645570228512568,16.94993125,52.494730660223226
2.5136846253441054,4.962625,8.316316109232192
3.0750816707573354,7.426825,15.225395619614899
2.1744111020949703,3.7134125,5.382990244438828
3.4173871709501005,9.1723,20.896866898737066
2.38925462599353,4.483474999999999,7.141442256184227
3.545681296486591,9.8739125,23.339831249596767
4.239735505919725,14.1178125,39.90386061477821
2.837389852765942,6.32306875,11.960674073060948
3.863287915863523,11.7220625,30.190468270164633
2.4254575159144154,4.620375,7.471015513395376
3.295674951671708,8.53058125,18.742681965883552
3.230572907201654,8.196887499999999,17.65376178725326
2.50282632566028,4.91984375,8.20900963709013
2.8161934347942243,6.228949999999999,11.694618730440986
2.535261713164489,5.0481875,8.532317659750372
3.693167086662825,10.712425,26.375183618896006
2.4366606125554147,4.66315625,7.575019443044407
2.798731509003021,6.15194375,11.4784258764928
2.729762371448094,5.852475,10.650577356560458
2.613548492157631,5.36476875,9.347388851557914
3.225510632625697,8.17121875,17.5709019730903
2.491920712451529,4.8770625,8.102168706447088
2.9778923529364105,6.9647875,13.82692495738473
3.65759803552799,10.507075,25.620437919430174
3.201780857462994,8.05143125,17.18594563428623
2.181913405357276,3.73908125,5.4389010020633615
2.2042671142966195,3.8160874999999996,5.607784121018934
2.3960843339489126,4.50914375,7.202859132599101
2.4142024319084197,4.57759375,7.367491975692523
2.1968411511999735,3.7904187499999997,5.551298593519976
3.8420803197014917,11.593718749999999,29.69599909435278
4.348822204189941,14.85365,43.06392195551062
3.4046118470887707,9.10385,20.663383709412734
2.7967845651089553,6.143387499999999,11.454487558322192
2.400626677995703,4.526256249999999,7.243901003463192
2.2483078785062047,3.9701,5.950671405638324
2.6031067864354367,5.3219875,9.235801185716376
2.767416044943746,6.015043749999999,11.097419056525732
3.5701767953322814,10.0108125,23.82691365994823
4.278104935108019,14.3745,40.99707959314013
3.3072242860227665,8.590475,18.940418365647616
4.1645523313541455,13.62155,37.81843853943802
3.9164998970169083,12.0472,31.45523837289473
2.4875450800810937,4.8599499999999995,8.059563141293408
3.3837490750980463,8.99261875,20.28584358534789
2.340888804468089,4.30379375,6.71646840407649
2.2483078785062047,3.9701,5.950671405638324
2.4299449527129227,4.6374875,7.51255956259618
3.433289477268227,9.2578625,21.189947935497408
2.0927137055902736,3.4396125,4.798749480446416
2.010405884907704,3.1743687499999997,4.254513077244742
2.416457642518728,4.58615,7.3881581448248435
2.500649007870456,4.911287499999999,8.187604142827714
4.874438831185633,18.66118125,60.64185768052883
3.7950064611057504,11.3113625,28.61779584760619
3.3998087242921904,9.07818125,20.576053209637188
2.642565780226557,5.48455625,9.662200443985126
3.433289477268227,9.2578625,21.189947935497408
2.5459816836558233,5.09096875,8.641008793042786
2.1339534079355196,3.5765124999999998,5.088074025265988
4.478408303001489,15.752056249999999,47.029426332897664
2.43442411771743,4.654599999999999,7.554180332218365
2.9094259054073643,6.648206249999999,12.894975658827429
2.5459816836558233,5.09096875,8.641008793042786
3.718155964929182,10.85788125,26.91419729078681
3.3611366561420746,8.872831249999999,19.88186557209194
3.1416723578858528,7.751962499999999,16.236084203745136
4.895624871271135,18.82375,61.43601244706001
2.787029444472822,6.100606249999999,11.335046165256616
2.1262818909250245,3.55084375,5.033396508752869
2.4366606125554147,4.66315625,7.575019443044407
3.0070166875744797,7.1016875,14.236595214959394
3.5640687039548657,9.976587499999999,23.70482885401154
2.364043559968902,4.38935625,6.917752916814497
2.0506448156351045,3.3027124999999997,4.51512684377217
3.048395470408674,7.29848125,14.832438122241756
4.238450542863719,14.10925625,39.86758987481055
2.883095717642843,6.528418749999999,12.548037427402825
5.072671498200947,20.2098625,68.34532899087341
2.6651434515285355,5.578675,9.911979429637302
3.4570057813865946,9.386206249999999,21.632112847691328
2.0426604446963794,3.27704375,4.462591762442995
2.2116681438980548,3.84175625,5.664459943164168
2.38925462599353,4.483474999999999,7.141442256184227
5.3046776124978345,22.100793749999998,78.15839054937136
2.4478124356355675,4.7059375,7.679501555882501
2.9888472361104363,7.016125,13.980083876303558
2.3824053392039657,4.45780625,7.080200940757871
2.3292251105487503,4.2610125,6.616571540908072
2.4478124356355675,4.7059375,7.679501555882501
3.45385301668022,9.36909375,21.57298180799819
2.8698400349336577,6.468525,12.375754674646158
4.03838474075916,12.80870625,34.48432257924432
2.257978064546162,4.004325,6.0277853422092065
3.9178904526783405,12.05575625,31.488754874461485
2.5093469437250118,4.9455124999999995,8.273337784685895
2.528807918105647,5.02251875,8.467323455889382
3.1485999789942536,7.7861875,16.34372653263021
4.035686187340035,12.791593749999999,34.415238807293406
2.121152132207027,3.5337312499999998,4.997054383722734
3.00520468579043,7.09313125,14.210874179617692
3.0892200518358752,7.4952749999999995,15.436369216016095
2.370945891620971,4.415025,6.9785235901025855
2.3245432462962605,4.2439,6.576752721971133
3.5701767953322814,10.0108125,23.82691365994823
3.078622353186081,7.4439375,15.278048255480071
2.644626260680142,5.4931125,9.68481971358023
2.0559505031980736,3.319825,4.550263919519697
2.505001750952038,4.9284,8.230433752928015
8.070022533985846,51.1492625,275.1838006478381
5.508196079949683,23.82915625,87.50377669650564
4.213961798956368,13.9466875,39.1805388979882
4.270458628843951,14.323162499999999,40.7776485936394
2.707723562362465,5.758356249999999,10.394691265734776
2.5459816836558233,5.09096875,8.641008793042786
2.3571210163813228,4.3636875,6.857159676780315
2.5331122751238446,5.039631249999999,8.510634520981817
2.2627976603490003,4.0214375,6.06646624415982
2.2458838261803367,3.9615437499999997,5.931444689887197
3.2840850013502747,8.4706875,18.545638513250168
2.343214576332837,4.3123499999999995,6.73650758549927
2.350178082253045,4.33801875,6.796744391101834
2.3824053392039657,4.45780625,7.080200940757871
2.5566567060878826,5.13375,8.75015757658578
3.4443774075590525,9.31775625,21.39591274442811
8.243648720150913,53.373887499999995,293.33038625256916
2.171904575495715,3.7048562499999997,5.364396160619264
2.767416044943746,6.015043749999999,11.097419056525732
2.3846906206303164,4.4663625,7.100595174723314
3.07153690684622,7.4097124999999995,15.172803608579848
2.505001750952038,4.9284,8.230433752928015
4.086654001155894,13.116731249999999,35.73569482993269
3.0768525212759816,7.43538125,15.251714363807107
2.368647349256474,4.40646875,6.9582470161793255
2.141597444620146,3.6021812499999997,5.1429481067057345
2.507175288671978,4.93695625,8.251876474169784
4.792168667897825,18.036575,57.622873060792806
2.2458838261803367,3.9615437499999997,5.931444689887197
2.8887581042126773,6.5540875,12.622115587562671
3.115556590159205,7.6236187499999994,15.83454375828252
4.9178273655448015,18.994875,62.275677386735204
3.9511169736796528,12.26110625,32.296710013643114
2.679412007924111,5.63856875,10.072032544170428
2.6528521787121107,5.5273375,9.775472886234766
3.922059161556849,12.081425,31.58937573727464
3.482125136495612,9.52310625,22.10709843376231
2.0373201468149107,3.2599312499999997,4.42768240857101
2.015817485235409,3.19148125,4.288962471700639
4.165860088438148,13.630106249999999,37.854077085364224
5.77374375212471,26.182125,100.77925375739876
2.352494670378073,4.346575,6.816863014599048
2.987024212314047,7.00756875,13.954518350470188
2.584205397969454,5.2449812499999995,9.036072572332381
3.0608779843356384,7.358375,15.01539202532383
2.1943602456640945,3.7818625,5.532512483045218
3.044819638714064,7.2813687499999995,14.78030304447925
2.5566567060878826,5.13375,8.75015757658578
3.1207972273200273,7.6492875,15.91458348064916
3.8927844525229713,11.90174375,30.8872820186083
2.7948362649316416,6.1348312499999995,11.430565904490608
5.089823437245586,20.3467625,69.04095242971304
4.462568419899279,15.640825,46.53216780411408
2.0346447416596565,3.251375,4.410262031275778
4.2268682971687195,14.03225,39.541648441963844
2.4277022711527803,4.62893125,7.491777939090051
2.8103848481327556,6.20328125,11.622405089137347
2.4388950565027536,4.6717125,7.595877681101414
2.8181269698210425,6.23750625,11.718723058368205
2.097913002313169,3.456725,4.834605548613991
6.194289056868667,30.135112499999998,124.44373172417077
2.9943096480439215,7.04179375,14.056873976773588
2.100507824581783,3.46528125,4.852566920001027
2.2555644047814263,3.99576875,6.008475841491981
2.8161934347942243,6.228949999999999,11.694618730440986
4.617343717715949,16.74458125,51.54365802698118
2.0506448156351045,3.3027124999999997,4.51512684377217
2.7948362649316416,6.1348312499999995,11.430565904490608
2.8679413645075416,6.45996875,12.35120772770072
3.122542151821655,7.65784375,15.941293267626007
2.765447054267618,6.0064874999999995,11.07374877558018
2.719766869660104,5.80969375,10.534008389414245
2.901927372564121,6.61398125,12.795528820667238
2.526652989790877,5.0139625,8.445695560882895
3.863287915863523,11.7220625,30.190468270164633
2.5201771491812353,4.9882937499999995,8.380922614769048
3.72254835389715,10.88355,27.00969409137155
2.354808979516572,4.3551312499999995,6.83700144964882
2.071786042700417,3.3711625,4.656218276783363
3.691691885051478,10.70386875,26.3435902686874
2.409685678781207,4.56048125,7.326217570983477
2.1568042446943068,3.65351875,5.253283165380156
2.8142585713333896,6.2203937499999995,11.670530952004095
2.3127971213723777,4.20111875,6.477556901029015
2.6996648434119224,5.72413125,10.302157263133696
5.1398762579951836,20.748906249999997,71.09787374249524
2.976062618599029,6.95623125,13.801453192970259
2.4142024319084197,4.57759375,7.367491975692523
2.654904675869217,5.53589375,9.798180134660118
2.91316793384191,6.66531875,12.944795234223491
3.171010226068806,7.89741875,16.69519707719835
4.299695627055998,14.51995625,41.62092826211292
2.8603340795849035,6.42574375,12.253182556536464
2.274801976206745,4.06421875,6.163528562824337
2.045325364870306,3.2855999999999996,4.480080679211918
2.199319258193377,3.798975,5.570105919263456
2.270007867661439,4.04710625,6.124642019174521
2.3869737141361322,4.47491875,7.121008952763276
2.0131135034881087,3.182925,4.271726198726592
2.300991035479094,4.1583375,6.37886487333103
2.5799862843017562,5.22786875,8.99188644741984
2.4787706432861216,4.825724999999999,7.9745769750479445
2.642565780226557,5.48455625,9.662200443985126
2.7889831982665525,6.1091625,11.358901045320057
4.1828237235810235,13.7413375,38.318394992489026
2.8812057825215924,6.5198624999999995,12.523377024163793
3.1138077510709956,7.6150625,15.80789375826005
2.2676070125553482,4.03855,6.105229533703601
2.2938782177332855,4.13266875,6.319892551154697
2.370945891620971,4.415025,6.9785235901025855
3.1624096942932196,7.8546375,16.55972118343937
2.4028946300159157,4.5348125,7.264451069586032
2.1339534079355196,3.5765124999999998,5.088074025265988
2.5158506616144725,4.97118125,8.337833091211975
6.648126826578704,34.71270625,153.84964909584744
2.8142585713333896,6.2203937499999995,11.670530952004095
2.1030994453386973,3.4738374999999997,4.870550479631178
3.0856915297799237,7.4781625,15.383535123045236
2.787029444472822,6.100606249999999,11.335046165256616
2.9521728749706018,6.845,13.471748886115844
3.7820664506513673,11.23435625,28.326054578527003
2.4411274551911886,4.68026875,7.616755028865561
3.5426074499647218,9.8568,23.27918207520817
2.2092038889334833,3.8331999999999997,5.645546898039886
2.1237185604079127,3.5422875,5.015214473367296
2.456697446465619,4.740162499999999,7.763430073054724
2.3571210163813228,4.3636875,6.857159676780315
2.0638834606547753,3.3454937499999997,4.60313947889928
4.140942080638624,13.467537499999999,37.17886183755246
2.352494670378073,4.346575,6.816863014599048
2.6834748032946383,5.65568125,10.117918753227285
5.212487381420961,21.339287499999998,74.15384454817601
2.370945891620971,4.415025,6.9785235901025855
4.887830171888753,18.76385625,61.143028479822235
3.7458874436876273,11.02045,27.52091018585821
2.3938099297021815,4.5005875,7.182367364662343
2.443357814226735,4.688825,7.637651468861113
4.465008982520823,15.6579375,46.608554390166425
3.4459584851762006,9.3263125,21.42539046318657
2.250729320111086,3.97865625,5.969918851012149
2.373242207792749,4.42358125,6.998819821400406
2.2067368821461666,3.82464375,5.626654949463213
2.296251605039368,4.1412249999999995,6.339529702052771
2.00497967829159,3.1572562499999997,4.220156413606076
2.642565780226557,5.48455625,9.662200443985126
2.5736446451717576,5.2021999999999995,8.925742782075009
2.8469724192293,6.36585,12.082266249967224
2.79093558436374,6.11771875,11.382772636336172
3.0376553472835393,7.247143749999999,14.67621664314665
2.2771952456495144,4.072775,6.1830025777334665
2.333897582868648,4.278125,6.656470397806621
2.250729320111086,3.97865625,5.969918851012149
5.390242449493854,22.81951875,82.00182576218062
2.569408190208785,5.1850875,8.881737526299462
3.0962650325970817,7.5295,15.54221837529315
5.0045643476548385,19.67081875,65.62925213695353
4.11851923216037,13.32208125,36.5781652270187
3.960755537859152,12.321,32.53364598797508
2.3175027154973598,4.21823125,6.517174917647214
3.23899244951552,8.23966875,17.792149911839324
2.4299449527129227,4.6374875,7.51255956259618
5.853385359161273,26.90940625,105.00741637831521
3.1468695034697536,7.77763125,16.31679372657222
3.770526938016159,11.165906249999999,28.067566868658663
2.3617382999764818,4.3808,6.897535429691315
3.9067521488252837,11.98730625,31.220956300542834
2.1237185604079127,3.5422875,5.015214473367296
2.725768569204774,5.8353625,10.603898461610793
2.2819742545695014,4.0898875,6.22201198605708
2.270007867661439,4.04710625,6.124642019174521
2.151747252402591,3.63640625,5.21641810470474
4.670128480137325,17.1296125,53.33166079331089
2.409685678781207,4.56048125,7.326217570983477
3.591473309366789,10.1306,24.255853005247456
2.8565228399446654,6.40863125,12.204267692272085
3.7921347191423873,11.29425,28.552878367782604
2.1844084472306053,3.7476374999999997,5.457580674772125
4.982748357355115,19.49969375,64.77471133449353
2.373242207792749,4.42358125,6.998819821400406
2.588417634502544,5.26209375,9.080330837937082
2.505001750952038,4.9284,8.230433752928015
2.6405036919061016,5.476,9.639598811251876
2.8565228399446654,6.40863125,12.204267692272085
5.1599725686035125,20.911475,71.93509157935873
4.1645523313541455,13.62155,37.81843853943802
2.405160443466083,4.54336875,7.285020531719961
2.1968411511999735,3.7904187499999997,5.551298593519976
6.7287526133663755,35.559775,159.51528597464687
2.634307741970522,5.45033125,9.571899872119248
2.4743717566905366,4.8086125,7.932196639246047
5.412428761021025,23.00775625,83.01856110270747
3.6141517496798112,10.25894375,24.718253002619505
4.275557685739524,14.3573875,40.92389231517704
2.6031067864354367,5.3219875,9.235801185716376
2.4299449527129227,4.6374875,7.51255956259618
3.5024019604158667,9.634337499999999,22.495548364872068
2.480967161788268,4.83428125,7.995795354732492
4.177611480156293,13.7071125,38.17532702652921
2.3175027154973598,4.21823125,6.517174917647214
3.059097886491369,7.34981875,14.989210002813088
4.138310404439769,13.450425,37.10802248109118
2.569408190208785,5.1850875,8.881737526299462
2.963222843263738,6.8963375,13.623589876570895
5.421478810787639,23.0847625,83.43570049721005
2.6630988455877476,5.57011875,9.88918454194111
4.308554464818446,14.579849999999999,41.878718542588814
2.4655504389262153,4.7743875,7.847662130819225
3.0250770102425157,7.18725,14.494656494577011
2.343214576332837,4.3123499999999995,6.73650758549927
2.907553085190505,6.63965,12.870089894723424
8.640465848080735,58.63598125,337.7614623062182
2.411945112637907,4.569037499999999,7.346845111722878
2.4655504389262153,4.7743875,7.847662130819225
7.053623876288127,39.07639375,183.75345596949074
5.777516208425355,26.21635,100.97692470050137
2.0399920432375636,3.2684875,4.445125662280955
2.598918357678237,5.304875,9.19129134845889
2.38925462599353,4.483474999999999,7.141442256184227
2.4388950565027536,4.6717125,7.595877681101414
2.43442411771743,4.654599999999999,7.554180332218365
2.634307741970522,5.45033125,9.571899872119248
3.7313176201216405,10.9348875,27.20102560186525
6.055553534295527,28.800337499999998,116.26799035801936
3.586920415109613,10.10493125,24.163722795936067
2.300991035479094,4.1583375,6.37886487333103
3.45385301668022,9.36909375,21.57298180799819
2.3571210163813228,4.3636875,6.857159676780315
3.1277710845691584,7.6835125,16.021512150283787
2.2483078785062047,3.9701,5.950671405638324
3.480560487961665,9.51455,22.077311193823775
4.256404725383468,14.229043749999999,40.3763793701254
2.443357814226735,4.688825,7.637651468861113
5.262408591367215,21.7499875,76.30488072141969
2.4544792090413092,4.73160625,7.742419443996611
2.567287341155513,5.17653125,8.859762099480616
2.5926230274208835,5.27920625,9.124661126836168
4.0235202994387125,12.714587499999999,34.10493393682646
2.2190444894813144,3.867425,5.721325423154848
2.3846906206303164,4.4663625,7.100595174723314
2.3315625171685785,4.2695687499999995,6.636510974649534
2.0559505031980736,3.319825,4.550263919519697
6.451021265251394,32.684875,140.5672157847224
2.354808979516572,4.3551312499999995,6.83700144964882
2.922502042777378,6.7081,13.069623968769953
2.4478124356355675,4.7059375,7.679501555882501
4.216546259057626,13.963799999999999,39.25267243481924
2.1693951528489643,3.6963,5.345823535650418
2.5926230274208835,5.27920625,9.124661126836168
5.848730578815402,26.866625,104.75710079137755
4.1039450473019015,13.2279625,36.19122079184685
3.7049475538591228,10.780875,26.62838430647398
3.0962650325970817,7.5295,15.54221837529315
2.1108552163869168,3.49950625,4.924634015060745
2.916905161720899,6.68243125,12.994678803980026
2.4277022711527803,4.62893125,7.491777939090051
3.716690681733391,10.849325,26.882390087064742
2.179415507108074,3.7305249999999996,5.420242689769564
2.423210681234937,4.611818749999999,7.450272303279704
2.00497967829159,3.1572562499999997,4.220156413606076
2.4321855663311647,4.64604375,7.533360366195412
2.996128238948319,7.05035,14.08250181964619
2.3104407304178385,4.1925625,6.457778109881625
2.3221987744478114,4.23534375,6.5568733770767995
2.7772400589587654,6.057824999999999,11.21602284010792
4.235879447363023,14.09214375,39.795081386606846
3.7906980323247157,11.28569375,28.52043806102956
2.4142024319084197,4.57759375,7.367491975692523
3.1329912902896573,7.709181249999999,16.10186514100955
4.762523752104652,17.8141125,56.56008926927626
3.078622353186081,7.4439375,15.278048255480071
2.066521012479421,3.35405,4.620809867937733
2.1744111020949703,3.7134125,5.382990244438828
3.0412396026274484,7.26425625,14.728229194089304
2.9650605010175877,6.904893749999999,13.64895181456547
2.6072884867799933,5.3391,9.280382639844706
2.598918357678237,5.304875,9.19129134845889
2.642565780226557,5.48455625,9.662200443985126
2.2165884350602267,3.8588687499999996,5.702349229110207
2.2555644047814263,3.99576875,6.008475841491981
2.338560719551536,4.2952375,6.696449132429825
2.2458838261803367,3.9615437499999997,5.931444689887197
3.220440400569075,8.14555,17.488172203236957
2.4388950565027536,4.6717125,7.595877681101414
2.866041436266883,6.4514125,12.326677031633416
2.0532993731421074,3.31126875,4.532684032453365
2.161849407715686,3.67063125,5.290234662503457
2.613548492157631,5.36476875,9.347388851557914
2.411945112637907,4.569037499999999,7.346845111722878
4.3475694828031,14.84509375,43.02671770456735
2.743694898409151,5.91236875,10.814490651259124
2.681444175078526,5.647125,10.094966958126879
2.461127923367652,4.757275,7.80550822775923
2.524496222014313,5.00540625,8.424086111847886
2.9906691486454386,7.0246812499999995,14.005664995628715
2.526652989790877,5.0139625,8.445695560882895
3.6769073167008894,10.61830625,26.02835196106386
4.803521843411146,18.1221375,58.03338888703349
2.575760259705065,5.21075625,8.947772581173192
2.079658595609427,3.39683125,4.7094995379314755
2.233724105932787,3.9187624999999997,5.8356228411169555
3.52874200556711,9.77979375,23.006912674271792
3.3643763066831878,8.88994375,19.93941074683086
3.3998087242921904,9.07818125,20.576053209637188
3.8449147577998133,11.610831249999999,29.761770948965495
2.061242533839648,3.3369375,4.585491671843028
2.3315625171685785,4.2695687499999995,6.636510974649534
4.54720879354656,16.239762499999998,49.23039389673845
2.5093469437250118,4.9455124999999995,8.273337784685895
2.151747252402591,3.63640625,5.21641810470474
3.5426074499647218,9.8568,23.27918207520817
2.3245432462962605,4.2439,6.576752721971133
2.8717374500400727,6.4770812499999995,12.400317861718246
2.118582595064865,3.525175,4.978916266371856
2.5201771491812353,4.9882937499999995,8.380922614769048
2.370945891620971,4.415025,6.9785235901025855
2.3033570937242436,4.16689375,6.398562851905141
4.442995657054833,15.503924999999999,45.922580961535886
4.175002918253396,13.69,38.10385996725931
2.3983565813385725,4.5177,7.223370351675513
2.0373201468149107,3.2599312499999997,4.42768240857101
3.5117210064942155,9.685675,22.675592239717233
2.550257054733938,5.10808125,8.684613495977766
2.1390524675540097,3.593625,5.124634949142516
4.967420156455475,19.379906249999998,64.17875795764496
2.0506448156351045,3.3027124999999997,4.51512684377217
2.5180148346267974,4.9797375,8.359368598364908
3.3302027956302838,8.710262499999999,19.337960352115743
2.5438413035518352,5.082412499999999,8.619233892792094
2.575760259705065,5.21075625,8.947772581173192
2.159328299677013,3.6620749999999997,5.271748122026462
2.199319258193377,3.798975,5.570105919263456
2.2627976603490003,4.0214375,6.06646624415982
4.9244685939123585,19.0462125,62.52831685948731
2.535261713164489,5.0481875,8.532317659750372
2.407424124384527,4.551925,7.305609371592692
2.407424124384527,4.551925,7.305609371592692
2.364043559968902,4.38935625,6.917752916814497
4.0773130655103,13.056837499999999,35.49120942199655
3.2574388409331014,8.3337875,18.09786872972184
2.3571210163813228,4.3636875,6.857159676780315
4.574677409038138,16.43655625,50.12796170617307
2.366346574212045,4.3979124999999994,6.93799011870622
2.4142024319084197,4.57759375,7.367491975692523
3.2707890560622697,8.4022375,18.32129764095734
2.407424124384527,4.551925,7.305609371592692
2.1693951528489643,3.6963,5.345823535650418
7.635091877520526,45.784493749999996,233.04587756467618
2.4028946300159157,4.5348125,7.264451069586032
2.5093469437250118,4.9455124999999995,8.273337784685895
2.061242533839648,3.3369375,4.585491671843028
2.031965813912392,3.2428187499999996,4.392864560476078
2.7397214062468325,5.89525625,10.767573162290283
2.0239077551471385,3.2171499999999997,4.340809889647745
3.2085787013310147,8.08565625,17.295642953355998
3.6396831619307917,10.404399999999999,25.245812993328478
2.2214978285274163,3.8759812499999997,5.740322620191986
2.613548492157631,5.36476875,9.347388851557914
2.350178082253045,4.33801875,6.796744391101834
3.1329912902896573,7.709181249999999,16.10186514100955
4.612622506136003,16.71035625,51.38571021620029
2.2017945760935342,3.80753125,5.58893443637109
2.3869737141361322,4.47491875,7.121008952763276
2.4277022711527803,4.62893125,7.491777939090051
2.530961011657125,5.0310749999999995,8.48896978114858
4.262798607199255,14.271825,40.55861048812767
2.5115167209948446,4.954068749999999,8.294817668388685
2.1056878764049,3.48239375,4.888556200162131
2.364043559968902,4.38935625,6.917752916814497
2.34553804202646,4.32090625,6.756566656936595
2.6528521787121107,5.5273375,9.775472886234766
2.483161737327308,4.8428375,8.01703252006256
2.491920712451529,4.8770625,8.102168706447088
4.193228773795838,13.809787499999999,38.60506553667073
3.0268771157337127,7.1958062499999995,14.520547511585747
3.5472172208802597,9.88246875,23.370175556540676
2.1668828240931584,3.6877437499999997,5.327272394354595
2.077037726772803,3.3882749999999997,4.691716669120746
3.0070166875744797,7.1016875,14.236595214959394
2.560914255591823,5.1508625,8.793944803228891
2.642565780226557,5.48455625,9.662200443985126
3.819329088905966,11.45681875,29.171574078798855
2.4411274551911886,4.68026875,7.616755028865561
2.2165884350602267,3.8588687499999996,5.702349229110207
3.1207972273200273,7.6492875,15.91458348064916
4.490554808366008,15.837618749999999,47.41313002058676
2.8981708307012584,6.59686875,12.745901723476447
2.494105649927359,4.88561875,8.123499551844024
2.3292251105487503,4.2610125,6.616571540908072
3.1138077510709956,7.6150625,15.80789375826005
2.3315625171685785,4.2695687499999995,6.636510974649534
3.472726670944136,9.471768749999999,21.92857597276013
2.2771952456495144,4.072775,6.1830025777334665
2.4142024319084197,4.57759375,7.367491975692523
3.7820664506513673,11.23435625,28.326054578527003
2.461127923367652,4.757275,7.80550822775923
3.718155964929182,10.85788125,26.91419729078681
3.2791053396513377,8.44501875,18.461404051053776
2.550257054733938,5.10808125,8.684613495977766
2.2938782177332855,4.13266875,6.319892551154697
2.985200075220372,6.9990125,13.928968427645552
2.0212145965953465,3.20859375,4.323504348029735
2.3292251105487503,4.2610125,6.616571540908072
2.3778281873504405,4.440693749999999,7.039471180093952
2.65079809231917,5.51878125,9.752783206284535
2.50282632566028,4.91984375,8.20900963709013
4.087986678185011,13.125287499999999,35.77066696489883
3.6156585880816072,10.2675,24.749183035418596
2.029283349622228,3.2342625,4.375490026371708
2.1844084472306053,3.7476374999999997,5.457580674772125
2.3778281873504405,4.440693749999999,7.039471180093952
3.6261889245529892,10.327393749999999,24.966053890498507
3.525653390528415,9.76268125,22.94655349980712
2.3175027154973598,4.21823125,6.517174917647214
2.729762371448094,5.852475,10.650577356560458
2.161849407715686,3.67063125,5.290234662503457
2.3824053392039657,4.45780625,7.080200940757871
3.834985059131824,11.5509375,29.531781820977002
4.409769631231638,15.27290625,44.89999877459858
2.1339534079355196,3.5765124999999998,5.088074025265988
2.4187107503671883,4.59470625,7.408843601102873
2.2603891469891355,4.0128812499999995,6.047115483770798
3.046608079184699,7.289924999999999,14.806362934433674
2.500649007870456,4.911287499999999,8.187604142827714
5.165248076134769,20.95425625,72.15595452143161
2.2819742545695014,4.0898875,6.22201198605708
2.8297004352334847,6.28884375,11.863695930993586
2.2434571546708417,3.9529875,5.9122387261329346
4.520778293978271,16.051524999999998,48.37692387016639
2.128842134948089,3.5593999999999997,5.051600463422816
3.053751367019267,7.3241499999999995,14.910755383169443
2.366346574212045,4.3979124999999994,6.93799011870622
2.223948461184896,3.8845375,5.759340797026682
2.4299449527129227,4.6374875,7.51255956259618
3.635190648601337,10.37873125,25.152444522897643
2.5115167209948446,4.954068749999999,8.294817668388685
4.983841424903058,19.50825,64.8173496515767
2.8045642312220718,6.1776124999999995,11.550340701233573
3.754602199421993,11.0717875,27.71343846602195
2.359430787652217,4.37224375,6.877337676579988
2.2190444894813144,3.867425,5.721325423154848
2.352494670378073,4.346575,6.816863014599048
2.571527290107306,5.19364375,8.903731092146831
2.489733857521782,4.868506249999999,8.080856564120932
2.615631831262586,5.3733249999999995,9.36975993981269
2.494105649927359,4.88561875,8.123499551844024
2.0638834606547753,3.3454937499999997,4.60313947889928
4.577058193695288,16.45366875,50.20626624569041
2.5523920547350993,5.1166374999999995,8.706443267973109
2.6773782983271666,5.630012499999999,10.049115524540449
2.8488850646712613,6.37440625,12.106633841181429
2.1693951528489643,3.6963,5.345823535650418
2.2385959200209644,3.935875,5.873889144475008
3.305576851656025,8.58191875,18.91212797519521
2.8200591791463125,6.2460625,11.742843924431044
2.0822761656770727,3.4053875,4.7273048174297525
2.972399770911247,6.93911875,13.750556655217297
5.958527832466047,27.884818749999997,110.76831241676406
2.9906691486454386,7.0246812499999995,14.005664995628715
2.031965813912392,3.2428187499999996,4.392864560476078
2.0239077551471385,3.2171499999999997,4.340809889647745
3.0768525212759816,7.43538125,15.251714363807107
2.2312842099496395,3.91020625,5.81652097551426
3.44753883769458,9.33486875,21.454881706937638
2.588417634502544,5.26209375,9.080330837937082
2.0076946147800685,3.1658125,4.237323138435617
3.032271020426169,7.221475,14.598312911488046
3.9025670890821402,11.9616375,31.120728559353843
3.167572815599297,7.880306249999999,16.640962570731485
2.5968216099729116,5.29631875,9.169063322203144
2.472169378188552,4.80005625,7.911034716555048
2.584205397969454,5.2449812499999995,9.036072572332381
2.9392287411376654,6.78510625,13.295319534448533
4.2217104327738335,13.998025,39.39707212048596
2.4544792090413092,4.73160625,7.742419443996611
2.0585982190449528,3.32838125,4.567866475701742
2.654904675869217,5.53589375,9.798180134660118
2.8354694533224114,6.314512499999999,11.936404870915021
3.586920415109613,10.10493125,24.163722795936067
5.896960699208672,27.31155,107.37009132298174
2.407424124384527,4.551925,7.305609371592692
6.182846665892063,30.02388125,123.75536938913449
2.944783194106763,6.810775,13.370837172561659
2.7057111328296375,5.7498,10.371531914362567
6.01040937158086,28.372525,113.68699343694153
2.3268853559546496,4.25245625,6.596652116641882
2.50282632566028,4.91984375,8.20900963709013
3.0909828023655335,7.503831249999999,15.462808897068708
2.5587863663539365,5.14230625,8.772042082744425
3.757502626428057,11.088899999999999,27.777713916132054
3.0874562948826023,7.48671875,15.40994462180207
2.6733062377221195,5.6129,10.00333372114032
2.915037146696313,6.673875,12.96972902493857
2.9687324039737817,6.92200625,13.699722836589356
2.709734497331338,5.7669125,10.417867829560873
2.274801976206745,4.06421875,6.163528562824337
2.7752780381847595,6.0492687499999995,11.192268472634916
2.825847880097457,6.271731249999999,11.81530563823565
2.151747252402591,3.63640625,5.21641810470474
2.6239486466264217,5.40755,9.459422336043138
2.765447054267618,6.0064874999999995,11.07374877558018
2.343214576332837,4.3123499999999995,6.73650758549927
2.491920712451529,4.8770625,8.102168706447088
2.1134341485843597,3.5080625,4.9427060552454805
2.141597444620146,3.6021812499999997,5.1429481067057345
2.4321855663311647,4.64604375,7.533360366195412
4.2857375994014655,14.4258375,41.21690278440376
3.048395470408674,7.29848125,14.832438122241756
4.074640293629821,13.039724999999999,35.42145926856808
3.136466600609695,7.72629375,16.155508195582957
3.4617295446213387,9.411875,21.720910505188645
3.1572381295993206,7.82896875,16.478612435294355
3.9908966235025463,12.5092375,33.28204913422762
3.7093555834417673,10.80654375,26.72354226451348
2.4455861391898446,4.697381249999999,7.658566983660178
2.611463491034249,5.3562125,9.325035595980852
3.809332697255622,11.396925,28.943119367113347
2.642565780226557,5.48455625,9.662200443985126
3.420573546626883,9.1894125,20.955374204361604
4.367569908023803,14.981993749999999,43.62327004313379
3.6096274602997083,10.233274999999999,24.625540299198995
3.0142538019831635,7.1359125,14.33963425582945
3.513271777603803,9.69423125,22.70564603745989
3.993625442025492,12.526349999999999,33.35036670381068
2.364043559968902,4.38935625,6.917752916814497
3.6961157235290747,10.7295375,26.438408173296555
5.16313851996096,20.93714375,72.06758226238986
2.079658595609427,3.39683125,4.7094995379314755
2.350178082253045,4.33801875,6.796744391101834
2.3571210163813228,4.3636875,6.857159676780315
2.3315625171685785,4.2695687499999995,6.636510974649534
2.598918357678237,5.304875,9.19129134845889
5.34355522990191,22.425931249999998,79.88946814423878
2.315151113962757,4.209675,6.497355843780778
2.644626260680142,5.4931125,9.68481971358023
2.535261713164489,5.0481875,8.532317659750372
2.087501459126698,3.4225,4.762982495907414
4.494192358422478,15.863287499999998,47.52844364130588
2.368647349256474,4.40646875,6.9582470161793255
3.388574961660256,9.0182875,20.372762146369105
3.0839257547971104,7.46960625,15.357140728378976
3.394998806216192,9.052512499999999,20.48884608717144
2.4787706432861216,4.825724999999999,7.9745769750479445
2.0691552022198847,3.36260625,4.638502810136398
2.400626677995703,4.526256249999999,7.243901003463192
3.034066857729242,7.23003125,14.624265463981143
3.0412396026274484,7.26425625,14.728229194089304
5.357807450532076,22.54571875,80.5304132642338
2.3104407304178385,4.1925625,6.457778109881625
2.60101341513872,5.31343125,9.213537307778198
2.2042671142966195,3.8160874999999996,5.607784121018934
2.250729320111086,3.97865625,5.969918851012149
2.4366606125554147,4.66315625,7.575019443044407
3.2774437710928424,8.4364625,18.433354313788893
2.4321855663311647,4.64604375,7.533360366195412
4.7739474282722645,17.899675,56.96807162210621
2.452258965069026,4.72305,7.721427803312842
2.315151113962757,4.209675,6.497355843780778
3.4930580523657295,9.583,22.315983543880524
2.350178082253045,4.33801875,6.796744391101834
2.045325364870306,3.2855999999999996,4.480080679211918
2.3362303146682177,4.28668125,6.6764497903799
2.0426604446963794,3.27704375,4.462591762442995
4.382510327623968,15.084668749999999,44.072477723774355
2.4028946300159157,4.5348125,7.264451069586032
2.594723167925177,5.2877624999999995,9.146853243490636
2.4765721766511173,4.8171687499999996,7.953377397655494
2.315151113962757,4.209675,6.497355843780778
2.654904675869217,5.53589375,9.798180134660118
2.526652989790877,5.0139625,8.445695560882895
2.029283349622228,3.2342625,4.375490026371708
2.5093469437250118,4.9455124999999995,8.273337784685895
2.6301689998356665,5.43321875,9.52685568371726
2.2017945760935342,3.80753125,5.58893443637109
2.472169378188552,4.80005625,7.911034716555048
4.309818526592692,14.588406249999998,41.91558901980708
2.151747252402591,3.63640625,5.21641810470474
3.423756956852062,9.206525,21.01393601145495
3.7820664506513673,11.23435625,28.326054578527003
2.368647349256474,4.40646875,6.9582470161793255
3.7516995301056806,11.054675,27.649212668647337
7.888435728438499,48.8733,257.0225905911289
4.497826966665895,15.88895625,47.643850595616414
2.4321855663311647,4.64604375,7.533360366195412
2.467758724580645,4.782943749999999,7.8687674454939796
4.872203362674948,18.64406875,60.558462971795244
2.5395551315037483,5.0653,8.57573907173729
2.370945891620971,4.415025,6.9785235901025855
5.874749845525362,27.106199999999998,106.1614295085197
4.568720019599657,16.393774999999998,49.9323786928749
2.89064310154489,6.562643749999999,12.646840589222792
2.935519933677921,6.76799375,13.245053709421722
2.416457642518728,4.58615,7.3881581448248435
2.4254575159144154,4.620375,7.471015513395376
2.5545252703642416,5.12519375,8.728291299925248
2.584205397969454,5.2449812499999995,9.036072572332381
2.146678347240876,3.6192937499999998,5.179639683619488
2.6528521787121107,5.5273375,9.775472886234766
3.6291919800776657,10.34450625,25.028132746908863
2.7117439410612056,5.77546875,10.441061593067223
5.034947931582593,19.91039375,66.831863885705
2.5545252703642416,5.12519375,8.728291299925248
3.688739711940334,10.68675625,26.280441447467712
2.5587863663539365,5.14230625,8.772042082744425
2.189390000900183,3.76475,5.495004003925975
2.4655504389262153,4.7743875,7.847662130819225
2.34553804202646,4.32090625,6.756566656936595
3.155512391219717,7.8204125,16.451605698799707
7.081369881520737,39.384418749999995,185.93042449163372
2.628097184626533,5.4246625,9.504360162532752
2.491920712451529,4.8770625,8.102168706447088
2.6753430427701486,5.62145625,10.026215912449514
2.5093469437250118,4.9455124999999995,8.273337784685895
2.0426604446963794,3.27704375,4.462591762442995
3.5502870762543632,9.899581249999999,23.430903581470012
2.380117863554854,4.44925,7.059826269614289
2.500649007870456,4.911287499999999,8.187604142827714
2.9000497098812397,6.605424999999999,12.770707236594857
4.795577442722152,18.06224375,57.7459257949661
2.5481202658755295,5.099525,8.662801999225938
2.584205397969454,5.2449812499999995,9.036072572332381
2.588417634502544,5.26209375,9.080330837937082
2.646685137022096,5.501668749999999,9.707456606295954
3.6156585880816072,10.2675,24.749183035418596
2.352494670378073,4.346575,6.816863014599048
3.7458874436876273,11.02045,27.52091018585821
2.315151113962757,4.209675,6.497355843780778
3.4189807299879553,9.18085625,20.926113735692986
3.1015382666746723,7.55516875,15.621763326206436
3.2791053396513377,8.44501875,18.461404051053776
2.611463491034249,5.3562125,9.325035595980852
2.380117863554854,4.44925,7.059826269614289
2.5587863663539365,5.14230625,8.772042082744425
2.916905161720899,6.68243125,12.994678803980026
2.5481202658755295,5.099525,8.662801999225938
2.648742412993063,5.510225,9.730111108423133
2.611463491034249,5.3562125,9.325035595980852
2.915037146696313,6.673875,12.96972902493857
4.536414929150045,16.16275625,48.88064583247545
2.8849844146797636,6.536975,12.572713996100829
2.4478124356355675,4.7059375,7.679501555882501
4.844172964593137,18.430162499999998,59.51926327703883
2.38925462599353,4.483474999999999,7.141442256184227
3.3220144311472457,8.66748125,19.19566519613211
3.193263202422134,8.00865,17.04915156405202
3.4836890822903843,9.5316625,22.13689905821777
2.315151113962757,4.209675,6.497355843780778
2.0585982190449528,3.32838125,4.567866475701742
3.3022795173175266,8.56480625,18.85558949944542
3.8731450543246644,11.78195625,30.422150386638048
2.970566653394364,6.9305625,13.725131901176988
2.3315625171685785,4.2695687499999995,6.636510974649534
2.7036972053955304,5.74124375,10.348389788246372
2.2214978285274163,3.8759812499999997,5.740322620191986
2.5223376100573645,4.996849999999999,8.402495124543426
2.352494670378073,4.346575,6.816863014599048
3.513271777603803,9.69423125,22.70564603745989
2.669227964961913,5.5957875,9.95762165398954
3.7604008163124085,11.1060125,27.842038980650543
2.2434571546708417,3.9529875,5.9122387261329346
2.0848904494005085,3.41394375,4.745132479443704
4.353829485300729,14.887875,43.212846098981046
2.456697446465619,4.740162499999999,7.763430073054724
2.7889831982665525,6.1091625,11.358901045320057
3.9648791782658224,12.34666875,32.63536656521354
2.031965813912392,3.2428187499999996,4.392864560476078
2.588417634502544,5.26209375,9.080330837937082
3.58995631951691,10.12204375,24.225129951159428
2.567287341155513,5.17653125,8.859762099480616
3.3643763066831878,8.88994375,19.93941074683086
2.565164738608946,5.167975,8.837804826675042
4.016745550905881,12.67180625,33.932947584419225
2.338560719551536,4.2952375,6.696449132429825
2.3268853559546496,4.25245625,6.596652116641882
2.38925462599353,4.483474999999999,7.141442256184227
2.6712678796386844,5.60434375,9.98046896388587
3.338371075733937,8.75304375,19.48060538642248
2.010405884907704,3.1743687499999997,4.254513077244742
3.635190648601337,10.37873125,25.152444522897643
2.0346447416596565,3.251375,4.410262031275778
3.3676128406751995,8.90705625,19.997011333410857
4.640877732134704,16.91570625,52.33581630597123
2.181913405357276,3.73908125,5.4389010020633615
3.6231833799631903,10.31028125,24.904026445164074
3.726935566208021,10.909218749999999,27.10530357261227
3.158962925209863,7.837524999999999,16.50563393360362
2.9429328746063828,6.80221875,13.345648786425956
2.767416044943746,6.015043749999999,11.097419056525732
2.3175027154973598,4.21823125,6.517174917647214
3.870331290746352,11.764843749999999,30.35589526424443
4.151452102823884,13.5359875,37.462669180448536
2.4544792090413092,4.73160625,7.742419443996611
2.7117439410612056,5.77546875,10.441061593067223
4.357581170172041,14.913543749999999,43.324651617024614
4.898961660165594,18.849418749999998,61.56171984843763
2.141597444620146,3.6021812499999997,5.1429481067057345
2.010405884907704,3.1743687499999997,4.254513077244742
2.5587863663539365,5.14230625,8.772042082744425
2.605198475633069,5.3305437499999995,9.258082967863588
3.4459584851762006,9.3263125,21.42539046318657
3.503956855924391,9.642893749999999,22.5255224441753
2.1968411511999735,3.7904187499999997,5.551298593519976
3.3578938800314466,8.85571875,19.824375862603155
4.1304053152646665,13.3990875,36.89577481979756
3.7676365374855663,11.14879375,28.00306845426048
2.646685137022096,5.501668749999999,9.707456606295954
5.210396951266138,21.322174999999998,74.0646637429087
2.8065057781705867,6.186168749999999,11.57434556107554
2.359430787652217,4.37224375,6.877337676579988
2.489733857521782,4.868506249999999,8.080856564120932
2.00497967829159,3.1572562499999997,4.220156413606076
3.203481670787442,8.0599875,17.21334814868393
2.524496222014313,5.00540625,8.424086111847886
2.537409330418011,5.05674375,8.554019181855306
2.7456794881069135,5.9209249999999995,10.837974882079617
2.4254575159144154,4.620375,7.471015513395376
2.72776620125686,5.843918749999999,10.627229366094156
2.575760259705065,5.21075625,8.947772581173192
2.5587863663539365,5.14230625,8.772042082744425
2.928088225720302,6.733768749999999,13.14471266106554
2.352494670378073,4.346575,6.816863014599048
2.498469792634855,4.9027312499999995,8.166217286354616
3.7748583891146734,11.191575,28.164407184104032
2.4187107503671883,4.59470625,7.408843601102873
2.8981708307012584,6.59686875,12.745901723476447
2.400626677995703,4.526256249999999,7.243901003463192
2.7733146293516726,6.0407125,11.168530898638341
5.398320749192533,22.88796875,82.37106440666352
2.4321855663311647,4.64604375,7.533360366195412
2.0744135466639464,3.37971875,4.673956239276093
2.5905211843292046,5.27065,9.102486986789815
2.642565780226557,5.48455625,9.662200443985126
2.5863123737764364,5.2535375,9.058192694899017
2.7752780381847595,6.0492687499999995,11.192268472634916
2.257978064546162,4.004325,6.0277853422092065
2.015817485235409,3.19148125,4.288962471700639
2.364043559968902,4.38935625,6.917752916814497
3.88157410684988,11.83329375,30.621204412499004
2.6031067864354367,5.3219875,9.235801185716376
3.436461107946664,9.274975,21.248727243118402
5.6352874209108705,24.94146875,93.70156340394439
3.508617408003253,9.6685625,22.615524465244963
3.2741181043093106,8.41935,18.37729750767773
2.491920712451529,4.8770625,8.102168706447088
2.373242207792749,4.42358125,6.998819821400406
3.5625400447792686,9.96803125,23.67434033049076
2.6239486466264217,5.40755,9.459422336043138
3.343262464548795,8.7787125,19.56635999221021
2.8546153119590207,6.400074999999999,12.179834728457422
2.0822761656770727,3.4053875,4.7273048174297525
3.1727275347384585,7.905975,16.72233638096925
3.0286761513253735,7.204362499999999,14.546453926168558
2.0076946147800685,3.1658125,4.237323138435617
4.073303250019213,13.031168749999999,35.38660134728253
7.756830717836894,47.25616875,244.37206757818925
3.1173044481312844,7.632174999999999,15.861208717610925
2.628097184626533,5.4246625,9.504360162532752
7.93593819253119,49.46368125,261.69381145004263
3.1864326850766362,7.974424999999999,16.939978976461504
2.2891240608761145,4.11555625,6.280679223842714
3.482125136495612,9.52310625,22.10709843376231
5.671899350195895,25.26660625,95.5397650473537
2.340888804468089,4.30379375,6.71646840407649
3.0662120772305563,7.38404375,15.094029416699204
2.1313993035996277,3.56795625,5.069826311015959
6.509859159348266,33.283812499999996,144.44862110743685
2.507175288671978,4.93695625,8.251876474169784
2.1030994453386973,3.4738374999999997,4.870550479631178
2.7016817767103807,5.7326875,10.325264900216927
2.577874137992494,5.2193125,8.969820474567296
5.599408946456277,24.6248875,91.9232102486529
3.4094082033251945,9.129518749999999,20.75083741244078
2.5566567060878826,5.13375,8.75015757658578
2.7317570829831412,5.86103125,10.673942420515354
3.966252772340727,12.355224999999999,32.66929693942897
2.43442411771743,4.654599999999999,7.554180332218365
2.646685137022096,5.501668749999999,9.707456606295954
2.679412007924111,5.63856875,10.072032544170428
2.0131135034881087,3.182925,4.271726198726592
2.077037726772803,3.3882749999999997,4.691716669120746
2.00497967829159,3.1572562499999997,4.220156413606076
3.591473309366789,10.1306,24.255853005247456
3.0679880473054593,7.3926,15.120272292340227
3.1983765174705714,8.034318749999999,17.13118428258234
3.394998806216192,9.052512499999999,20.48884608717144
2.60101341513872,5.31343125,9.213537307778198
2.7772400589587654,6.057824999999999,11.21602284010792
2.1262818909250245,3.55084375,5.033396508752869
2.343214576332837,4.3123499999999995,6.73650758549927
3.1813001727219614,7.94875625,16.858253087366517
3.059097886491369,7.34981875,14.989210002813088
3.690216093713252,10.6953125,26.312009543195007
5.939299340606186,27.7051375,109.69940325676912
2.087501459126698,3.4225,4.762982495907414
3.565596707756663,9.985143749999999,23.735330454318007
2.2627976603490003,4.0214375,6.06646624415982
3.336739019378399,8.7444875,19.452048430477774
2.6528521787121107,5.5273375,9.775472886234766
2.380117863554854,4.44925,7.059826269614289
2.929947919922214,6.742325,13.169774072793027
2.270007867661439,4.04710625,6.124642019174521
2.584205397969454,5.2449812499999995,9.036072572332381
2.6197935392742973,5.3904375,9.414555557574595
2.73773249752281,5.886699999999999,10.744139928778349
3.508617408003253,9.6685625,22.615524465244963
5.20202683027744,21.253725,73.70829846222559
6.016749945358334,28.43241875,114.04716930697852
6.454397879596845,32.7191,140.78805977487806
2.5331122751238446,5.039631249999999,8.510634520981817
2.469965035906082,4.7915,7.88989164636266
3.285743211504587,8.47924375,18.573745060170133
2.741708872163812,5.9038125,10.79102340722774
2.1968411511999735,3.7904187499999997,5.551298593519976
2.4254575159144154,4.620375,7.471015513395376
3.2406737330180566,8.248225,17.81987073434857
3.6843070169139995,10.661087499999999,26.185812989456085
5.1398762579951836,20.748906249999997,71.09787374249524
2.3938099297021815,4.5005875,7.182367364662343
2.644626260680142,5.4931125,9.68481971358023
2.7177633578820064,5.801137499999999,10.510745954356816
3.2085787013310147,8.08565625,17.295642953355998
2.5331122751238446,5.039631249999999,8.510634520981817
2.480967161788268,4.83428125,7.995795354732492
4.242304264414054,14.134924999999999,39.97643506978187
2.407424124384527,4.551925,7.305609371592692
3.8079024990834727,11.38836875,28.910531882406083
2.3478592083955885,4.3294625,6.776645598685589
2.5587863663539365,5.14230625,8.772042082744425
2.0638834606547753,3.3454937499999997,4.60313947889928
2.500649007870456,4.911287499999999,8.187604142827714
4.008600739110139,12.620468749999999,33.726946906110946
2.8849844146797636,6.536975,12.572713996100829
2.97972096370311,6.97334375,13.852412372655369
2.2771952456495144,4.072775,6.1830025777334665
2.974231758617319,6.947674999999999,13.775997089034382
3.4443774075590525,9.31775625,21.39591274442811
2.095314966638671,3.44816875,4.816666392913839
3.7632967742436025,11.123125,27.906413621338906
2.91316793384191,6.66531875,12.944795234223491
3.285743211504587,8.47924375,18.573745060170133
2.1108552163869168,3.49950625,4.924634015060745
2.305720723995956,4.17545,6.41828106467261
2.407424124384527,4.551925,7.305609371592692
5.154691661919997,20.86869375,71.71445444552464
3.2657891208240604,8.376568749999999,18.23740472905653
4.163244163477877,13.61299375,37.782811184765535
3.802176326672343,11.354143749999999,28.780304383923163
2.00497967829159,3.1572562499999997,4.220156413606076
2.575760259705065,5.21075625,8.947772581173192
5.003475807272706,19.6622625,65.5864364899969
2.443357814226735,4.688825,7.637651468861113
3.8941834766301406,11.9103,30.92059564113864
2.6773782983271666,5.630012499999999,10.049115524540449
2.996128238948319,7.05035,14.08250181964619
2.498469792634855,4.9027312499999995,8.166217286354616
2.6651434515285355,5.578675,9.911979429637302
2.1339534079355196,3.5765124999999998,5.088074025265988
2.2843600097998285,4.0984437499999995,6.241547336609362
2.0022610605282236,3.1487,4.203012934190144
5.284100818061946,21.929668749999998,77.25238705446831
3.0286761513253735,7.204362499999999,14.546453926168558
2.950327189966826,6.83644375,13.446497252202512
2.6630988455877476,5.57011875,9.88918454194111
2.296251605039368,4.1412249999999995,6.339529702052771
3.738609629461656,10.97766875,27.360812065193524
2.480967161788268,4.83428125,7.995795354732492
2.894409413372328,6.57975625,12.69633895179694
3.0124461533636278,7.12735625,14.313851279309809
2.350178082253045,4.33801875,6.796744391101834
2.4142024319084197,4.57759375,7.367491975692523
2.7117439410612056,5.77546875,10.441061593067223
4.931100877852431,19.09755,62.7812970465538
3.6754255889289733,10.60975,25.99689776142611
5.953040315262839,27.83348125,110.4625573302415
2.584205397969454,5.2449812499999995,9.036072572332381
2.0691552022198847,3.36260625,4.638502810136398
2.877422188266188,6.50275,12.474104756498635
2.588417634502544,5.26209375,9.080330837937082
3.2187485483900202,8.13699375,17.460624547380775
2.598918357678237,5.304875,9.19129134845889
2.095314966638671,3.44816875,4.816666392913839
2.7752780381847595,6.0492687499999995,11.192268472634916
2.38925462599353,4.483474999999999,7.141442256184227
3.115556590159205,7.6236187499999994,15.83454375828252
3.2051815815840676,8.06854375,17.2407652118035
3.0962650325970817,7.5295,15.54221837529315
4.592503210078736,16.564899999999998,50.71623761642217
6.588870243125246,34.096656249999995,149.77229583713026
3.478995135740391,9.50599375,22.047537344419037
4.618523266519893,16.753137499999998,51.58317022063794
2.4299449527129227,4.6374875,7.51255956259618
3.4443774075590525,9.31775625,21.39591274442811
2.528807918105647,5.02251875,8.467323455889382
2.161849407715686,3.67063125,5.290234662503457
2.071786042700417,3.3711625,4.656218276783363
2.565164738608946,5.167975,8.837804826675042
3.2923677005108396,8.51346875,18.68631302120559
2.0076946147800685,3.1658125,4.237323138435617
2.077037726772803,3.3882749999999997,4.691716669120746
3.201780857462994,8.05143125,17.18594563428623
3.044819638714064,7.2813687499999995,14.78030304447925
2.116009937655572,3.5166187499999997,4.960800147963944
4.087986678185011,13.125287499999999,35.77066696489883
2.8026213392457446,6.16905625,11.526352459504889
2.380117863554854,4.44925,7.059826269614289
2.5545252703642416,5.12519375,8.728291299925248
2.3268853559546496,4.25245625,6.596652116641882
2.5481202658755295,5.099525,8.662801999225938
2.450036709093717,4.71449375,7.700455168195265
2.537409330418011,5.05674375,8.554019181855306
2.5630403782125755,5.1594187499999995,8.815865722904702
2.5136846253441054,4.962625,8.316316109232192
3.0608779843356384,7.358375,15.01539202532383
3.2840850013502747,8.4706875,18.545638513250168
3.1068025504063255,7.5808374999999995,15.701443519477273
2.2843600097998285,4.0984437499999995,6.241547336609362
2.911297520850472,6.6567625,12.919877442093592
3.1329912902896573,7.709181249999999,16.10186514100955
3.966252772340727,12.355224999999999,32.66929693942897
2.0239077551471385,3.2171499999999997,4.340809889647745
3.1658527107667243,7.87175,16.613867383985305
3.280766066696093,8.453574999999999,18.48946800151361
2.528807918105647,5.02251875,8.467323455889382
2.407424124384527,4.551925,7.305609371592692
4.135677053613492,13.4333125,37.03722817351286
3.4443774075590525,9.31775625,21.39591274442811
2.588417634502544,5.26209375,9.080330837937082
2.8335477523539025,6.3059562499999995,11.912152105753027
2.154277232409223,3.6449624999999997,5.234839817823602
2.6753430427701486,5.62145625,10.026215912449514
2.7831178222722097,6.08349375,11.287386584871063
2.5545252703642416,5.12519375,8.728291299925248
2.00497967829159,3.1572562499999997,4.220156413606076
3.559480756928824,9.95091875,23.613402536258146
2.4478124356355675,4.7059375,7.679501555882501
4.550801059118173,16.26543125,49.347161173009226
4.322438812835643,14.67396875,42.284888042224885
2.598918357678237,5.304875,9.19129134845889
2.279586002471368,4.08133125,6.202497059299313
2.3198519332475245,4.2267874999999995,6.537014102200981
2.60101341513872,5.31343125,9.213537307778198
2.5136846253441054,4.962625,8.316316109232192
2.380117863554854,4.44925,7.059826269614289
2.8200591791463125,6.2460625,11.742843924431044
2.0426604446963794,3.27704375,4.462591762442995
2.380117863554854,4.44925,7.059826269614289
2.5093469437250118,4.9455124999999995,8.273337784685895
2.8507964268887416,6.3829625,12.131017791976552
2.526652989790877,5.0139625,8.445695560882895
2.6996648434119224,5.72413125,10.302157263133696
4.3136084893886135,14.614075,42.02626532304125
2.1492142941939174,3.62785,5.1980180514609335
3.217055806464697,8.1284375,17.433091371240252
3.136466600609695,7.72629375,16.155508195582957
2.8200591791463125,6.2460625,11.742843924431044
2.567287341155513,5.17653125,8.859762099480616
2.4142024319084197,4.57759375,7.367491975692523
2.400626677995703,4.526256249999999,7.243901003463192
2.528807918105647,5.02251875,8.467323455889382
4.501458640222172,15.914625,47.75935080809719
2.43442411771743,4.654599999999999,7.554180332218365
2.469965035906082,4.7915,7.88989164636266
2.405160443466083,4.54336875,7.285020531719961
3.702005951526472,10.7637625,26.565008557211637
2.0822761656770727,3.4053875,4.7273048174297525
3.8107623586672825,11.40548125,28.97571908665697
4.454015919515765,15.580931249999999,46.265143885587094
2.420961761324711,4.6032625,7.429548326559994
3.7921347191423873,11.29425,28.552878367782604
2.615631831262586,5.3733249999999995,9.36975993981269
3.431702562703548,9.24930625,21.1605786409033
2.423210681234937,4.611818749999999,7.450272303279704
2.3846906206303164,4.4663625,7.100595174723314
2.8142585713333896,6.2203937499999995,11.670530952004095
2.43442411771743,4.654599999999999,7.554180332218365
2.1390524675540097,3.593625,5.124634949142516
3.3400023346027172,8.7616,19.509176303236778
2.3221987744478114,4.23534375,6.5568733770767995
2.364043559968902,4.38935625,6.917752916814497
6.366023859463745,31.82925,135.08384328589088
2.2165884350602267,3.8588687499999996,5.702349229110207
2.087501459126698,3.4225,4.762982495907414
2.883095717642843,6.528418749999999,12.548037427402825
2.4743717566905366,4.8086125,7.932196639246047
3.541069526102377,9.84824375,23.248877219168797
3.7152248206305334,10.840768749999999,26.850595423143893
2.352494670378073,4.346575,6.816863014599048
2.7733146293516726,6.0407125,11.168530898638341
5.079110263007497,20.2612,68.60591257389832
2.892526870465286,6.571199999999999,12.671581714134321
3.61113618657679,10.241831249999999,24.65643162912533
2.315151113962757,4.209675,6.497355843780778
3.463302700596484,9.42043125,21.75053665927234
2.615631831262586,5.3733249999999995,9.36975993981269
2.5736446451717576,5.2021999999999995,8.925742782075009
2.391533362444715,4.49203125,7.161895066346158
2.5799862843017562,5.22786875,8.99188644741984
2.3268853559546496,4.25245625,6.596652116641882
3.9442178642192496,12.218325,32.12782382389111
2.5158506616144725,4.97118125,8.337833091211975
2.364043559968902,4.38935625,6.917752916814497
3.5884386883691852,10.1134875,24.194419879558765
4.148827093327893,13.518875,37.39164991420874
2.679412007924111,5.63856875,10.072032544170428
4.053194669491891,12.902825,34.8651076742578
2.4633401736330716,4.76583125,7.826575719253945
2.5926230274208835,5.27920625,9.124661126836168
2.420961761324711,4.6032625,7.429548326559994
2.2067368821461666,3.82464375,5.626654949463213
2.108273129528813,3.4909499999999998,4.906584054352405
3.748794613270498,11.0375625,27.5850365624243
2.9943096480439215,7.04179375,14.056873976773588
4.73154206166295,17.58309375,55.463431768191946
2.6093768239083728,5.34765625,9.30270018731917
3.2119722281402594,8.10276875,17.35057879736184
2.9392287411376654,6.78510625,13.295319534448533
2.648742412993063,5.510225,9.730111108423133
2.199319258193377,3.798975,5.570105919263456
3.3400023346027172,8.7616,19.509176303236778
2.2410278554692598,3.9444312499999996,5.893053536822288
3.1624096942932196,7.8546375,16.55972118343937
2.2867432759772823,4.107,6.261103089625798
3.2724540035134724,8.41079375,18.349290453275728
3.9109327301699897,12.012974999999999,31.321291409475883
4.335022358564533,14.75953125,42.65526531378795
3.1983765174705714,8.034318749999999,17.13118428258234
3.280766066696093,8.453574999999999,18.48946800151361
2.62187191607027,5.39899375,9.436980058775939
2.5968216099729116,5.29631875,9.169063322203144
3.2641207737824516,8.368012499999999,18.209468957680816
2.634307741970522,5.45033125,9.571899872119248
4.138310404439769,13.450425,37.10802248109118
2.6384399919488617,5.46744375,9.6170148291539
3.6828282662957683,10.65253125,26.15429546339933
2.5566567060878826,5.13375,8.75015757658578
2.1744111020949703,3.7134125,5.382990244438828
2.6239486466264217,5.40755,9.459422336043138
2.2938782177332855,4.13266875,6.319892551154697
2.1869006425046074,3.75619375,5.476281683497861
2.3127971213723777,4.20111875,6.477556901029015
2.2165884350602267,3.8588687499999996,5.702349229110207
2.729762371448094,5.852475,10.650577356560458
2.9521728749706018,6.845,13.471748886115844
2.886871876062355,6.54553125,12.597406719674845
2.7811599480782414,6.0749375,11.263581908052371
3.328566734221971,8.701706249999999,19.309473303147605
2.1339534079355196,3.5765124999999998,5.088074025265988
6.423944456280519,32.411075,138.80463037889473
5.439533739320208,23.238775,84.27206711531396
2.407424124384527,4.551925,7.305609371592692
2.108273129528813,3.4909499999999998,4.906584054352405
2.4411274551911886,4.68026875,7.616755028865561
2.472169378188552,4.80005625,7.911034716555048
3.5701767953322814,10.0108125,23.82691365994823
3.110307122925408,7.59795,15.754638669754064
2.2843600097998285,4.0984437499999995,6.241547336609362
3.41100548999203,9.138074999999999,20.780015995305934
2.7948362649316416,6.1348312499999995,11.430565904490608
2.5093469437250118,4.9455124999999995,8.273337784685895
2.735742142844943,5.87814375,10.720723719050405
2.569408190208785,5.1850875,8.881737526299462
3.94697895511688,12.2354375,32.19534287943193
2.029283349622228,3.2342625,4.375490026371708
2.300991035479094,4.1583375,6.37886487333103
2.3033570937242436,4.16689375,6.398562851905141
3.034066857729242,7.23003125,14.624265463981143
3.3740765948773377,8.94128125,20.112378529227062
2.100507824581783,3.46528125,4.852566920001027
3.61113618657679,10.241831249999999,24.65643162912533
3.335106164365339,8.73593125,19.4235054422312
2.095314966638671,3.44816875,4.816666392913839
2.8736336123133897,6.485637499999999,12.42489727818679
2.467758724580645,4.782943749999999,7.8687674454939796
2.79093558436374,6.11771875,11.382772636336172
3.2406737330180566,8.248225,17.81987073434857
2.159328299677013,3.6620749999999997,5.271748122026462
2.7967845651089553,6.143387499999999,11.454487558322192
4.298428588387835,14.5114,41.58414441168747
4.698037862927577,17.3349625,54.29354011828644
2.469965035906082,4.7915,7.88989164636266
2.0691552022198847,3.36260625,4.638502810136398
2.6197935392742973,5.3904375,9.414555557574595
3.618670382513108,10.2846125,24.811081766249394
2.411945112637907,4.569037499999999,7.346845111722878
2.34553804202646,4.32090625,6.756566656936595
7.822561820498079,48.060456249999994,250.63726009131219
2.6093768239083728,5.34765625,9.30270018731917
2.354808979516572,4.3551312499999995,6.83700144964882
2.858429094971603,6.4171875,12.228716971925389
3.8406623162135567,11.5851625,29.663131360640296
2.654904675869217,5.53589375,9.798180134660118
2.066521012479421,3.35405,4.620809867937733
2.6569555874735418,5.544449999999999,9.820904937978451
2.5201771491812353,4.9882937499999995,8.380922614769048
5.08125470484381,20.2783125,68.69284719794535
2.6875314568626867,5.672793749999999,10.163874434279359
2.729762371448094,5.852475,10.650577356560458
2.4411274551911886,4.68026875,7.616755028865561
4.772806291067419,17.89111875,56.927229416156166
2.469965035906082,4.7915,7.88989164636266
3.1761593664986107,7.923087499999999,16.776659049808703
2.743694898409151,5.91236875,10.814490651259124
3.8576439568003895,11.687837499999999,30.058343799959985
3.94007259994817,12.192656249999999,32.0266338741412
4.230732568855411,14.057918749999999,39.6501964706321
3.678388447603539,10.6268625,26.059818836180842
2.257978064546162,4.004325,6.0277853422092065
2.4187107503671883,4.59470625,7.408843601102873
2.416457642518728,4.58615,7.3881581448248435
2.1262818909250245,3.55084375,5.033396508752869
2.118582595064865,3.525175,4.978916266371856
2.3571210163813228,4.3636875,6.857159676780315
2.1668828240931584,3.6877437499999997,5.327272394354595
4.271733963687626,14.331718749999999,40.81419316159584
2.697646402125319,5.715574999999999,10.279066889884946
2.3778281873504405,4.440693749999999,7.039471180093952
3.388574961660256,9.0182875,20.372762146369105
2.4299449527129227,4.6374875,7.51255956259618
3.1881416863714414,7.98298125,16.967250203097723
2.571527290107306,5.19364375,8.903731092146831
2.4478124356355675,4.7059375,7.679501555882501
2.9429328746063828,6.80221875,13.345648786425956
2.526652989790877,5.0139625,8.445695560882895
2.1441394009387964,3.6107375,5.161283026798166
2.0479868173492943,3.29415625,4.4975923828591915
2.879314606878036,6.51130625,12.4987327969875
2.5630403782125755,5.1594187499999995,8.815865722904702
2.3033570937242436,4.16689375,6.398562851905141
3.155512391219717,7.8204125,16.451605698799707
3.044819638714064,7.2813687499999995,14.78030304447925
2.2190444894813144,3.867425,5.721325423154848
3.4680178868516265,9.4461,21.839495840659435
2.3778281873504405,4.440693749999999,7.039471180093952
2.3175027154973598,4.21823125,6.517174917647214
4.563948509139003,16.35955,49.77609588845664
3.9799626396044103,12.440787499999999,33.00924630483837
2.0822761656770727,3.4053875,4.7273048174297525
3.359515659348425,8.864275,19.853113780847174
2.0185178447651753,3.2000374999999996,4.306221865111826
2.4254575159144154,4.620375,7.471015513395376
2.681444175078526,5.647125,10.094966958126879
2.9997621132237864,7.0674624999999995,14.133804162753243
2.489733857521782,4.868506249999999,8.080856564120932
2.3778281873504405,4.440693749999999,7.039471180093952
2.571527290107306,5.19364375,8.903731092146831
4.630302227925514,16.8387,51.97884675024623
3.826453379911544,11.4996,29.335122191753857
2.4028946300159157,4.5348125,7.264451069586032
2.5093469437250118,4.9455124999999995,8.273337784685895
4.160626593798503,13.59588125,37.71159006325096
2.9888472361104363,7.016125,13.980083876303558
2.669227964961913,5.5957875,9.95762165398954
2.354808979516572,4.3551312499999995,6.83700144964882
2.3617382999764818,4.3808,6.897535429691315
2.9038038211097428,6.6225375,12.820366465295043
2.7117439410612056,5.77546875,10.441061593067223
4.474757922036538,15.7263875,46.91451803376093
2.3292251105487503,4.2610125,6.616571540908072
4.030283659901446,12.75736875,34.27720987764156
3.721084800330105,10.87499375,26.977849297873256
2.128842134948089,3.5593999999999997,5.051600463422816
2.9429328746063828,6.80221875,13.345648786425956
2.5459816836558233,5.09096875,8.641008793042786
3.0358616327207075,7.2385874999999995,14.650233377561134
2.272406186204278,4.0556624999999995,6.144075036104471
4.308554464818446,14.579849999999999,41.878718542588814
3.247390162467662,8.282449999999999,17.93089776742019
2.65079809231917,5.51878125,9.752783206284535
2.886871876062355,6.54553125,12.597406719674845
4.308554464818446,14.579849999999999,41.878718542588814
2.141597444620146,3.6021812499999997,5.1429481067057345
2.22884164303253,3.9016499999999996,5.797439997691914
2.0822761656770727,3.4053875,4.7273048174297525
2.4455861391898446,4.697381249999999,7.658566983660178
2.769383635697071,6.0236,11.121106178656586
2.3292251105487503,4.2610125,6.616571540908072
2.3198519332475245,4.2267874999999995,6.537014102200981
3.8036086779481186,11.3627,28.812842883280727
3.115556590159205,7.6236187499999994,15.83454375828252
2.108273129528813,3.4909499999999998,4.906584054352405
2.785074320104196,6.0920499999999995,11.311208007860511
2.472169378188552,4.80005625,7.911034716555048
2.0131135034881087,3.182925,4.271726198726592
2.359430787652217,4.37224375,6.877337676579988
3.0412396026274484,7.26425625,14.728229194089304
4.926680347266143,19.063325,62.61260575403156
4.3475694828031,14.84509375,43.02671770456735
2.9906691486454386,7.0246812499999995,14.005664995628715
2.0131135034881087,3.182925,4.271726198726592
3.280766066696093,8.453574999999999,18.48946800151361
4.447896922369792,15.53815,46.074726376213455
2.97972096370311,6.97334375,13.852412372655369
3.8335644311671193,11.54238125,29.498974807313513
3.937306665876187,12.17554375,31.959233045028096
3.0250770102425157,7.18725,14.494656494577011
2.524496222014313,5.00540625,8.424086111847886
2.628097184626533,5.4246625,9.504360162532752
3.285743211504587,8.47924375,18.573745060170133
2.6773782983271666,5.630012499999999,10.049115524540449
2.6363746765701705,5.4588874999999994,9.594448511496964
2.1030994453386973,3.4738374999999997,4.870550479631178
2.9336637716626264,6.7594375,13.219944607045194
2.535261713164489,5.0481875,8.532317659750372
2.350178082253045,4.33801875,6.796744391101834
5.175782959761773,21.03981875,72.59835690848416
2.646685137022096,5.501668749999999,9.707456606295954
2.2190444894813144,3.867425,5.721325423154848
3.1606867795947604,7.846081249999999,16.532670185667556
3.713758380936291,10.832212499999999,26.8188133039719
2.524496222014313,5.00540625,8.424086111847886
2.154277232409223,3.6449624999999997,5.234839817823602
2.628097184626533,5.4246625,9.504360162532752
3.064435077905858,7.375487499999999,15.067801741104113
2.1030994453386973,3.4738374999999997,4.870550479631178
2.015817485235409,3.19148125,4.288962471700639
2.613548492157631,5.36476875,9.347388851557914
2.087501459126698,3.4225,4.762982495907414
2.071786042700417,3.3711625,4.656218276783363
3.6872627390234904,10.6782,26.24888598656042
2.366346574212045,4.3979124999999994,6.93799011870622
2.8736336123133897,6.485637499999999,12.42489727818679
2.375536304227667,4.4321375,7.0191356910525675
2.6301689998356665,5.43321875,9.52685568371726
4.101289631270209,13.210849999999999,36.12101475017736
2.1056878764049,3.48239375,4.888556200162131
2.2676070125553482,4.03855,6.105229533703601
2.43442411771743,4.654599999999999,7.554180332218365
3.9552506630128232,12.286774999999999,32.39818331002625
3.6680079717035365,10.56696875,25.83981707449477
2.118582595064865,3.525175,4.978916266371856
2.4853543750501683,4.85139375,8.038288454435692
2.3198519332475245,4.2267874999999995,6.537014102200981
2.6301689998356665,5.43321875,9.52685568371726
2.4254575159144154,4.620375,7.471015513395376
3.326929868259095,8.69315,19.281000256171033
2.097913002313169,3.456725,4.834605548613991
2.3104407304178385,4.1925625,6.457778109881625
3.215362173387873,8.119881249999999,17.405572682434293
3.1915569435760687,8.00009375,17.021836504714663
2.461127923367652,4.757275,7.80550822775923
2.3824053392039657,4.45780625,7.080200940757871
2.409685678781207,4.56048125,7.326217570983477
4.146200421907062,13.5017625,37.320675582659305
4.5936891373315785,16.57345625,50.755537295776776
3.7034770447502514,10.77231875,26.59669013957181
3.436461107946664,9.274975,21.248727243118402
2.494105649927359,4.88561875,8.123499551844024
2.366346574212045,4.3979124999999994,6.93799011870622
3.2187485483900202,8.13699375,17.460624547380775
5.647839263150697,25.052699999999998,94.32908180529029
2.0532993731421074,3.31126875,4.532684032453365
3.3933939851356385,9.043956249999999,20.45980449371991
4.185427411180547,13.75845,38.38999584357133
2.7536035435097777,5.95515,10.932081428088166
2.862237796321168,6.4342999999999995,12.27766443524619
3.158962925209863,7.837524999999999,16.50563393360362
2.4478124356355675,4.7059375,7.679501555882501
2.9521728749706018,6.845,13.471748886115844
2.2938782177332855,4.13266875,6.319892551154697
2.4142024319084197,4.57759375,7.367491975692523
2.171904575495715,3.7048562499999997,5.364396160619264
3.4412130730301977,9.300643749999999,21.336997906731067
6.139525979833885,29.604625,121.1722428738265
2.922502042777378,6.7081,13.069623968769953
2.411945112637907,4.569037499999999,7.346845111722878
2.4478124356355675,4.7059375,7.679501555882501
2.7036972053955304,5.74124375,10.348389788246372
3.6531275534717222,10.48140625,25.526609314003814
2.644626260680142,5.4931125,9.68481971358023
2.3824053392039657,4.45780625,7.080200940757871
2.2214978285274163,3.8759812499999997,5.740322620191986
2.359430787652217,4.37224375,6.877337676579988
4.172392725489188,13.6728875,38.0324375609547
3.7356945337907574,10.96055625,27.296860046954084
2.8412267576327683,6.34018125,12.009261743827713
2.1056878764049,3.48239375,4.888556200162131
2.296251605039368,4.1412249999999995,6.339529702052771
2.598918357678237,5.304875,9.19129134845889
3.225510632625697,8.17121875,17.5709019730903
3.16413167084026,7.86319375,16.58678691888546
2.3869737141361322,4.47491875,7.121008952763276
3.194968550048326,8.01720625,17.07648121866725
3.576274454421478,10.0450375,23.949207336637198
3.312161672627518,8.616143749999999,19.025374063066085
4.53160940351183,16.128531249999998,48.725469251556255
2.2361613397248123,3.92731875,5.854745571684249
3.1207972273200273,7.6492875,15.91458348064916
4.505087386188503,15.940293749999999,47.874944203509614
2.6384399919488617,5.46744375,9.6170148291539
2.141597444620146,3.6021812499999997,5.1429481067057345
2.6630988455877476,5.57011875,9.88918454194111
2.4633401736330716,4.76583125,7.826575719253945
2.707723562362465,5.758356249999999,10.394691265734776
2.528807918105647,5.02251875,8.467323455889382
3.3643763066831878,8.88994375,19.93941074683086
2.9094259054073643,6.648206249999999,12.894975658827429
3.046608079184699,7.289924999999999,14.806362934433674
2.755580996937714,5.9637062499999995,10.95565040921245
3.754602199421993,11.0717875,27.71343846602195
3.635190648601337,10.37873125,25.152444522897643
2.8603340795849035,6.42574375,12.253182556536464
2.34553804202646,4.32090625,6.756566656936595
3.4094082033251945,9.129518749999999,20.75083741244078
2.3960843339489126,4.50914375,7.202859132599101
3.1347294270615276,7.717737499999999,16.12867923439084
2.7117439410612056,5.77546875,10.441061593067223
4.501458640222172,15.914625,47.75935080809719
3.335106164365339,8.73593125,19.4235054422312
2.164367579108341,3.6791875,5.308742761640446
2.571527290107306,5.19364375,8.903731092146831
2.0744135466639464,3.37971875,4.673956239276093
2.648742412993063,5.510225,9.730111108423133
3.171010226068806,7.89741875,16.69519707719835
2.4633401736330716,4.76583125,7.826575719253945
2.5438413035518352,5.082412499999999,8.619233892792094
3.596020439243632,10.156268749999999,24.34810000763425
2.7397214062468325,5.89525625,10.767573162290283
2.420961761324711,4.6032625,7.429548326559994
2.400626677995703,4.526256249999999,7.243901003463192
3.5777972454014604,10.05359375,23.979813350090225
2.141597444620146,3.6021812499999997,5.1429481067057345
2.6405036919061016,5.476,9.639598811251876
2.0744135466639464,3.37971875,4.673956239276093
2.1844084472306053,3.7476374999999997,5.457580674772125
2.5438413035518352,5.082412499999999,8.619233892792094
2.494105649927359,4.88561875,8.123499551844024
2.5459816836558233,5.09096875,8.641008793042786
3.6872627390234904,10.6782,26.24888598656042
2.6093768239083728,5.34765625,9.30270018731917
2.1668828240931584,3.6877437499999997,5.327272394354595
2.189390000900183,3.76475,5.495004003925975
2.480967161788268,4.83428125,7.995795354732492
2.3127971213723777,4.20111875,6.477556901029015
2.3938099297021815,4.5005875,7.182367364662343
2.550257054733938,5.10808125,8.684613495977766
2.2771952456495144,4.072775,6.1830025777334665
2.2214978285274163,3.8759812499999997,5.740322620191986
2.029283349622228,3.2342625,4.375490026371708
3.7415224539233627,10.994781249999999,27.424813948567046
2.366346574212045,4.3979124999999994,6.93799011870622
4.994758943845652,19.5938125,65.24424681893981
2.2434571546708417,3.9529875,5.9122387261329346
10.245252152068229,82.43946875,563.0754297508661
2.65079809231917,5.51878125,9.752783206284535
4.718861575304434,17.488975,55.018701412639906
3.078622353186081,7.4439375,15.278048255480071
7.2109504154582735,40.838981249999996,196.32524587438675
3.4078101679886,9.1209625,20.72167249956181
4.573486551954565,16.428,50.08882471700638
2.759531652725427,5.98081875,11.002839099892482
2.1339534079355196,3.5765124999999998,5.088074025265988
2.9094259054073643,6.648206249999999,12.894975658827429
3.756052692889053,11.080343749999999,27.745569986882597
8.107733125041745,51.628412499999996,279.0595934797129
2.5158506616144725,4.97118125,8.337833091211975
6.800418487339423,36.32128125,164.66660833090313
4.446672112509762,15.52959375,46.036674297820596
2.9815484529664165,6.9818999999999996,13.877915429177477
2.066521012479421,3.35405,4.620809867937733
4.5865689742235745,16.52211875,50.51989149812505
2.759531652725427,5.98081875,11.002839099892482
2.1390524675540097,3.593625,5.124634949142516
2.3938099297021815,4.5005875,7.182367364662343
6.1244247572752775,29.45916875,120.28030828083347
7.11666569175639,39.77800625,188.72451491056418
6.748153189754675,35.765125,160.8990282338165
2.0479868173492943,3.29415625,4.4975923828591915
3.537991672825366,9.83113125,23.188306997968816
3.394998806216192,9.052512499999999,20.48884608717144
2.2676070125553482,4.03855,6.105229533703601
5.269649255261489,21.80988125,76.620282990936
3.003391590792335,7.084575,14.185168652891734
7.862152397354601,48.5481625,254.46203479102377
2.296251605039368,4.1412249999999995,6.339529702052771
3.3170917100958537,8.6418125,19.110456402635144
6.162550389998921,29.827087499999998,122.54061980377122
4.515956129092324,16.0173,48.22228273767365
4.562754851864988,16.35099375,49.73705071041773
3.769082014821496,11.15735,28.035311478712412
3.335106164365339,8.73593125,19.4235054422312
5.759575034443038,26.05378125,100.03913869356008
3.3170917100958537,8.6418125,19.110456402635144
4.156697148633686,13.5702125,37.60484240340214
4.580627050528901,16.4793375,50.32379941819688
2.0212145965953465,3.20859375,4.323504348029735
4.217837895252437,13.972356249999999,39.28875578481149
4.264076233065558,14.28038125,40.5950895248267
3.092744548192451,7.5123875,15.48926365635608
5.386198756164402,22.785293749999997,81.81741390339366
3.9648791782658224,12.34666875,32.63536656521354
4.836295340434927,18.370268749999997,59.229363438774904
3.1537857085234147,7.81185625,16.424613732192878
5.08446967176138,20.30398125,68.82331792109113
6.370300664688825,31.87203125,135.35628123790536
7.169283598951337,40.3683875,192.94161227990807
10.337875455528602,83.9368125,578.4855425060375
3.8036086779481186,11.3627,28.812842883280727
3.3933939851356385,9.043956249999999,20.45980449371991
2.151747252402591,3.63640625,5.21641810470474
3.1468695034697536,7.77763125,16.31679372657222
6.122645694127421,29.44205625,120.1755192835465
6.6119775744228955,34.33623125,151.35359401013244
6.304980151719926,31.22175625,131.235035638725
2.045325364870306,3.2855999999999996,4.480080679211918
4.25384448170798,14.21193125,40.303563548150464
4.047815510294277,12.868599999999999,34.72647911718196
2.644626260680142,5.4931125,9.68481971358023
5.824465755015622,26.6441625,103.45867470154758
3.846331193566337,11.6193875,29.794675060923183
3.0501818142305486,7.3070375,14.858528598933766
2.1313993035996277,3.56795625,5.069826311015959
4.704989340756146,17.3863,54.53490411679238
8.551752349793572,57.43810625,327.46430672742014
3.460155673412631,9.40331875,21.691297814479906
4.308554464818446,14.579849999999999,41.878718542588814
2.611463491034249,5.3562125,9.325035595980852
3.8007434355995344,11.345587499999999,28.747778142430086
3.471157785989006,9.4632125,21.89886916656232
3.326929868259095,8.69315,19.281000256171033
8.97504252854603,63.264912499999994,378.53685350149556
2.1943602456640945,3.7818625,5.532512483045218
3.7531511453776845,11.06323125,27.681319358343796
5.769024712715827,26.13934375,100.53234671194933
2.467758724580645,4.782943749999999,7.8687674454939796
4.3375346870040925,14.77664375,42.72946988208482
5.44153614459301,23.2558875,84.36516827055915
3.3756905995593978,8.9498375,20.14125487755612
2.886871876062355,6.54553125,12.597406719674845
3.2907128284784126,8.5049125,18.65814977922427
4.532811262544635,16.1370875,48.76424797644549
4.138310404439769,13.450425,37.10802248109118
5.529909175020431,24.01739375,88.5426707054689
3.1015382666746723,7.55516875,15.621763326206436
3.206880591288111,8.0771,17.2681968159288
3.0519671124894843,7.31559375,14.884634355555741
2.9038038211097428,6.6225375,12.820366465295043
7.588577458761839,45.228337499999995,228.8124949665152
4.585381205467617,16.5135625,50.48065274854323
3.851991728186861,11.6536125,29.92641263566333
8.089573179026438,51.39739375,277.1886519679074
5.529909175020431,24.01739375,88.5426707054689
5.531878866685751,24.03450625,88.63731813040106
3.2221313644034044,8.15410625,17.515734331201884
3.1983765174705714,8.034318749999999,17.13118428258234
3.07153690684622,7.4097124999999995,15.172803608579848
7.352333054937382,42.456112499999996,208.10098621192682
4.511128809562853,15.983075,48.067806731935846
3.478995135740391,9.50599375,22.047537344419037
3.3203743350556003,8.658925,19.16724822611421
5.375062913725373,22.691174999999998,81.31099547423487
3.471157785989006,9.4632125,21.89886916656232
3.300629614882627,8.55625,18.82734142822632
3.1537857085234147,7.81185625,16.424613732192878
4.413473764292333,15.298575,45.013239595705706
2.407424124384527,4.551925,7.305609371592692
2.976062618599029,6.95623125,13.801453192970259
3.0892200518358752,7.4952749999999995,15.436369216016095
4.78306672488943,17.968125,57.295160530769266
3.3805279900509047,8.97550625,20.227966735334554
4.401114530383223,15.2130125,44.63614024310106
3.034066857729242,7.23003125,14.624265463981143
8.589884609439077,57.95148125,331.86435792238143
3.267456616016107,8.385125,18.265354771581368
3.480560487961665,9.51455,22.077311193823775
3.206880591288111,8.0771,17.2681968159288
2.9577030194521066,6.87066875,13.547598471686815
2.0185178447651753,3.2000374999999996,4.306221865111826
4.232019875311144,14.066474999999999,39.68640118371155
2.9577030194521066,6.87066875,13.547598471686815
4.501458640222172,15.914625,47.75935080809719
3.8079024990834727,11.38836875,28.910531882406083
3.863287915863523,11.7220625,30.190468270164633
9.265308852626829,67.42325,416.46482339858125
5.498298145483441,23.74359375,87.03290498849147
4.698037862927577,17.3349625,54.29354011828644
2.3175027154973598,4.21823125,6.517174917647214
4.043776445083852,12.84293125,34.62262858305421
3.1207972273200273,7.6492875,15.91458348064916
4.398638516386754,15.1959,44.56084735410765
5.13881638041757,20.74035,71.0539002103957
9.24529863419821,67.13233749999999,413.7723387995222
2.3033570937242436,4.16689375,6.398562851905141
8.23306976331256,53.2369875,292.2025547173991
4.422104675273893,15.35846875,45.27783764294865
3.2322585701951487,8.205443749999999,17.68141058879448
2.090109207125488,3.4310562499999997,4.780854838860301
3.1983765174705714,8.034318749999999,17.13118428258234
2.079658595609427,3.39683125,4.7094995379314755
3.713758380936291,10.832212499999999,26.8188133039719
3.289057123805811,8.49635625,18.630000700303018
2.2676070125553482,4.03855,6.105229533703601
6.165201519564448,29.85275625,122.69883879712468
4.798983796254104,18.087912499999998,57.86906599704135
9.001707129584592,63.6413875,381.92075439693707
6.935250399101437,37.77584375,174.656623629054
2.5093469437250118,4.9455124999999995,8.273337784685895
6.666127941397279,34.900943749999996,155.1027708753398
2.4187107503671883,4.59470625,7.408843601102873
2.090109207125488,3.4310562499999997,4.780854838860301
2.582096702883109,5.236425,9.013970484929787
3.0909828023655335,7.503831249999999,15.462808897068708
2.0532993731421074,3.31126875,4.532684032453365
3.1190513266366313,7.64073125,15.887888627857642
3.356271317056773,8.8471625,19.795651824060194
5.6149520962630515,24.7617875,92.69083375356345
3.6216796723325553,10.301725,24.873032014973397
2.2410278554692598,3.9444312499999996,5.893053536822288
3.18984977204789,7.9915375,16.994536048458105
4.977279418864477,19.456912499999998,64.56166009393132
4.983841424903058,19.50825,64.8173496515767
3.7122913619649927,10.823656249999999,26.78704373450227
3.620175340108847,10.29316875,24.842050453552673
3.213667647750611,8.111324999999999,17.37806848859382
4.018101414421596,12.6803625,33.967321664419046
3.1173044481312844,7.632174999999999,15.861208717610925
6.286811388982079,31.042074999999997,130.10378043175723
2.2676070125553482,4.03855,6.105229533703601
4.613803261948544,16.7189125,51.42518201915485
3.4189807299879553,9.18085625,20.926113735692986
4.677121439103072,17.18095,53.5715930594386
2.9906691486454386,7.0246812499999995,14.005664995628715
2.5201771491812353,4.9882937499999995,8.380922614769048
3.8941834766301406,11.9103,30.92059564113864
6.826002094220034,36.59508125,166.5320675004349
5.2250123991937505,21.4419625,74.68967995036496
5.095171577249158,20.389543749999998,69.25881585871878
4.503878129050577,15.931737499999999,47.83640272268328
2.5136846253441054,4.962625,8.316316109232192
3.40301155941066,9.09529375,20.63425984499035
3.3022795173175266,8.56480625,18.85558949944542
2.1844084472306053,3.7476374999999997,5.457580674772125
5.351704003572057,22.49438125,80.25551346233414
6.747345946114039,35.75656875,160.84129280150697
2.340888804468089,4.30379375,6.71646840407649
3.312161672627518,8.616143749999999,19.025374063066085
3.2322585701951487,8.205443749999999,17.68141058879448
6.244212024247527,30.622818749999997,127.47691537006838
2.0744135466639464,3.37971875,4.673956239276093
7.900165750870922,49.018756249999996,258.17086618435997
3.933154117701102,12.149875,31.858220590535772
4.407298479661156,15.255793749999999,44.824557733599434
2.8679413645075416,6.45996875,12.35120772770072
6.268589966466728,30.86239375,128.97579453493034
3.2741181043093106,8.41935,18.37729750767773
4.620881460835677,16.77025,51.662224879053
4.2217104327738335,13.998025,39.39707212048596
4.375046495364694,15.03333125,43.84768213264602
6.110177748138927,29.32226875,119.44284936079961
2.91316793384191,6.66531875,12.944795234223491
3.6620630602246775,10.53274375,25.714381206458228
4.506296318824296,15.948849999999998,47.913496029653906
3.1778738925972974,7.931643749999999,16.803842399005013
4.560366600012351,16.33388125,49.65899100071199
2.761504861166854,5.989375,11.026458785234148
7.224534635502924,40.99299375,197.4368687732199
6.794809232934014,36.2613875,164.25947372266538
2.911297520850472,6.6567625,12.919877442093592
3.2641207737824516,8.368012499999999,18.209468957680816
3.3901820639377838,9.02684375,20.401762516812592
2.0346447416596565,3.251375,4.410262031275778
4.283194889240292,14.408724999999999,41.143584853645876
4.283194889240292,14.408724999999999,41.143584853645876
5.056538716438413,20.08151875,67.69531802950594
2.707723562362465,5.758356249999999,10.394691265734776
4.565141854304943,16.36810625,49.81515127839021
4.304760052400487,14.55418125,41.768172026930806
5.198884560688227,21.228056249999998,73.5748092610308
6.958773079636657,38.03253125,176.43983640862658
6.0905336945993485,29.13403125,118.29453265842353
3.0697629899169425,7.40115625,15.146530359228313
2.963222843263738,6.8963375,13.623589876570895
8.441485262985523,55.96643125,314.95986974584486
2.0399920432375636,3.2684875,4.445125662280955
5.9071127636445775,27.40566875,107.92558377956021
7.059799078938371,39.14484375,184.23648790095763
9.97915220182889,78.21268125,520.330833537919
2.029283349622228,3.2342625,4.375490026371708
4.0343362337356705,12.783037499999999,34.38071424230123
2.0076946147800685,3.1658125,4.237323138435617
4.581816051730114,16.487893749999998,50.362997495313735
2.274801976206745,4.06421875,6.163528562824337
3.901171071477436,11.95308125,31.087343191679558
3.8292993850501893,11.516712499999999,29.400626729366547
2.154277232409223,3.6449624999999997,5.234839817823602
7.732213611267191,46.9567,242.05282325346008
4.848668717732078,18.4643875,59.68513204222215
2.015817485235409,3.19148125,4.288962471700639
3.5854014989224674,10.096375,24.133038705788877
7.74418026519234,47.10215625,243.1783925861707
3.6635501924931737,10.5413,25.74572109608552
2.1668828240931584,3.6877437499999997,5.327272394354595
4.333765648186317,14.750974999999999,42.61817915483676
3.201780857462994,8.05143125,17.18594563428623
5.574058888945644,24.402424999999997,90.68036932205293
3.8885843601805328,11.876075,30.787413003554
3.5426074499647218,9.8568,23.27918207520817
6.1244247572752775,29.45916875,120.28030828083347
2.569408190208785,5.1850875,8.881737526299462
3.707886822511709,10.7979875,26.69181037393077
7.079831289458791,39.36730625,185.80925771363772
3.008827598119579,7.1102437499999995,14.262331749571496
3.7806259377632156,11.2258,28.293700434761547
3.6005618265795523,10.1819375,24.440463655412557
2.0927137055902736,3.4396125,4.798749480446416
3.953873246755482,12.278218749999999,32.364347088957686
4.0343362337356705,12.783037499999999,34.38071424230123
6.058251486549808,28.82600625,116.42346347690437
4.168474371775743,13.647218749999999,37.925387736928265
4.85428255395036,18.507168749999998,59.89268425742685
3.472726670944136,9.471768749999999,21.92857597276013
4.678285916013709,17.18950625,53.611616661736406
3.167572815599297,7.880306249999999,16.640962570731485
10.08503044412466,79.88114999999999,537.069219774459
4.95094442232394,19.2515625,63.54227732026382
2.0822761656770727,3.4053875,4.7273048174297525
7.9729166188933505,49.925718749999994,265.3690618213802
3.0358616327207075,7.2385874999999995,14.650233377561134
3.2221313644034044,8.15410625,17.515734331201884
3.244033685950636,8.2653375,17.87535551716734
4.386237480950462,15.1103375,44.18501912820752
4.15013980561935,13.52743125,37.42715393226941
4.518367854833845,16.0344125,48.29958267409732
5.801038479012503,26.43025625,102.21528901094047
4.123806165315412,13.35630625,36.719212039727175
2.354808979516572,4.3551312499999995,6.83700144964882
2.713751896864708,5.784025,10.464272543508597
3.414197821518995,9.1551875,20.838414145398623
4.290818499347415,14.4600625,41.36366911781322
5.197836715356474,21.2195,73.53033078767112
3.8717384281463234,11.773399999999999,30.389016806625275
4.601982070958188,16.63335,51.03091898664824
3.297327333300556,8.539137499999999,18.770887654374523
4.2895488385711795,14.45150625,41.326961233527754
4.6724606293364355,17.146725,53.4115983230392
6.27987612885777,30.973625,129.6736855077948
3.2238214412908768,8.1626625,17.54331092368066
3.8136200736235795,11.422593749999999,29.040955211898158
2.970566653394364,6.9305625,13.725131901176988
6.6800046692054345,35.0464,156.07341042589422
3.9963523972370836,12.543462499999999,33.4187309543523
4.147513965555382,13.51031875,37.35615712981982
4.645570228512568,16.94993125,52.494730660223226
5.718763491842444,25.6858625,97.92758181432323
3.7849458316932236,11.251468749999999,28.390799830492703
3.0015774005991376,7.076018749999999,14.159478644143839
3.6171647987647617,10.27605625,24.780125958417738
6.1995630374382635,30.186449999999997,124.76186643431882
6.420551826280873,32.37685,138.5848289311479
2.3778281873504405,4.440693749999999,7.039471180093952
3.599048667518576,10.17338125,24.409662821313976
4.370063525074245,14.999106249999999,43.698031421225416
6.060948237845864,28.851675,116.57900583343437
2.2819742545695014,4.0898875,6.22201198605708
4.770523197757606,17.87400625,56.84557430165961
5.7991602084503935,26.41314375,102.11603481005348
8.112434623334826,51.68830625,279.54533682935585
5.587723210700305,24.5222125,91.3488906426501
3.250743173337603,8.2995625,17.986497425709175
2.0212145965953465,3.20859375,4.323504348029735
5.272749353140341,21.835549999999998,76.75558809197571
3.659086982479762,10.51563125,25.65173961295492
5.0176084123886735,19.77349375,66.14376572154323
3.4961754631177113,9.6001125,22.375785177113084
6.1722656313283295,29.921206249999997,123.12108865650758
3.8036086779481186,11.3627,28.812842883280727
3.2339433545525544,8.214,17.709073809529787
3.312161672627518,8.616143749999999,19.025374063066085
3.1727275347384585,7.905975,16.72233638096925
4.23716519012973,14.1007,39.83133013097485
3.5472172208802597,9.88246875,23.370175556540676
5.285131560453114,21.938225,77.29760355188101
4.278104935108019,14.3745,40.99707959314013
4.1079249529218185,13.25363125,36.29661501913292
5.5042390420252,23.794931249999998,87.31532639237032
5.46550778550571,23.4612375,85.48505080923235
6.685710244363638,35.10629375,156.47367184400943
4.54121536957167,16.19698125,49.03598679544277
7.343437306906703,42.3534375,207.3465420088276
4.698037862927577,17.3349625,54.29354011828644
4.520778293978271,16.051524999999998,48.37692387016639
4.578248121752229,16.462225,50.245433790741714
12.991657194366745,132.56198125,1148.1332116040483
6.521563037839585,33.4036,145.2291220605189
5.024117744957957,19.82483125,66.40152431594802
2.9466323517107234,6.819331249999999,13.396041385521283
2.5587863663539365,5.14230625,8.772042082744425
4.984934252769476,19.51680625,64.8599973201936
4.559172004942736,16.325325,49.619976474394505
6.213605100812651,30.323349999999998,125.61154815581818
3.267456616016107,8.385125,18.265354771581368
4.293356694481752,14.477174999999999,41.437117468955904
5.810420724313351,26.515818749999998,102.71204185809101
6.3480298129667165,31.64956875,133.94160399502653
4.201015649163566,13.861125,38.820535360008215
3.6066081143424005,10.2161625,24.56379637996037
3.812191483922348,11.4140375,29.008331036446876
3.6769073167008894,10.61830625,26.02835196106386
2.1056878764049,3.48239375,4.888556200162131
3.514821864499256,9.7027875,22.73571310106005
2.4254575159144154,4.620375,7.471015513395376
9.101003623932346,65.05316875,394.6994163613549
3.994989152306667,12.534906249999999,33.38454299595402
3.139938064428885,7.74340625,16.20921068847435
6.370300664688825,31.87203125,135.35628123790536
3.370846267095218,8.92416875,20.05466727857687
3.901171071477436,11.95308125,31.087343191679558
6.998580193329395,38.4689,179.48512106611278
2.3127971213723777,4.20111875,6.477556901029015
3.3901820639377838,9.02684375,20.401762516812592
3.7122913619649927,10.823656249999999,26.78704373450227
3.3236537179142474,8.6760375,19.224096195758953
2.6590049171939327,5.55300625,9.843647282639093
5.270682823822034,21.818437499999998,76.66537584925636
4.242304264414054,14.134924999999999,39.97643506978187
5.943883195066865,27.74791875,109.95359197080386
3.4078101679886,9.1209625,20.72167249956181
3.669492694683467,10.575524999999999,25.87120781996158
3.428526530035434,9.23219375,21.10188080153488
3.267456616016107,8.385125,18.265354771581368
5.031701323228945,19.884725,66.7026647296958
4.999119275486904,19.628037499999998,65.41526707081987
4.757946601838067,17.7798875,56.39717020779208
8.523041196588288,57.053075,324.1771390780276
10.424974762841922,85.35714999999999,593.2307563854081
6.252929342500505,30.70838125,128.0115587858782
3.2187485483900202,8.13699375,17.460624547380775
3.328566734221971,8.701706249999999,19.309473303147605
3.5024019604158667,9.634337499999999,22.495548364872068
6.2118515788077,30.306237499999998,125.50523284139739
5.033865961454794,19.9018375,66.78878824110305
2.097913002313169,3.456725,4.834605548613991
6.1872500897576295,30.0666625,124.0199735012249
3.5008463743029723,9.62578125,22.465587592597355
3.4459584851762006,9.3263125,21.42539046318657
4.070627845297062,13.01405625,35.3169198343415
5.7282804954171365,25.771424999999997,98.41730077773705
3.44911846611089,9.343425,21.484386469481425
3.5210153880067874,9.737012499999999,22.856113897142954
3.267456616016107,8.385125,18.265354771581368
3.3740765948773377,8.94128125,20.112378529227062
3.7604008163124085,11.1060125,27.842038980650543
4.243588060559167,14.143481249999999,40.01273877816163
3.641179434619663,10.412956249999999,25.27696143406286
6.508185458546894,33.2667,144.3372354625613
6.78437974216177,36.150156249999995,163.5042584923218
3.8449147577998133,11.610831249999999,29.761770948965495
7.2853501853930975,41.68605,202.46498139720399
2.298622541762896,4.14978125,6.359187149756672
5.4345244982362235,23.19599375,84.03946419687287
6.533245949639462,33.5233875,146.01102373504608
2.2165884350602267,3.8588687499999996,5.702349229110207
5.190495875012839,21.15960625,73.21923263834725
5.025201813962904,19.8333875,66.44451656135277
4.303494504805182,14.545625,41.73134483763792
3.356271317056773,8.8471625,19.795651824060194
6.880051394314712,37.17690625,170.5193504544132
3.7863847010976777,11.260024999999999,28.42319092931825
6.276405625067512,30.9394,129.45881613080923
4.295893389943535,14.494287499999999,41.51060924212745
5.575036022600086,24.41098125,90.7280665438435
5.182093609892452,21.091156249999997,72.86423068557885
8.782404195370017,60.57825,354.68178463211575
9.999872828678509,78.53781875,523.5787998278682
7.351592153735829,42.44755625,208.0380809818401
2.257978064546162,4.004325,6.0277853422092065
6.504836765009763,33.232475,144.1145501148452
3.654618321766163,10.489962499999999,25.557872764759985
3.5548868886903664,9.92525,23.522094061316036
3.1120579292126247,7.60650625,15.781258725945255
2.1668828240931584,3.6877437499999997,5.327272394354595
3.433289477268227,9.2578625,21.189947935497408
2.015817485235409,3.19148125,4.288962471700639
6.521563037839585,33.4036,145.2291220605189
3.021473581911402,7.1701375,14.442920689948176
2.1693951528489643,3.6963,5.345823535650418
4.389961469860365,15.13600625,44.29765616337712
3.8449147577998133,11.610831249999999,29.761770948965495
5.245820973767713,21.6130875,75.58559181025119
2.121152132207027,3.5337312499999998,4.997054383722734
7.375264075422567,42.72135625,210.05418933596957
3.591473309366789,10.1306,24.255853005247456
4.883370471898223,18.72963125,60.97581879719478
4.225579421304888,14.02369375,39.50548781378799
5.516101639927438,23.89760625,87.88108335064344
3.0997815187191318,7.546612499999999,15.595233304289852
3.5008463743029723,9.62578125,22.465587592597355
2.354808979516572,4.3551312499999995,6.83700144964882
2.5736446451717576,5.2021999999999995,8.925742782075009
4.474757922036538,15.7263875,46.91451803376093
4.713086439649865,17.44619375,54.81694612441947
3.809332697255622,11.396925,28.943119367113347
3.394998806216192,9.052512499999999,20.48884608717144
3.5426074499647218,9.8568,23.27918207520817
3.174443914379685,7.91453125,16.74949037448689
5.744423215929105,25.91688125,99.25168955798516
3.062657047539806,7.3669312499999995,15.041589274369151
5.673819749556898,25.28371875,95.63684185732804
4.9333096577517095,19.114662499999998,62.86569941060962
3.8079024990834727,11.38836875,28.910531882406083
2.0638834606547753,3.3454937499999997,4.60313947889928
3.053751367019267,7.3241499999999995,14.910755383169443
3.2574388409331014,8.3337875,18.09786872972184
3.591473309366789,10.1306,24.255853005247456
2.73773249752281,5.886699999999999,10.744139928778349
2.7237694720754178,5.82680625,10.580584655632162
2.2843600097998285,4.0984437499999995,6.241547336609362
3.158962925209863,7.837524999999999,16.50563393360362
2.0426604446963794,3.27704375,4.462591762442995
2.097913002313169,3.456725,4.834605548613991
2.1568042446943068,3.65351875,5.253283165380156
5.135635435278093,20.714681249999998,70.92203403866046
2.929947919922214,6.742325,13.169774072793027
2.6363746765701705,5.4588874999999994,9.594448511496964
5.82633586768382,26.661275,103.55836187378793
2.270007867661439,4.04710625,6.124642019174521
4.246154488408258,14.160593749999999,40.08537914005895
2.0691552022198847,3.36260625,4.638502810136398
2.500649007870456,4.911287499999999,8.187604142827714
2.029283349622228,3.2342625,4.375490026371708
2.467758724580645,4.782943749999999,7.8687674454939796
2.707723562362465,5.758356249999999,10.394691265734776
2.233724105932787,3.9187624999999997,5.8356228411169555
2.366346574212045,4.3979124999999994,6.93799011870622
4.9805615025834005,19.48258125,64.68946276313545
2.2867432759772823,4.107,6.261103089625798
2.507175288671978,4.93695625,8.251876474169784
2.352494670378073,4.346575,6.816863014599048
2.071786042700417,3.3711625,4.656218276783363
2.315151113962757,4.209675,6.497355843780778
3.07153690684622,7.4097124999999995,15.172803608579848
3.136466600609695,7.72629375,16.155508195582957
2.233724105932787,3.9187624999999997,5.8356228411169555
2.450036709093717,4.71449375,7.700455168195265
2.0585982190449528,3.32838125,4.567866475701742
2.0506448156351045,3.3027124999999997,4.51512684377217
2.296251605039368,4.1412249999999995,6.339529702052771
2.2867432759772823,4.107,6.261103089625798
2.4743717566905366,4.8086125,7.932196639246047
2.1943602456640945,3.7818625,5.532512483045218
2.0559505031980736,3.319825,4.550263919519697
2.250729320111086,3.97865625,5.969918851012149
3.486814869444391,9.548775,22.196540436652583
2.6177135123173256,5.38188125,9.392148846541506
2.0822761656770727,3.4053875,4.7273048174297525
2.3983565813385725,4.5177,7.223370351675513
3.3236537179142474,8.6760375,19.224096195758953
3.131252188690047,7.700625,16.075065923687525
2.526652989790877,5.0139625,8.445695560882895
3.5671240570268643,9.993699999999999,23.765845125806248
3.8745511698381585,11.7905125,30.455295999910945
2.151747252402591,3.63640625,5.21641810470474
3.7950064611057504,11.3113625,28.61779584760619
2.0506448156351045,3.3027124999999997,4.51512684377217
5.00565265132056,19.679375,65.67207709672104
3.551821008957714,9.908137499999999,23.461287288094507
2.121152132207027,3.5337312499999998,4.997054383722734
2.9000497098812397,6.605424999999999,12.770707236594857
2.3846906206303164,4.4663625,7.100595174723314
2.8123223766966707,6.2118375,11.646459734435668
9.2199293996081,66.76441874999999,410.37548485391426
2.1844084472306053,3.7476374999999997,5.457580674772125
4.186728647776942,13.76700625,38.42581297399948
3.536451741665223,9.822574999999999,23.15804164425818
3.0178658509746983,7.1530249999999995,14.391246585778863
3.6096274602997083,10.233274999999999,24.625540299198995
2.5630403782125755,5.1594187499999995,8.815865722904702
3.0839257547971104,7.46960625,15.357140728378976
2.862237796321168,6.4342999999999995,12.27766443524619
2.6875314568626867,5.672793749999999,10.163874434279359
2.3824053392039657,4.45780625,7.080200940757871
2.5968216099729116,5.29631875,9.169063322203144
2.5481202658755295,5.099525,8.662801999225938
2.279586002471368,4.08133125,6.202497059299313
2.0506448156351045,3.3027124999999997,4.51512684377217
2.270007867661439,4.04710625,6.124642019174521
2.1568042446943068,3.65351875,5.253283165380156
2.615631831262586,5.3733249999999995,9.36975993981269
2.569408190208785,5.1850875,8.881737526299462
2.644626260680142,5.4931125,9.68481971358023
4.5304072256412224,16.119975,48.68670081143723
2.373242207792749,4.42358125,6.998819821400406
3.697589160192557,10.738093749999999,26.470039367420963
3.2119722281402594,8.10276875,17.35057879736184
2.935519933677921,6.76799375,13.245053709421722
2.9187719812155017,6.690987499999999,13.019644561108773
3.110307122925408,7.59795,15.754638669754064
2.985200075220372,6.9990125,13.928968427645552
2.8006770994423777,6.1605,11.502380847409844
2.4655504389262153,4.7743875,7.847662130819225
2.489733857521782,4.868506249999999,8.080856564120932
3.244033685950636,8.2653375,17.87535551716734
2.4321855663311647,4.64604375,7.533360366195412
3.425347552504349,9.215081249999999,21.043237337210805
2.0691552022198847,3.36260625,4.638502810136398
2.354808979516572,4.3551312499999995,6.83700144964882
3.1242861017771166,7.666399999999999,15.968017980442722
3.16413167084026,7.86319375,16.58678691888546
2.560914255591823,5.1508625,8.793944803228891
2.9815484529664165,6.9818999999999996,13.877915429177477
2.0532993731421074,3.31126875,4.532684032453365
2.015817485235409,3.19148125,4.288962471700639
2.60101341513872,5.31343125,9.213537307778198
2.0559505031980736,3.319825,4.550263919519697
5.068374444064061,20.1756375,68.17179033180032
2.5905211843292046,5.27065,9.102486986789815
2.6405036919061016,5.476,9.639598811251876
2.1492142941939174,3.62785,5.1980180514609335
2.3198519332475245,4.2267874999999995,6.537014102200981
2.121152132207027,3.5337312499999998,4.997054383722734
5.782228317689547,26.25913125,101.22419487445099
2.725768569204774,5.8353625,10.603898461610793
3.2051815815840676,8.06854375,17.2407652118035
2.577874137992494,5.2193125,8.969820474567296
2.4655504389262153,4.7743875,7.847662130819225
2.681444175078526,5.647125,10.094966958126879
2.961384045169655,6.88778125,13.598243666912465
2.087501459126698,3.4225,4.762982495907414
2.423210681234937,4.611818749999999,7.450272303279704
2.045325364870306,3.2855999999999996,4.480080679211918
2.423210681234937,4.611818749999999,7.450272303279704
2.171904575495715,3.7048562499999997,5.364396160619264
2.7016817767103807,5.7326875,10.325264900216927
2.8297004352334847,6.28884375,11.863695930993586
2.8679413645075416,6.45996875,12.35120772770072
4.043776445083852,12.84293125,34.62262858305421
5.034947931582593,19.91039375,66.831863885705
3.4992900966646974,9.617225,22.435640133264098
2.066521012479421,3.35405,4.620809867937733
2.605198475633069,5.3305437499999995,9.258082967863588
2.3175027154973598,4.21823125,6.517174917647214
2.7948362649316416,6.1348312499999995,11.430565904490608
2.3080819337534524,4.1840062499999995,6.438019490891021
2.9206376074726053,6.69954375,13.04462628610536
2.0076946147800685,3.1658125,4.237323138435617
3.138202812533756,7.73485,16.182352016351153
2.296251605039368,4.1412249999999995,6.339529702052771
2.257978064546162,4.004325,6.0277853422092065
2.3104407304178385,4.1925625,6.457778109881625
2.877422188266188,6.50275,12.474104756498635
2.879314606878036,6.51130625,12.4987327969875
3.960755537859152,12.321,32.53364598797508
2.605198475633069,5.3305437499999995,9.258082967863588
2.6072884867799933,5.3391,9.280382639844706
2.368647349256474,4.40646875,6.9582470161793255
2.5180148346267974,4.9797375,8.359368598364908
2.997945726673215,7.05890625,14.108145218116224
2.045325364870306,3.2855999999999996,4.480080679211918
2.6590049171939327,5.55300625,9.843647282639093
2.100507824581783,3.46528125,4.852566920001027
3.092744548192451,7.5123875,15.48926365635608
2.5799862843017562,5.22786875,8.99188644741984
2.894409413372328,6.57975625,12.69633895179694
2.0346447416596565,3.251375,4.410262031275778
3.348146707422601,8.80438125,19.652240062053856
2.7733146293516726,6.0407125,11.168530898638341
2.4411274551911886,4.68026875,7.616755028865561
3.8064717635458054,11.3798125,28.8779566371304
2.6363746765701705,5.4588874999999994,9.594448511496964
2.594723167925177,5.2877624999999995,9.146853243490636
7.600770256832999,45.37379375,229.9171879831167
2.1390524675540097,3.593625,5.124634949142516
2.3617382999764818,4.3808,6.897535429691315
2.565164738608946,5.167975,8.837804826675042
3.064435077905858,7.375487499999999,15.067801741104113
2.2361613397248123,3.92731875,5.854745571684249
2.015817485235409,3.19148125,4.288962471700639
4.053194669491891,12.902825,34.8651076742578
2.472169378188552,4.80005625,7.911034716555048
2.6569555874735418,5.544449999999999,9.820904937978451
4.725782422204019,17.5403125,55.26113366164362
2.423210681234937,4.611818749999999,7.450272303279704
2.79093558436374,6.11771875,11.382772636336172
2.4589136827724007,4.74871875,7.7844596733419005
2.450036709093717,4.71449375,7.700455168195265
3.8717384281463234,11.773399999999999,30.389016806625275
3.3821389160370465,8.9840625,20.256898270239386
2.5438413035518352,5.082412499999999,8.619233892792094
2.407424124384527,4.551925,7.305609371592692
3.0358616327207075,7.2385874999999995,14.650233377561134
2.100507824581783,3.46528125,4.852566920001027
4.430718773524416,15.418362499999999,45.54295212383656
2.461127923367652,4.757275,7.80550822775923
2.3127971213723777,4.20111875,6.477556901029015
2.2165884350602267,3.8588687499999996,5.702349229110207
3.428526530035434,9.23219375,21.10188080153488
6.842739353741579,36.7747625,167.7600763888333
2.2312842099496395,3.91020625,5.81652097551426
2.0744135466639464,3.37971875,4.673956239276093
2.1441394009387964,3.6107375,5.161283026798166
2.2067368821461666,3.82464375,5.626654949463213
2.5968216099729116,5.29631875,9.169063322203144
2.3104407304178385,4.1925625,6.457778109881625
2.010405884907704,3.1743687499999997,4.254513077244742
2.1441394009387964,3.6107375,5.161283026798166
2.443357814226735,4.688825,7.637651468861113
2.0185178447651753,3.2000374999999996,4.306221865111826
2.164367579108341,3.6791875,5.308742761640446
2.409685678781207,4.56048125,7.326217570983477
3.5975348720078584,10.164824999999999,24.378874936904847
2.4277022711527803,4.62893125,7.491777939090051
2.6363746765701705,5.4588874999999994,9.594448511496964
2.5926230274208835,5.27920625,9.124661126836168
2.5736446451717576,5.2021999999999995,8.925742782075009
2.948480349604336,6.8278875,13.421261415372717
2.199319258193377,3.798975,5.570105919263456
2.6405036919061016,5.476,9.639598811251876
3.0573167521997657,7.3412625,14.963043215697288
2.9206376074726053,6.69954375,13.04462628610536
4.059908596024137,12.945606249999999,35.03865206341253
2.2214978285274163,3.8759812499999997,5.740322620191986
4.050505982848093,12.885712499999999,34.79577038300697
2.472169378188552,4.80005625,7.911034716555048
2.7016817767103807,5.7326875,10.325264900216927
2.8488850646712613,6.37440625,12.106633841181429
2.91316793384191,6.66531875,12.944795234223491
2.2385959200209644,3.935875,5.873889144475008
6.5598716165660536,33.7971875,147.803474000674
3.259110608474992,8.34234375,18.125747343446697
2.2843600097998285,4.0984437499999995,6.241547336609362
2.5736446451717576,5.2021999999999995,8.925742782075009
2.588417634502544,5.26209375,9.080330837937082
2.3869737141361322,4.47491875,7.121008952763276
3.3998087242921904,9.07818125,20.576053209637188
2.38925462599353,4.483474999999999,7.141442256184227
2.191876532083033,3.7733062499999996,5.51374761182482
3.5975348720078584,10.164824999999999,24.378874936904847
2.5093469437250118,4.9455124999999995,8.273337784685895
2.4655504389262153,4.7743875,7.847662130819225
2.996128238948319,7.05035,14.08250181964619
2.528807918105647,5.02251875,8.467323455889382
4.0397333414782555,12.8172625,34.518881778485955
3.129512120654204,7.69206875,16.048281590686955
2.894409413372328,6.57975625,12.69633895179694
2.3104407304178385,4.1925625,6.457778109881625
2.644626260680142,5.4931125,9.68481971358023
3.716690681733391,10.849325,26.882390087064742
2.3617382999764818,4.3808,6.897535429691315
2.443357814226735,4.688825,7.637651468861113
3.648651593996112,10.4557375,25.432895530519946
4.294625229505587,14.485731249999999,41.473857929391656
2.7733146293516726,6.0407125,11.168530898638341
2.354808979516572,4.3551312499999995,6.83700144964882
2.364043559968902,4.38935625,6.917752916814497
2.1056878764049,3.48239375,4.888556200162131
2.5201771491812353,4.9882937499999995,8.380922614769048
2.4028946300159157,4.5348125,7.264451069586032
8.045009629106584,50.83268125,272.6329400863705
9.34317241964592,68.56123124999999,427.05293658131063
2.0691552022198847,3.36260625,4.638502810136398
2.400626677995703,4.526256249999999,7.243901003463192
2.480967161788268,4.83428125,7.995795354732492
2.8736336123133897,6.485637499999999,12.42489727818679
2.370945891620971,4.415025,6.9785235901025855
2.343214576332837,4.3123499999999995,6.73650758549927
2.5459816836558233,5.09096875,8.641008793042786
2.391533362444715,4.49203125,7.161895066346158
3.3530238355831474,8.83005,19.738245412927313
2.489733857521782,4.868506249999999,8.080856564120932
2.644626260680142,5.4931125,9.68481971358023
3.3220144311472457,8.66748125,19.19566519613211
2.2843600097998285,4.0984437499999995,6.241547336609362
3.9151088474624576,12.03864375,31.42173377138241
2.090109207125488,3.4310562499999997,4.780854838860301
2.141597444620146,3.6021812499999997,5.1429481067057345
2.128842134948089,3.5593999999999997,5.051600463422816
2.4366606125554147,4.66315625,7.575019443044407
3.294021741158014,8.522025,18.71449041912808
5.186296444005755,21.12538125,73.0416597700939
2.3571210163813228,4.3636875,6.857159676780315
4.284466432949242,14.417281249999998,41.180238380008994
7.431915646926168,43.3801875,214.9319294985606
3.694641699253693,10.72098125,26.406789588777986
5.805731496913794,26.4730375,102.46356508848666
2.3983565813385725,4.5177,7.223370351675513
2.2434571546708417,3.9529875,5.9122387261329346
2.1844084472306053,3.7476374999999997,5.457580674772125
2.179415507108074,3.7305249999999996,5.420242689769564
2.352494670378073,4.346575,6.816863014599048
3.624686463778091,10.318837499999999,24.935033738783837
2.3292251105487503,4.2610125,6.616571540908072
2.0927137055902736,3.4396125,4.798749480446416
2.571527290107306,5.19364375,8.903731092146831
2.154277232409223,3.6449624999999997,5.234839817823602
2.1492142941939174,3.62785,5.1980180514609335
3.7516995301056806,11.054675,27.649212668647337
2.141597444620146,3.6021812499999997,5.1429481067057345
2.029283349622228,3.2342625,4.375490026371708
2.452258965069026,4.72305,7.721427803312842
2.6895574891571137,5.68135,10.18687829401518
3.913717303488357,12.030087499999999,31.388241074152663
3.0962650325970817,7.5295,15.54221837529315
4.565141854304943,16.36810625,49.81515127839021
2.681444175078526,5.647125,10.094966958126879
2.364043559968902,4.38935625,6.917752916814497
3.6096274602997083,10.233274999999999,24.625540299198995
2.300991035479094,4.1583375,6.37886487333103
2.456697446465619,4.740162499999999,7.763430073054724
7.292076160223437,41.76305625,203.02625790579688
2.6260237348484248,5.4161062499999995,9.481882375307265
2.769383635697071,6.0236,11.121106178656586
2.0131135034881087,3.182925,4.271726198726592
2.7177633578820064,5.801137499999999,10.510745954356816
2.2092038889334833,3.8331999999999997,5.645546898039886
3.003391590792335,7.084575,14.185168652891734
2.74766264436988,5.929481249999999,10.861476087411079
3.4443774075590525,9.31775625,21.39591274442811
4.420872719636314,15.349912499999999,45.2400062800363
2.2555644047814263,3.99576875,6.008475841491981
3.5929896587311068,10.13915625,24.286589036339233
2.1237185604079127,3.5422875,5.015214473367296
2.4321855663311647,4.64604375,7.533360366195412
3.044819638714064,7.2813687499999995,14.78030304447925
2.3245432462962605,4.2439,6.576752721971133
3.1983765174705714,8.034318749999999,17.13118428258234
3.460155673412631,9.40331875,21.691297814479906
4.274283491795049,14.34883125,40.887315025618605
2.420961761324711,4.6032625,7.429548326559994
2.1134341485843597,3.5080625,4.9427060552454805
3.559480756928824,9.95091875,23.613402536258146
2.8103848481327556,6.20328125,11.622405089137347
2.3846906206303164,4.4663625,7.100595174723314
2.6405036919061016,5.476,9.639598811251876
2.366346574212045,4.3979124999999994,6.93799011870622
2.9056790578703255,6.63109375,12.845220160099865
4.2113757528098,13.929575,39.108449601297046
2.3362303146682177,4.28668125,6.6764497903799
4.501458640222172,15.914625,47.75935080809719
2.489733857521782,4.868506249999999,8.080856564120932
2.8006770994423777,6.1605,11.502380847409844
3.3659949626857504,8.8985,19.968204116972768
2.827774813754789,6.2802875,11.83949254375935
2.3617382999764818,4.3808,6.897535429691315
2.400626677995703,4.526256249999999,7.243901003463192
2.338560719551536,4.2952375,6.696449132429825
3.016060367204973,7.14446875,14.365432694406303
2.0373201468149107,3.2599312499999997,4.42768240857101
3.2657891208240604,8.376568749999999,18.23740472905653
2.2819742545695014,4.0898875,6.22201198605708
3.6381862738716233,10.39584375,25.214677357709398
3.6828282662957683,10.65253125,26.15429546339933
2.352494670378073,4.346575,6.816863014599048
2.605198475633069,5.3305437499999995,9.258082967863588
3.179587494173755,7.9402,16.831040414158963
4.755656374700881,17.762774999999998,56.315769440751616
6.975972634885972,38.22076875,177.75135792286991
2.116009937655572,3.5166187499999997,4.960800147963944
2.34553804202646,4.32090625,6.756566656936595
2.3033570937242436,4.16689375,6.398562851905141
2.1943602456640945,3.7818625,5.532512483045218
2.8698400349336577,6.468525,12.375754674646158
2.4411274551911886,4.68026875,7.616755028865561
2.970566653394364,6.9305625,13.725131901176988
2.233724105932787,3.9187624999999997,5.8356228411169555
6.272064794874642,30.89661875,129.1903964950258
2.9595441046098214,6.879225,13.57291319535633
4.0397333414782555,12.8172625,34.518881778485955
2.1668828240931584,3.6877437499999997,5.327272394354595
4.489341636708486,15.8290625,47.37471290087393
6.639928368870333,34.62714375,153.28116941238403
3.985433381210312,12.4750125,33.14555416567727
2.9687324039737817,6.92200625,13.699722836589356
2.171904575495715,3.7048562499999997,5.364396160619264
3.2187485483900202,8.13699375,17.460624547380775
3.46487514231228,9.4289875,21.78017627061547
3.267456616016107,8.385125,18.265354771581368
4.070627845297062,13.01405625,35.3169198343415
2.6590049171939327,5.55300625,9.843647282639093
2.8297004352334847,6.28884375,11.863695930993586
3.401410518833022,9.0867375,20.60514967624965
2.407424124384527,4.551925,7.305609371592692
3.1329912902896573,7.709181249999999,16.10186514100955
3.536451741665223,9.822574999999999,23.15804164425818
3.259110608474992,8.34234375,18.125747343446697
2.73773249752281,5.886699999999999,10.744139928778349
2.7496443702996074,5.9380375,10.88499425500197
4.126447091724634,13.373418749999999,36.789803271568786
2.507175288671978,4.93695625,8.251876474169784
2.400626677995703,4.526256249999999,7.243901003463192
2.250729320111086,3.97865625,5.969918851012149
2.5331122751238446,5.039631249999999,8.510634520981817
2.097913002313169,3.456725,4.834605548613991
2.1056878764049,3.48239375,4.888556200162131
2.9577030194521066,6.87066875,13.547598471686815
3.608118103152263,10.22471875,24.59466188101025
2.667186490120268,5.587231249999999,9.934791804785185
3.7371523658594366,10.9691125,27.328829820502214
4.041081492138671,12.82581875,34.553452514766754
2.97972096370311,6.97334375,13.852412372655369
2.5459816836558233,5.09096875,8.641008793042786
3.4570057813865946,9.386206249999999,21.632112847691328
2.6834748032946383,5.65568125,10.117918753227285
2.5968216099729116,5.29631875,9.169063322203144
2.079658595609427,3.39683125,4.7094995379314755
3.1434056944910393,7.760518749999999,16.262972553969654
4.943236953855039,19.191668749999998,63.24597744742995
3.0376553472835393,7.247143749999999,14.67621664314665
2.2190444894813144,3.867425,5.721325423154848
2.5799862843017562,5.22786875,8.99188644741984
2.571527290107306,5.19364375,8.903731092146831
3.1207972273200273,7.6492875,15.91458348064916
3.1173044481312844,7.632174999999999,15.861208717610925
3.8675154800493097,11.74773125,30.289688309889346
2.5523920547350993,5.1166374999999995,8.706443267973109
3.6261889245529892,10.327393749999999,24.966053890498507
2.1339534079355196,3.5765124999999998,5.088074025265988
2.507175288671978,4.93695625,8.251876474169784
2.373242207792749,4.42358125,6.998819821400406
3.16413167084026,7.86319375,16.58678691888546
2.3869737141361322,4.47491875,7.121008952763276
2.1134341485843597,3.5080625,4.9427060552454805
2.7772400589587654,6.057824999999999,11.21602284010792
2.4478124356355675,4.7059375,7.679501555882501
3.985433381210312,12.4750125,33.14555416567727
2.4853543750501683,4.85139375,8.038288454435692
3.651636176576145,10.47285,25.49535862123698
2.537409330418011,5.05674375,8.554019181855306
2.3571210163813228,4.3636875,6.857159676780315
2.0346447416596565,3.251375,4.410262031275778
4.937724253407115,19.1488875,63.03461748967623
3.0501818142305486,7.3070375,14.858528598933766
2.491920712451529,4.8770625,8.102168706447088
2.191876532083033,3.7733062499999996,5.51374761182482
2.866041436266883,6.4514125,12.326677031633416
2.569408190208785,5.1850875,8.881737526299462
3.4173871709501005,9.1723,20.896866898737066
3.8717384281463234,11.773399999999999,30.389016806625275
2.0426604446963794,3.27704375,4.462591762442995
3.4078101679886,9.1209625,20.72167249956181
2.9833748227872863,6.990456249999999,13.903434117364016
2.4478124356355675,4.7059375,7.679501555882501
2.2385959200209644,3.935875,5.873889144475008
2.391533362444715,4.49203125,7.161895066346158
3.16413167084026,7.86319375,16.58678691888546
2.029283349622228,3.2342625,4.375490026371708
2.077037726772803,3.3882749999999997,4.691716669120746
3.958004057472991,12.3038875,32.465891098460816
4.848668717732078,18.4643875,59.68513204222215
2.8488850646712613,6.37440625,12.106633841181429
2.582096702883109,5.236425,9.013970484929787
3.702005951526472,10.7637625,26.565008557211637
2.4321855663311647,4.64604375,7.533360366195412
2.4388950565027536,4.6717125,7.595877681101414
2.4765721766511173,4.8171687499999996,7.953377397655494
3.3022795173175266,8.56480625,18.85558949944542
2.8084459828808406,6.194725,11.598367027534342
2.89064310154489,6.562643749999999,12.646840589222792
2.1844084472306053,3.7476374999999997,5.457580674772125
5.555460695225535,24.23985625,89.775712436528
2.7057111328296375,5.7498,10.371531914362567
3.599048667518576,10.17338125,24.409662821313976
2.3292251105487503,4.2610125,6.616571540908072
2.2190444894813144,3.867425,5.721325423154848
2.489733857521782,4.868506249999999,8.080856564120932
4.451569329976856,15.56381875,46.18894546987915
2.611463491034249,5.3562125,9.325035595980852
3.508617408003253,9.6685625,22.615524465244963
2.915037146696313,6.673875,12.96972902493857
4.207493703357188,13.903906249999999,39.000398665962436
2.1262818909250245,3.55084375,5.033396508752869
2.0426604446963794,3.27704375,4.462591762442995
3.023275832940679,7.17869375,14.468780884304861
2.0131135034881087,3.182925,4.271726198726592
2.575760259705065,5.21075625,8.947772581173192
2.380117863554854,4.44925,7.059826269614289
2.6875314568626867,5.672793749999999,10.163874434279359
2.7036972053955304,5.74124375,10.348389788246372
2.171904575495715,3.7048562499999997,5.364396160619264
2.667186490120268,5.587231249999999,9.934791804785185
2.7157583680422377,5.79258125,10.487500668168039
3.053751367019267,7.3241499999999995,14.910755383169443
2.911297520850472,6.6567625,12.919877442093592
3.1329912902896573,7.709181249999999,16.10186514100955
3.2707890560622697,8.4022375,18.32129764095734
4.906738676428053,18.9093125,61.85536999227629
2.270007867661439,4.04710625,6.124642019174521
2.2165884350602267,3.8588687499999996,5.702349229110207
2.761504861166854,5.989375,11.026458785234148
3.953873246755482,12.278218749999999,32.364347088957686
4.097303280451742,13.18518125,36.015790925983865
4.1828237235810235,13.7413375,38.318394992489026
2.550257054733938,5.10808125,8.684613495977766
2.755580996937714,5.9637062499999995,10.95565040921245
3.0519671124894843,7.31559375,14.884634355555741
2.4455861391898446,4.697381249999999,7.658566983660178
2.3198519332475245,4.2267874999999995,6.537014102200981
2.4142024319084197,4.57759375,7.367491975692523
2.4655504389262153,4.7743875,7.847662130819225
2.928088225720302,6.733768749999999,13.14471266106554
2.4633401736330716,4.76583125,7.826575719253945
2.6322391843354946,5.441775,9.549368924891523
2.1056878764049,3.48239375,4.888556200162131
2.352494670378073,4.346575,6.816863014599048
3.1050487808336613,7.57228125,15.674868442294724
3.669492694683467,10.575524999999999,25.87120781996158
3.245712358086759,8.27389375,17.903119462581202
2.3033570937242436,4.16689375,6.398562851905141
2.0506448156351045,3.3027124999999997,4.51512684377217
5.315960899680958,22.194912499999997,78.65819134789344
2.5395551315037483,5.0653,8.57573907173729
2.9187719812155017,6.690987499999999,13.019644561108773
2.560914255591823,5.1508625,8.793944803228891
2.257978064546162,4.004325,6.0277853422092065
3.494617105356709,9.59155625,22.3458776921607
3.81504812837261,11.431149999999999,29.07359160843103
2.970566653394364,6.9305625,13.725131901176988
2.5331122751238446,5.039631249999999,8.510634520981817
2.2067368821461666,3.82464375,5.626654949463213
2.1869006425046074,3.75619375,5.476281683497861
2.315151113962757,4.209675,6.497355843780778
2.066521012479421,3.35405,4.620809867937733
2.575760259705065,5.21075625,8.947772581173192
2.594723167925177,5.2877624999999995,9.146853243490636
2.9187719812155017,6.690987499999999,13.019644561108773
3.247390162467662,8.282449999999999,17.93089776742019
2.879314606878036,6.51130625,12.4987327969875
2.409685678781207,4.56048125,7.326217570983477
2.0131135034881087,3.182925,4.271726198726592
2.5905211843292046,5.27065,9.102486986789815
2.8812057825215924,6.5198624999999995,12.523377024163793
3.0803911682433527,7.4524937499999995,15.304397285925857
5.219797294192106,21.399181249999998,74.46625892445097
3.5975348720078584,10.164824999999999,24.378874936904847
2.759531652725427,5.98081875,11.002839099892482
2.4589136827724007,4.74871875,7.7844596733419005
3.0997815187191318,7.546612499999999,15.595233304289852
3.247390162467662,8.282449999999999,17.93089776742019
5.525967685442667,23.983168749999997,88.35347700467894
3.1915569435760687,8.00009375,17.021836504714663
2.0585982190449528,3.32838125,4.567866475701742
4.643224573110052,16.93281875,52.415253408012404
2.4366606125554147,4.66315625,7.575019443044407
2.3362303146682177,4.28668125,6.6764497903799
3.110307122925408,7.59795,15.754638669754064
3.2824259535043883,8.462131249999999,18.517546157973683
2.5223376100573645,4.996849999999999,8.402495124543426
2.1390524675540097,3.593625,5.124634949142516
3.3465194185257854,8.795824999999999,19.623599442969706
2.161849407715686,3.67063125,5.290234662503457
3.514821864499256,9.7027875,22.73571310106005
3.756052692889053,11.080343749999999,27.745569986882597
4.5913169765034585,16.55634375,50.67694808546795
2.340888804468089,4.30379375,6.71646840407649
4.275557685739524,14.3573875,40.92389231517704
3.8250295832557732,11.49104375,29.302388190824228
2.963222843263738,6.8963375,13.623589876570895
3.541069526102377,9.84824375,23.248877219168797
5.952125237198058,27.824925,110.41162554376207
2.373242207792749,4.42358125,6.998819821400406
2.2067368821461666,3.82464375,5.626654949463213
2.1237185604079127,3.5422875,5.015214473367296
2.3198519332475245,4.2267874999999995,6.537014102200981
2.3245432462962605,4.2439,6.576752721971133
2.4875450800810937,4.8599499999999995,8.059563141293408
3.8007434355995344,11.345587499999999,28.747778142430086
2.333897582868648,4.278125,6.656470397806621
3.797876031618683,11.328475,28.682762451527637
3.335106164365339,8.73593125,19.4235054422312
2.2385959200209644,3.935875,5.873889144475008
2.1056878764049,3.48239375,4.888556200162131
2.010405884907704,3.1743687499999997,4.254513077244742
3.194968550048326,8.01720625,17.07648121866725
2.450036709093717,4.71449375,7.700455168195265
4.86884823543486,18.618399999999998,60.43344265774692
2.530961011657125,5.0310749999999995,8.48896978114858
3.103294020150519,7.563725,15.64830837504199
3.267456616016107,8.385125,18.265354771581368
2.0239077551471385,3.2171499999999997,4.340809889647745
2.5587863663539365,5.14230625,8.772042082744425
3.8064717635458054,11.3798125,28.8779566371304
2.5799862843017562,5.22786875,8.99188644741984
2.2771952456495144,4.072775,6.1830025777334665
3.522562067364496,9.74556875,22.886247202428553
2.498469792634855,4.9027312499999995,8.166217286354616
2.9833748227872863,6.990456249999999,13.903434117364016
3.3072242860227665,8.590475,18.940418365647616
3.460155673412631,9.40331875,21.691297814479906
2.1237185604079127,3.5422875,5.015214473367296
2.405160443466083,4.54336875,7.285020531719961
2.2092038889334833,3.8331999999999997,5.645546898039886
3.0430301471467875,7.2728125,14.754258461363992
2.6630988455877476,5.57011875,9.88918454194111
2.5523920547350993,5.1166374999999995,8.706443267973109
2.257978064546162,4.004325,6.0277853422092065
2.5136846253441054,4.962625,8.316316109232192
2.634307741970522,5.45033125,9.571899872119248
3.247390162467662,8.282449999999999,17.93089776742019
2.4962886749841684,4.894175,8.144849083927095
4.26663033705802,14.29749375,40.66808038509828
2.43442411771743,4.654599999999999,7.554180332218365
2.8488850646712613,6.37440625,12.106633841181429
4.318656599354026,14.648299999999999,42.1739849762117
2.9888472361104363,7.016125,13.980083876303558
3.019670255232163,7.161581249999999,14.417075920702247
2.452258965069026,4.72305,7.721427803312842
2.2652036128206112,4.02999375,6.085837601429653
2.015817485235409,3.19148125,4.288962471700639
2.5905211843292046,5.27065,9.102486986789815
2.0239077551471385,3.2171499999999997,4.340809889647745
3.1416723578858528,7.751962499999999,16.236084203745136
2.615631831262586,5.3733249999999995,9.36975993981269
2.400626677995703,4.526256249999999,7.243901003463192
2.2141296562279513,3.8503125,5.683394061330122
2.257978064546162,4.004325,6.0277853422092065
3.294021741158014,8.522025,18.71449041912808
2.352494670378073,4.346575,6.816863014599048
2.3268853559546496,4.25245625,6.596652116641882
2.693604982025092,5.6984625,10.232937986588771
2.2361613397248123,3.92731875,5.854745571684249
2.5566567060878826,5.13375,8.75015757658578
4.125126839861782,13.3648625,36.754502006541486
2.6651434515285355,5.578675,9.911979429637302
3.244033685950636,8.2653375,17.87535551716734
2.1769147426503643,3.72196875,5.401605762372631
2.298622541762896,4.14978125,6.359187149756672
2.0532993731421074,3.31126875,4.532684032453365
2.79093558436374,6.11771875,11.382772636336172
3.2051815815840676,8.06854375,17.2407652118035
2.3571210163813228,4.3636875,6.857159676780315
3.5777972454014604,10.05359375,23.979813350090225
2.179415507108074,3.7305249999999996,5.420242689769564
3.0874562948826023,7.48671875,15.40994462180207
3.27578135974009,8.42790625,18.405318796924668
2.181913405357276,3.73908125,5.4389010020633615
2.4544792090413092,4.73160625,7.742419443996611
2.50282632566028,4.91984375,8.20900963709013
7.224534635502924,40.99299375,197.4368687732199
2.3824053392039657,4.45780625,7.080200940757871
3.4774290788815034,9.4974375,22.0177768915731
5.033865961454794,19.9018375,66.78878824110305
3.2423541447114976,8.25678125,17.84760593860912
2.090109207125488,3.4310562499999997,4.780854838860301
4.028931896100249,12.7488125,34.2427315457677
2.1365044589455597,3.58506875,5.106343580000922
2.787029444472822,6.100606249999999,11.335046165256616
3.034066857729242,7.23003125,14.624265463981143
2.4277022711527803,4.62893125,7.491777939090051
2.469965035906082,4.7915,7.88989164636266
5.933794041100284,27.6538,109.39463576918601
7.350110127281151,42.430443749999995,207.91228954127214
3.4930580523657295,9.583,22.315983543880524
3.6635501924931737,10.5413,25.74572109608552
2.411945112637907,4.569037499999999,7.346845111722878
3.3039285958309565,8.5733625,18.883851684116518
2.541699121021538,5.0738562499999995,8.597477313876423
2.2603891469891355,4.0128812499999995,6.047115483770798
3.624686463778091,10.318837499999999,24.935033738783837
2.270007867661439,4.04710625,6.124642019174521
5.771856599352573,26.1650125,100.68046671351169
2.5481202658755295,5.099525,8.662801999225938
4.694558263983652,17.30929375,54.17299201185538
2.391533362444715,4.49203125,7.161895066346158
2.7772400589587654,6.057824999999999,11.21602284010792
2.1262818909250245,3.55084375,5.033396508752869
2.7177633578820064,5.801137499999999,10.510745954356816
2.3960843339489126,4.50914375,7.202859132599101
2.2141296562279513,3.8503125,5.683394061330122
3.497733126577982,9.60866875,22.405705992793102
2.250729320111086,3.97865625,5.969918851012149
3.2221313644034044,8.15410625,17.515734331201884
3.948358776503242,12.24399375,32.22912012150889
2.741708872163812,5.9038125,10.79102340722774
2.530961011657125,5.0310749999999995,8.48896978114858
4.11851923216037,13.32208125,36.5781652270187
2.161849407715686,3.67063125,5.290234662503457
2.954017406781285,6.85355625,13.497016307236443
4.135677053613492,13.4333125,37.03722817351286
3.8420803197014917,11.593718749999999,29.69599909435278
3.603586238558911,10.19905,24.502104150916164
2.171904575495715,3.7048562499999997,5.364396160619264
3.88157410684988,11.83329375,30.621204412499004
2.5395551315037483,5.0653,8.57573907173729
2.061242533839648,3.3369375,4.585491671843028
2.34553804202646,4.32090625,6.756566656936595
4.329993328613319,14.72530625,42.50698521619201
2.9815484529664165,6.9818999999999996,13.877915429177477
3.0679880473054593,7.3926,15.120272292340227
2.6384399919488617,5.46744375,9.6170148291539
2.456697446465619,4.740162499999999,7.763430073054724
4.0397333414782555,12.8172625,34.518881778485955
2.507175288671978,4.93695625,8.251876474169784
2.537409330418011,5.05674375,8.554019181855306
3.203481670787442,8.0599875,17.21334814868393
2.8679413645075416,6.45996875,12.35120772770072
2.7117439410612056,5.77546875,10.441061593067223
2.0265973347459454,3.22570625,4.358138459282225
2.2042671142966195,3.8160874999999996,5.607784121018934
2.1492142941939174,3.62785,5.1980180514609335
2.161849407715686,3.67063125,5.290234662503457
3.9289971807097563,12.12420625,31.7573147830624
2.2676070125553482,4.03855,6.105229533703601
2.524496222014313,5.00540625,8.424086111847886
2.108273129528813,3.4909499999999998,4.906584054352405
2.373242207792749,4.42358125,6.998819821400406
2.550257054733938,5.10808125,8.684613495977766
2.450036709093717,4.71449375,7.700455168195265
3.2557662149738187,8.32523125,18.070004423729497
2.7634766606763312,5.99793125,11.05009534781081
2.2092038889334833,3.8331999999999997,5.645546898039886
2.7516246689864814,5.94659375,10.908529372627218
2.50282632566028,4.91984375,8.20900963709013
2.713751896864708,5.784025,10.464272543508597
2.226396396390658,3.89309375,5.778379930540662
9.111172680415985,65.19862499999999,396.02395393379106
2.4633401736330716,4.76583125,7.826575719253945
2.6569555874735418,5.544449999999999,9.820904937978451
2.5180148346267974,4.9797375,8.359368598364908
2.582096702883109,5.236425,9.013970484929787
2.6610526686851115,5.5615625,9.866407155122694
2.108273129528813,3.4909499999999998,4.906584054352405
3.7415224539233627,10.994781249999999,27.424813948567046
2.409685678781207,4.56048125,7.326217570983477
4.877790113005507,18.68685,60.76702144881131
2.128842134948089,3.5593999999999997,5.051600463422816
2.8335477523539025,6.3059562499999995,11.912152105753027
3.6231833799631903,10.31028125,24.904026445164074
2.584205397969454,5.2449812499999995,9.036072572332381
2.5566567060878826,5.13375,8.75015757658578
2.4321855663311647,4.64604375,7.533360366195412
2.4765721766511173,4.8171687499999996,7.953377397655494
2.253148159412148,3.9872124999999996,5.989187003706738
2.416457642518728,4.58615,7.3881581448248435
3.7152248206305334,10.840768749999999,26.850595423143893
2.4277022711527803,4.62893125,7.491777939090051
2.405160443466083,4.54336875,7.285020531719961
2.2434571546708417,3.9529875,5.9122387261329346
2.0076946147800685,3.1658125,4.237323138435617
3.053751367019267,7.3241499999999995,14.910755383169443
2.5115167209948446,4.954068749999999,8.294817668388685
2.4589136827724007,4.74871875,7.7844596733419005
3.620175340108847,10.29316875,24.842050453552673
2.0744135466639464,3.37971875,4.673956239276093
2.1134341485843597,3.5080625,4.9427060552454805
2.411945112637907,4.569037499999999,7.346845111722878
3.179587494173755,7.9402,16.831040414158963
4.175002918253396,13.69,38.10385996725931
2.9429328746063828,6.80221875,13.345648786425956
2.5566567060878826,5.13375,8.75015757658578
2.2165884350602267,3.8588687499999996,5.702349229110207
3.158962925209863,7.837524999999999,16.50563393360362
2.6630988455877476,5.57011875,9.88918454194111
3.8491625014164734,11.6365,29.860519631821866
2.22884164303253,3.9016499999999996,5.797439997691914
3.4173871709501005,9.1723,20.896866898737066
2.7496443702996074,5.9380375,10.88499425500197
2.370945891620971,4.415025,6.9785235901025855
2.8103848481327556,6.20328125,11.622405089137347
3.039448003295157,7.2557,14.702215251672442
2.2410278554692598,3.9444312499999996,5.893053536822288
4.322438812835643,14.67396875,42.284888042224885
3.4617295446213387,9.411875,21.720910505188645
2.2555644047814263,3.99576875,6.008475841491981
2.644626260680142,5.4931125,9.68481971358023
2.91316793384191,6.66531875,12.944795234223491
2.1365044589455597,3.58506875,5.106343580000922
2.4544792090413092,4.73160625,7.742419443996611
3.247390162467662,8.282449999999999,17.93089776742019
3.9317689603707,12.14131875,31.824573466144518
4.191929554934661,13.801231249999999,38.56919278090856
3.933154117701102,12.149875,31.858220590535772
5.089823437245586,20.3467625,69.04095242971304
2.7177633578820064,5.801137499999999,10.510745954356816
2.291502372230191,4.1241125,6.300275718062787
2.1441394009387964,3.6107375,5.161283026798166
2.944783194106763,6.810775,13.370837172561659
2.4028946300159157,4.5348125,7.264451069586032
2.2361613397248123,3.92731875,5.854745571684249
3.003391590792335,7.084575,14.185168652891734
2.721768906640562,5.81825,10.557287960707633
2.100507824581783,3.46528125,4.852566920001027
2.0638834606547753,3.3454937499999997,4.60313947889928
2.2843600097998285,4.0984437499999995,6.241547336609362
3.1658527107667243,7.87175,16.613867383985305
2.456697446465619,4.740162499999999,7.763430073054724
2.9906691486454386,7.0246812499999995,14.005664995628715
2.611463491034249,5.3562125,9.325035595980852
2.2017945760935342,3.80753125,5.58893443637109
2.296251605039368,4.1412249999999995,6.339529702052771
2.8981708307012584,6.59686875,12.745901723476447
2.4187107503671883,4.59470625,7.408843601102873
2.300991035479094,4.1583375,6.37886487333103
2.8603340795849035,6.42574375,12.253182556536464
2.588417634502544,5.26209375,9.080330837937082
2.615631831262586,5.3733249999999995,9.36975993981269
2.5158506616144725,4.97118125,8.337833091211975
3.2271989397984226,8.179775,17.598507471859758
2.1668828240931584,3.6877437499999997,5.327272394354595
2.646685137022096,5.501668749999999,9.707456606295954
2.6031067864354367,5.3219875,9.235801185716376
2.2891240608761145,4.11555625,6.280679223842714
2.7536035435097777,5.95515,10.932081428088166
2.354808979516572,4.3551312499999995,6.83700144964882
2.6712678796386844,5.60434375,9.98046896388587
2.373242207792749,4.42358125,6.998819821400406
2.8065057781705867,6.186168749999999,11.57434556107554
2.189390000900183,3.76475,5.495004003925975
2.364043559968902,4.38935625,6.917752916814497
2.4455861391898446,4.697381249999999,7.658566983660178
4.281922967938531,14.400168749999999,41.106942208543785
2.375536304227667,4.4321375,7.0191356910525675
3.513271777603803,9.69423125,22.70564603745989
2.0212145965953465,3.20859375,4.323504348029735
3.2102759131404364,8.0942125,17.32310361639349
4.0986324948518185,13.1937375,36.05085416402999
2.416457642518728,4.58615,7.3881581448248435
2.697646402125319,5.715574999999999,10.279066889884946
2.1056878764049,3.48239375,4.888556200162131
2.896290732656682,6.5883125,12.721112291730778
5.2717161897419365,21.82699375,76.7104775501807
2.3938099297021815,4.5005875,7.182367364662343
2.015817485235409,3.19148125,4.288962471700639
2.391533362444715,4.49203125,7.161895066346158
4.384995448508472,15.10178125,44.14749469708039
2.031965813912392,3.2428187499999996,4.392864560476078
2.681444175078526,5.647125,10.094966958126879
2.7516246689864814,5.94659375,10.908529372627218
2.5180148346267974,4.9797375,8.359368598364908
3.6321925527110106,10.36161875,25.09026297185385
4.3136084893886135,14.614075,42.02626532304125
2.1339534079355196,3.5765124999999998,5.088074025265988
3.8562316763368774,11.679281249999999,30.025342875398238
2.8103848481327556,6.20328125,11.622405089137347
3.8378247374617827,11.56805,29.59743230279652
2.3778281873504405,4.440693749999999,7.039471180093952
2.8354694533224114,6.314512499999999,11.936404870915021
2.416457642518728,4.58615,7.3881581448248435
2.4142024319084197,4.57759375,7.367491975692523
3.1624096942932196,7.8546375,16.55972118343937
2.937374922762681,6.776549999999999,13.270178688564963
2.954017406781285,6.85355625,13.497016307236443
3.4078101679886,9.1209625,20.72167249956181
2.4321855663311647,4.64604375,7.533360366195412
2.2867432759772823,4.107,6.261103089625798
3.52874200556711,9.77979375,23.006912674271792
3.0358616327207075,7.2385874999999995,14.650233377561134
3.2271989397984226,8.179775,17.598507471859758
2.886871876062355,6.54553125,12.597406719674845
2.373242207792749,4.42358125,6.998819821400406
2.725768569204774,5.8353625,10.603898461610793
2.7177633578820064,5.801137499999999,10.510745954356816
6.899026520381204,37.38225625,171.93411817362397
2.500649007870456,4.911287499999999,8.187604142827714
4.3136084893886135,14.614075,42.02626532304125
2.5180148346267974,4.9797375,8.359368598364908
2.480967161788268,4.83428125,7.995795354732492
3.39178840473578,9.0354,20.43077663476644
3.5929896587311068,10.13915625,24.286589036339233
2.5331122751238446,5.039631249999999,8.510634520981817
2.4299449527129227,4.6374875,7.51255956259618
4.169780898801017,13.655775,37.961059835549634
2.467758724580645,4.782943749999999,7.8687674454939796
2.416457642518728,4.58615,7.3881581448248435
2.3960843339489126,4.50914375,7.202859132599101
3.3611366561420746,8.872831249999999,19.88186557209194
2.628097184626533,5.4246625,9.504360162532752
2.333897582868648,4.278125,6.656470397806621
2.2819742545695014,4.0898875,6.22201198605708
3.3643763066831878,8.88994375,19.93941074683086
2.628097184626533,5.4246625,9.504360162532752
3.5929896587311068,10.13915625,24.286589036339233
2.045325364870306,3.2855999999999996,4.480080679211918
3.129512120654204,7.69206875,16.048281590686955
2.118582595064865,3.525175,4.978916266371856
2.825847880097457,6.271731249999999,11.81530563823565
2.315151113962757,4.209675,6.497355843780778
2.5395551315037483,5.0653,8.57573907173729
3.4173871709501005,9.1723,20.896866898737066
2.1492142941939174,3.62785,5.1980180514609335
2.9833748227872863,6.990456249999999,13.903434117364016
3.580840884612378,10.070706249999999,24.04106445128093
4.1132255034530125,13.287856249999999,36.43729947581167
3.1434056944910393,7.760518749999999,16.262972553969654
2.5093469437250118,4.9455124999999995,8.273337784685895
3.571702186042912,10.01936875,23.857467511430023
3.217055806464697,8.1284375,17.433091371240252
2.4028946300159157,4.5348125,7.264451069586032
4.000439344680345,12.56913125,33.521364787300826
2.6301689998356665,5.43321875,9.52685568371726
3.6306925763708895,10.3530625,25.059191440969226
4.986026841111971,19.5253625,64.90265433829408
3.0573167521997657,7.3412625,14.963043215697288
3.809332697255622,11.396925,28.943119367113347
3.0519671124894843,7.31559375,14.884634355555741
3.044819638714064,7.2813687499999995,14.78030304447925
4.290818499347415,14.4600625,41.36366911781322
2.1744111020949703,3.7134125,5.382990244438828
2.405160443466083,4.54336875,7.285020531719961
5.88031042400213,27.1575375,106.46316723431914
3.2791053396513377,8.44501875,18.461404051053776
2.541699121021538,5.0738562499999995,8.597477313876423
4.324958450946932,14.69108125,42.358877337157004
2.3292251105487503,4.2610125,6.616571540908072
2.489733857521782,4.868506249999999,8.080856564120932
2.6239486466264217,5.40755,9.459422336043138
2.8161934347942243,6.228949999999999,11.694618730440986
2.4743717566905366,4.8086125,7.932196639246047
4.360080499984744,14.93065625,43.39924211173357
2.010405884907704,3.1743687499999997,4.254513077244742
3.1983765174705714,8.034318749999999,17.13118428258234
3.3789162960427075,8.966949999999999,20.199048987200108
2.061242533839648,3.3369375,4.585491671843028
2.5523920547350993,5.1166374999999995,8.706443267973109
2.537409330418011,5.05674375,8.554019181855306
2.494105649927359,4.88561875,8.123499551844024
2.179415507108074,3.7305249999999996,5.420242689769564
2.380117863554854,4.44925,7.059826269614289
2.7536035435097777,5.95515,10.932081428088166
2.5115167209948446,4.954068749999999,8.294817668388685
2.5736446451717576,5.2021999999999995,8.925742782075009
2.60101341513872,5.31343125,9.213537307778198
3.826453379911544,11.4996,29.335122191753857
2.5093469437250118,4.9455124999999995,8.273337784685895
3.44753883769458,9.33486875,21.454881706937638
2.97972096370311,6.97334375,13.852412372655369
2.456697446465619,4.740162499999999,7.763430073054724
2.1744111020949703,3.7134125,5.382990244438828
2.097913002313169,3.456725,4.834605548613991
2.191876532083033,3.7733062499999996,5.51374761182482
2.725768569204774,5.8353625,10.603898461610793
3.7283968231025173,10.917774999999999,27.137198416898727
2.5180148346267974,4.9797375,8.359368598364908
2.5158506616144725,4.97118125,8.337833091211975
4.397399986581436,15.18734375,44.523216801638426
2.7157583680422377,5.79258125,10.487500668168039
2.6834748032946383,5.65568125,10.117918753227285
3.297327333300556,8.539137499999999,18.770887654374523
4.5352140251106965,16.1542,48.84183626962881
2.721768906640562,5.81825,10.557287960707633
3.4883767126893193,9.557331249999999,22.226381178638594
2.9187719812155017,6.690987499999999,13.019644561108773
3.599048667518576,10.17338125,24.409662821313976
2.6712678796386844,5.60434375,9.98046896388587
3.0376553472835393,7.247143749999999,14.67621664314665
2.4366606125554147,4.66315625,7.575019443044407
2.2042671142966195,3.8160874999999996,5.607784121018934
3.6813489216824387,10.643975,26.12279059244322
2.2017945760935342,3.80753125,5.58893443637109
2.6875314568626867,5.672793749999999,10.163874434279359
3.7863847010976777,11.260024999999999,28.42319092931825
2.5926230274208835,5.27920625,9.124661126836168
2.409685678781207,4.56048125,7.326217570983477
2.0744135466639464,3.37971875,4.673956239276093
4.686429152665674,17.249399999999998,53.89206068399416
5.579919124195421,24.4537625,90.9666780215219
2.5926230274208835,5.27920625,9.124661126836168
2.366346574212045,4.3979124999999994,6.93799011870622
2.250729320111086,3.97865625,5.969918851012149
2.972399770911247,6.93911875,13.750556655217297
2.405160443466083,4.54336875,7.285020531719961
2.679412007924111,5.63856875,10.072032544170428
3.2339433545525544,8.214,17.709073809529787
2.526652989790877,5.0139625,8.445695560882895
2.1568042446943068,3.65351875,5.253283165380156
3.4094082033251945,9.129518749999999,20.75083741244078
2.4028946300159157,4.5348125,7.264451069586032
2.935519933677921,6.76799375,13.245053709421722
5.748214914834329,25.95110625,99.44835733513358
3.023275832940679,7.17869375,14.468780884304861
2.894409413372328,6.57975625,12.69633895179694
2.420961761324711,4.6032625,7.429548326559994
2.4299449527129227,4.6374875,7.51255956259618
2.9056790578703255,6.63109375,12.845220160099865
2.480967161788268,4.83428125,7.995795354732492
2.911297520850472,6.6567625,12.919877442093592
2.3245432462962605,4.2439,6.576752721971133
4.317395125221855,14.63974375,42.13703886716474
2.3080819337534524,4.1840062499999995,6.438019490891021
2.456697446465619,4.740162499999999,7.763430073054724
2.0076946147800685,3.1658125,4.237323138435617
2.6610526686851115,5.5615625,9.866407155122694
3.4094082033251945,9.129518749999999,20.75083741244078
2.171904575495715,3.7048562499999997,5.364396160619264
3.0124461533636278,7.12735625,14.313851279309809
2.079658595609427,3.39683125,4.7094995379314755
7.756830717836894,47.25616875,244.37206757818925
2.364043559968902,4.38935625,6.917752916814497
2.4962886749841684,4.894175,8.144849083927095
2.3960843339489126,4.50914375,7.202859132599101
2.9778923529364105,6.9647875,13.82692495738473
2.189390000900183,3.76475,5.495004003925975
2.735742142844943,5.87814375,10.720723719050405
3.2724540035134724,8.41079375,18.349290453275728
2.352494670378073,4.346575,6.816863014599048
2.8887581042126773,6.5540875,12.622115587562671
2.970566653394364,6.9305625,13.725131901176988
3.6005618265795523,10.1819375,24.440463655412557
2.015817485235409,3.19148125,4.288962471700639
2.467758724580645,4.782943749999999,7.8687674454939796
3.2339433545525544,8.214,17.709073809529787
2.707723562362465,5.758356249999999,10.394691265734776
3.9081461728299787,11.9958625,31.25438941277977
2.354808979516572,4.3551312499999995,6.83700144964882
2.364043559968902,4.38935625,6.917752916814497
3.599048667518576,10.17338125,24.409662821313976
2.2092038889334833,3.8331999999999997,5.645546898039886
6.062745405635648,28.8687875,116.68273918793122
2.0585982190449528,3.32838125,4.567866475701742
3.994989152306667,12.534906249999999,33.38454299595402
3.1778738925972974,7.931643749999999,16.803842399005013
4.929996116803984,19.08899375,62.73911004079701
4.420872719636314,15.349912499999999,45.2400062800363
3.2824259535043883,8.462131249999999,18.517546157973683
3.94007259994817,12.192656249999999,32.0266338741412
4.659619364100247,17.05260625,52.97243619391792
4.210082134056254,13.92101875,39.07242155149141
4.346316400349401,14.836537499999999,42.98952417376593
6.806823403746047,36.38973125,165.13231621901923
2.8006770994423777,6.1605,11.502380847409844
3.044819638714064,7.2813687499999995,14.78030304447925
2.407424124384527,4.551925,7.305609371592692
2.5926230274208835,5.27920625,9.124661126836168
3.44911846611089,9.343425,21.484386469481425
3.348146707422601,8.80438125,19.652240062053856
2.615631831262586,5.3733249999999995,9.36975993981269
2.5395551315037483,5.0653,8.57573907173729
3.122542151821655,7.65784375,15.941293267626007
2.7397214062468325,5.89525625,10.767573162290283
2.2603891469891355,4.0128812499999995,6.047115483770798
2.0131135034881087,3.182925,4.271726198726592
2.6363746765701705,5.4588874999999994,9.594448511496964
2.6260237348484248,5.4161062499999995,9.481882375307265
3.8221803988132947,11.47393125,29.23695674738755
2.9392287411376654,6.78510625,13.295319534448533
3.27578135974009,8.42790625,18.405318796924668
2.4299449527129227,4.6374875,7.51255956259618
3.129512120654204,7.69206875,16.048281590686955
2.031965813912392,3.2428187499999996,4.392864560476078
2.4299449527129227,4.6374875,7.51255956259618
2.456697446465619,4.740162499999999,7.763430073054724
2.6569555874735418,5.544449999999999,9.820904937978451
2.654904675869217,5.53589375,9.798180134660118
2.272406186204278,4.0556624999999995,6.144075036104471
2.526652989790877,5.0139625,8.445695560882895
2.2092038889334833,3.8331999999999997,5.645546898039886
2.375536304227667,4.4321375,7.0191356910525675
2.1943602456640945,3.7818625,5.532512483045218
2.5395551315037483,5.0653,8.57573907173729
2.2627976603490003,4.0214375,6.06646624415982
2.3080819337534524,4.1840062499999995,6.438019490891021
7.469930808746979,43.825112499999996,218.24703870703493
2.877422188266188,6.50275,12.474104756498635
3.6066081143424005,10.2161625,24.56379637996037
2.6834748032946383,5.65568125,10.117918753227285
2.121152132207027,3.5337312499999998,4.997054383722734
3.280766066696093,8.453574999999999,18.48946800151361
2.6093768239083728,5.34765625,9.30270018731917
2.79093558436374,6.11771875,11.382772636336172
2.2141296562279513,3.8503125,5.683394061330122
2.8181269698210425,6.23750625,11.718723058368205
3.1537857085234147,7.81185625,16.424613732192878
2.450036709093717,4.71449375,7.700455168195265
3.225510632625697,8.17121875,17.5709019730903
2.489733857521782,4.868506249999999,8.080856564120932
2.090109207125488,3.4310562499999997,4.780854838860301
2.2042671142966195,3.8160874999999996,5.607784121018934
2.250729320111086,3.97865625,5.969918851012149
3.7661905053703255,11.1402375,27.970837800046965
2.0822761656770727,3.4053875,4.7273048174297525
2.3362303146682177,4.28668125,6.6764497903799
2.8006770994423777,6.1605,11.502380847409844
2.8239196315753485,6.2631749999999995,11.791135225661286
2.4321855663311647,4.64604375,7.533360366195412
2.679412007924111,5.63856875,10.072032544170428
2.6072884867799933,5.3391,9.280382639844706
2.0399920432375636,3.2684875,4.445125662280955
2.480967161788268,4.83428125,7.995795354732492
4.86884823543486,18.618399999999998,60.43344265774692
2.4853543750501683,4.85139375,8.038288454435692
4.186728647776942,13.76700625,38.42581297399948
4.356330967544051,14.904987499999999,43.28737241140464
2.2141296562279513,3.8503125,5.683394061330122
2.6093768239083728,5.34765625,9.30270018731917
2.1056878764049,3.48239375,4.888556200162131
2.8565228399446654,6.40863125,12.204267692272085
2.985200075220372,6.9990125,13.928968427645552
2.725768569204774,5.8353625,10.603898461610793
2.787029444472822,6.100606249999999,11.335046165256616
3.5210153880067874,9.737012499999999,22.856113897142954
3.4570057813865946,9.386206249999999,21.632112847691328
2.300991035479094,4.1583375,6.37886487333103
2.253148159412148,3.9872124999999996,5.989187003706738
2.380117863554854,4.44925,7.059826269614289
2.6405036919061016,5.476,9.639598811251876
3.1778738925972974,7.931643749999999,16.803842399005013
2.2410278554692598,3.9444312499999996,5.893053536822288
2.366346574212045,4.3979124999999994,6.93799011870622
2.765447054267618,6.0064874999999995,11.07374877558018
2.907553085190505,6.63965,12.870089894723424
3.2423541447114976,8.25678125,17.84760593860912
2.4254575159144154,4.620375,7.471015513395376
4.740742929976568,17.65154375,55.78762082398972
3.8236052564205942,11.4824875,29.26966637452251
3.019670255232163,7.161581249999999,14.417075920702247
4.474757922036538,15.7263875,46.91451803376093
2.6031067864354367,5.3219875,9.235801185716376
2.5481202658755295,5.099525,8.662801999225938
2.164367579108341,3.6791875,5.308742761640446
2.3478592083955885,4.3294625,6.776645598685589
2.507175288671978,4.93695625,8.251876474169784
2.571527290107306,5.19364375,8.903731092146831
2.709734497331338,5.7669125,10.417867829560873
5.7330330727678165,25.814206249999998,98.6624654523331
2.825847880097457,6.271731249999999,11.81530563823565
7.218500360375709,40.92454375,196.9425558717243
3.41100548999203,9.138074999999999,20.780015995305934
2.0399920432375636,3.2684875,4.445125662280955
7.846895493787757,48.359925,252.9835183749426
2.886871876062355,6.54553125,12.597406719674845
2.709734497331338,5.7669125,10.417867829560873
3.0892200518358752,7.4952749999999995,15.436369216016095
2.571527290107306,5.19364375,8.903731092146831
2.146678347240876,3.6192937499999998,5.179639683619488
2.5158506616144725,4.97118125,8.337833091211975
3.5640687039548657,9.976587499999999,23.70482885401154
2.100507824581783,3.46528125,4.852566920001027
7.590012922211501,45.24545,228.9423667808495
3.471157785989006,9.4632125,21.89886916656232
2.7536035435097777,5.95515,10.932081428088166
2.480967161788268,4.83428125,7.995795354732492
2.4142024319084197,4.57759375,7.367491975692523
2.2938782177332855,4.13266875,6.319892551154697
2.5799862843017562,5.22786875,8.99188644741984
3.9248358409570834,12.098537499999999,31.65651573544221
4.580627050528901,16.4793375,50.32379941819688
3.960755537859152,12.321,32.53364598797508
4.0235202994387125,12.714587499999999,34.10493393682646
4.894512102789601,18.81519375,61.39412901713749
2.2165884350602267,3.8588687499999996,5.702349229110207
2.4743717566905366,4.8086125,7.932196639246047
3.247390162467662,8.282449999999999,17.93089776742019
3.23899244951552,8.23966875,17.792149911839324
2.507175288671978,4.93695625,8.251876474169784
2.911297520850472,6.6567625,12.919877442093592
2.43442411771743,4.654599999999999,7.554180332218365
4.212668974321261,13.93813125,39.144488717928404
2.5395551315037483,5.0653,8.57573907173729
2.524496222014313,5.00540625,8.424086111847886
2.5331122751238446,5.039631249999999,8.510634520981817
2.0373201468149107,3.2599312499999997,4.42768240857101
7.317429605097459,42.053968749999996,205.15130396206223
2.0559505031980736,3.319825,4.550263919519697
2.761504861166854,5.989375,11.026458785234148
2.4853543750501683,4.85139375,8.038288454435692
2.2385959200209644,3.935875,5.873889144475008
4.152763985335008,13.544543749999999,37.49819565519625
2.524496222014313,5.00540625,8.424086111847886
2.5180148346267974,4.9797375,8.359368598364908
5.220840731942498,21.4077375,74.51092527915523
2.9997621132237864,7.0674624999999995,14.133804162753243
2.4875450800810937,4.8599499999999995,8.059563141293408
2.0927137055902736,3.4396125,4.798749480446416
2.467758724580645,4.782943749999999,7.8687674454939796
3.1503295039689507,7.794743749999999,16.370674141001718
2.550257054733938,5.10808125,8.684613495977766
2.4028946300159157,4.5348125,7.264451069586032
2.845058487974842,6.357293749999999,12.057915029324608
5.075891901550324,20.235531249999998,68.475579463629
2.045325364870306,3.2855999999999996,4.480080679211918
2.5331122751238446,5.039631249999999,8.510634520981817
2.743694898409151,5.91236875,10.814490651259124
2.7889831982665525,6.1091625,11.358901045320057
3.754602199421993,11.0717875,27.71343846602195
2.1262818909250245,3.55084375,5.033396508752869
2.7752780381847595,6.0492687499999995,11.192268472634916
2.079658595609427,3.39683125,4.7094995379314755
2.528807918105647,5.02251875,8.467323455889382
3.5701767953322814,10.0108125,23.82691365994823
2.825847880097457,6.271731249999999,11.81530563823565
2.3198519332475245,4.2267874999999995,6.537014102200981
2.0426604446963794,3.27704375,4.462591762442995
2.575760259705065,5.21075625,8.947772581173192
3.1813001727219614,7.94875625,16.858253087366517
2.3938099297021815,4.5005875,7.182367364662343
2.6773782983271666,5.630012499999999,10.049115524540449
2.500649007870456,4.911287499999999,8.187604142827714
2.467758724580645,4.782943749999999,7.8687674454939796
3.122542151821655,7.65784375,15.941293267626007
5.264478368670989,21.7671,76.39495139913218
2.189390000900183,3.76475,5.495004003925975
2.34553804202646,4.32090625,6.756566656936595
2.507175288671978,4.93695625,8.251876474169784
3.40301155941066,9.09529375,20.63425984499035
2.8565228399446654,6.40863125,12.204267692272085
3.8378247374617827,11.56805,29.59743230279652
3.0430301471467875,7.2728125,14.754258461363992
5.392263159011695,22.83663125,82.09408357687346
3.016060367204973,7.14446875,14.365432694406303
2.8239196315753485,6.2631749999999995,11.791135225661286
2.575760259705065,5.21075625,8.947772581173192
3.131252188690047,7.700625,16.075065923687525
2.771349829509325,6.03215625,11.144810130007404
2.5630403782125755,5.1594187499999995,8.815865722904702
2.5395551315037483,5.0653,8.57573907173729
3.3643763066831878,8.88994375,19.93941074683086
6.405262754062094,32.2228375,137.59716057929685
2.0265973347459454,3.22570625,4.358138459282225
2.483161737327308,4.8428375,8.01703252006256
3.2406737330180566,8.248225,17.81987073434857
2.443357814226735,4.688825,7.637651468861113
3.834985059131824,11.5509375,29.531781820977002
2.2843600097998285,4.0984437499999995,6.241547336609362
2.443357814226735,4.688825,7.637651468861113
2.8297004352334847,6.28884375,11.863695930993586
2.0373201468149107,3.2599312499999997,4.42768240857101
2.164367579108341,3.6791875,5.308742761640446
2.4743717566905366,4.8086125,7.932196639246047
3.138202812533756,7.73485,16.182352016351153
2.4743717566905366,4.8086125,7.932196639246047
2.420961761324711,4.6032625,7.429548326559994
3.2557662149738187,8.32523125,18.070004423729497
2.409685678781207,4.56048125,7.326217570983477
2.087501459126698,3.4225,4.762982495907414
3.2119722281402594,8.10276875,17.35057879736184
4.514749783103365,16.00874375,48.18364824871324
4.340045561128703,14.79375625,42.803717430155
2.7157583680422377,5.79258125,10.487500668168039
2.010405884907704,3.1743687499999997,4.254513077244742
7.150263871062845,40.154481249999996,191.41009102876356
4.191929554934661,13.801231249999999,38.56919278090856
5.14623093949644,20.80024375,71.36190529021162
2.6260237348484248,5.4161062499999995,9.481882375307265
2.010405884907704,3.1743687499999997,4.254513077244742
5.377089327713944,22.708287499999997,81.40299357793997
3.3933939851356385,9.043956249999999,20.45980449371991
2.498469792634855,4.9027312499999995,8.166217286354616
2.8981708307012584,6.59686875,12.745901723476447
2.6363746765701705,5.4588874999999994,9.594448511496964
2.60101341513872,5.31343125,9.213537307778198
4.692237097827423,17.29218125,54.09267624240385
6.9814363345704455,38.2806625,178.1693387259522
3.497733126577982,9.60866875,22.405705992793102
5.961269696787459,27.9104875,110.92129557087678
6.7214629604865825,35.48276875,158.99741059242385
2.6956264494630995,5.70701875,10.255993793387887
2.450036709093717,4.71449375,7.700455168195265
3.3334725095211213,8.727375,19.394976428521264
2.3245432462962605,4.2439,6.576752721971133
2.061242533839648,3.3369375,4.585491671843028
2.5395551315037483,5.0653,8.57573907173729
3.1881416863714414,7.98298125,16.967250203097723
2.929947919922214,6.742325,13.169774072793027
2.877422188266188,6.50275,12.474104756498635
5.169464605878688,20.98848125,72.33280730201565
2.5201771491812353,4.9882937499999995,8.380922614769048
4.685266699676773,17.24084375,53.85196739747028
2.9056790578703255,6.63109375,12.845220160099865
3.9095396997677683,12.00441875,31.287834450507713
4.831788074460016,18.336043749999998,59.063918349351425
2.5438413035518352,5.082412499999999,8.619233892792094
6.194289056868667,30.135112499999998,124.44373172417077
2.2483078785062047,3.9701,5.950671405638324
2.894409413372328,6.57975625,12.69633895179694
2.0426604446963794,3.27704375,4.462591762442995
2.5223376100573645,4.996849999999999,8.402495124543426
3.9648791782658224,12.34666875,32.63536656521354
3.771971307706376,11.174462499999999,28.099834619360575
4.2023120588994605,13.86968125,38.85648584664449
3.8675154800493097,11.74773125,30.289688309889346
3.5884386883691852,10.1134875,24.194419879558765
2.646685137022096,5.501668749999999,9.707456606295954
2.6239486466264217,5.40755,9.459422336043138
3.1485999789942536,7.7861875,16.34372653263021
2.8200591791463125,6.2460625,11.742843924431044
2.151747252402591,3.63640625,5.21641810470474
2.4765721766511173,4.8171687499999996,7.953377397655494
2.4142024319084197,4.57759375,7.367491975692523
2.491920712451529,4.8770625,8.102168706447088
2.5481202658755295,5.099525,8.662801999225938
3.1207972273200273,7.6492875,15.91458348064916
3.359515659348425,8.864275,19.853113780847174
4.0986324948518185,13.1937375,36.05085416402999
9.294071323776379,67.84250625,420.3553945808296
2.721768906640562,5.81825,10.557287960707633
3.612644282773908,10.2503875,24.687335865394754
2.7496443702996074,5.9380375,10.88499425500197
3.7444330124762524,11.011893749999999,27.48886565825394
2.090109207125488,3.4310562499999997,4.780854838860301
2.359430787652217,4.37224375,6.877337676579988
4.333765648186317,14.750974999999999,42.61817915483676
2.469965035906082,4.7915,7.88989164636266
2.181913405357276,3.73908125,5.4389010020633615
5.9840697100052616,28.12439375,112.19888850109085
3.756052692889053,11.080343749999999,27.745569986882597
2.3104407304178385,4.1925625,6.457778109881625
2.34553804202646,4.32090625,6.756566656936595
2.1262818909250245,3.55084375,5.033396508752869
2.2385959200209644,3.935875,5.873889144475008
2.565164738608946,5.167975,8.837804826675042
2.4544792090413092,4.73160625,7.742419443996611
2.8698400349336577,6.468525,12.375754674646158
3.2874005852349537,8.4878,18.601865791571495
2.4544792090413092,4.73160625,7.742419443996611
2.416457642518728,4.58615,7.3881581448248435
2.333897582868648,4.278125,6.656470397806621
2.159328299677013,3.6620749999999997,5.271748122026462
3.9689985343673007,12.372337499999999,32.73719293613172
4.250001224352001,14.1862625,40.194421995985905
2.976062618599029,6.95623125,13.801453192970259
2.4478124356355675,4.7059375,7.679501555882501
3.4173871709501005,9.1723,20.896866898737066
2.257978064546162,4.004325,6.0277853422092065
3.2774437710928424,8.4364625,18.433354313788893
2.1769147426503643,3.72196875,5.401605762372631
2.97972096370311,6.97334375,13.852412372655369
3.539530934013188,9.8396875,23.218585524848596
2.4743717566905366,4.8086125,7.932196639246047
2.1968411511999735,3.7904187499999997,5.551298593519976
3.948358776503242,12.24399375,32.22912012150889
6.103041771691799,29.253818749999997,119.02485187516717
3.4157928684742718,9.16374375,20.86763369985045
2.3198519332475245,4.2267874999999995,6.537014102200981
4.321178442838639,14.665412499999999,42.24790956689088
2.450036709093717,4.71449375,7.700455168195265
2.530961011657125,5.0310749999999995,8.48896978114858
2.611463491034249,5.3562125,9.325035595980852
2.250729320111086,3.97865625,5.969918851012149
3.259110608474992,8.34234375,18.125747343446697
2.161849407715686,3.67063125,5.290234662503457
2.91316793384191,6.66531875,12.944795234223491
7.2313171761632145,41.07,197.99346428334877
2.584205397969454,5.2449812499999995,9.036072572332381
2.3617382999764818,4.3808,6.897535429691315
2.2067368821461666,3.82464375,5.626654949463213
2.8354694533224114,6.314512499999999,11.936404870915021
2.5459816836558233,5.09096875,8.641008793042786
2.598918357678237,5.304875,9.19129134845889
3.414197821518995,9.1551875,20.838414145398623
3.1881416863714414,7.98298125,16.967250203097723
3.064435077905858,7.375487499999999,15.067801741104113
3.0015774005991376,7.076018749999999,14.159478644143839
3.230572907201654,8.196887499999999,17.65376178725326
2.6239486466264217,5.40755,9.459422336043138
3.262451573584428,8.35945625,18.18154746474845
4.322438812835643,14.67396875,42.284888042224885
3.7049475538591228,10.780875,26.62838430647398
4.1171964380899055,13.313525,36.54293180561394
2.077037726772803,3.3882749999999997,4.691716669120746
2.3127971213723777,4.20111875,6.477556901029015
5.107984266994502,20.49221875,69.78262064720647
3.5945053684204344,10.147712499999999,24.317338038958102
3.973113619489594,12.39800625,32.83912499092807
2.9318064344890074,6.75088125,13.194851391480794
2.161849407715686,3.67063125,5.290234662503457
3.7034770447502514,10.77231875,26.59669013957181
2.1134341485843597,3.5080625,4.9427060552454805
6.264243720387492,30.819612499999998,128.70770937860058
2.3869737141361322,4.47491875,7.121008952763276
2.3846906206303164,4.4663625,7.100595174723314
2.6712678796386844,5.60434375,9.98046896388587
2.4633401736330716,4.76583125,7.826575719253945
3.3530238355831474,8.83005,19.738245412927313
4.032985828263952,12.77448125,34.34620122978237
2.5968216099729116,5.29631875,9.169063322203144
2.605198475633069,5.3305437499999995,9.258082967863588
2.9429328746063828,6.80221875,13.345648786425956
2.654904675869217,5.53589375,9.798180134660118
3.5271980361186337,9.7712375,22.976726480299156
2.2017945760935342,3.80753125,5.58893443637109
5.043595336720121,19.97884375,67.17680211370661
2.469965035906082,4.7915,7.88989164636266
2.5136846253441054,4.962625,8.316316109232192
2.987024212314047,7.00756875,13.954518350470188
3.0662120772305563,7.38404375,15.094029416699204
2.615631831262586,5.3733249999999995,9.36975993981269
2.567287341155513,5.17653125,8.859762099480616
2.693604982025092,5.6984625,10.232937986588771
2.6569555874735418,5.544449999999999,9.820904937978451
4.206198890677395,13.895349999999999,38.964403837049424
3.0608779843356384,7.358375,15.01539202532383
3.2119722281402594,8.10276875,17.35057879736184
2.4787706432861216,4.825724999999999,7.9745769750479445
2.279586002471368,4.08133125,6.202497059299313
2.0212145965953465,3.20859375,4.323504348029735
2.411945112637907,4.569037499999999,7.346845111722878
3.206880591288111,8.0771,17.2681968159288
2.350178082253045,4.33801875,6.796744391101834
5.522023382523658,23.948943749999998,88.16441824949588
2.767416044943746,6.015043749999999,11.097419056525732
2.0585982190449528,3.32838125,4.567866475701742
3.536451741665223,9.822574999999999,23.15804164425818
3.513271777603803,9.69423125,22.70564603745989
2.7634766606763312,5.99793125,11.05009534781081
3.0839257547971104,7.46960625,15.357140728378976
2.3315625171685785,4.2695687499999995,6.636510974649534
2.4853543750501683,4.85139375,8.038288454435692
2.6363746765701705,5.4588874999999994,9.594448511496964
4.207493703357188,13.903906249999999,39.000398665962436
2.765447054267618,6.0064874999999995,11.07374877558018
2.3824053392039657,4.45780625,7.080200940757871
2.879314606878036,6.51130625,12.4987327969875
2.6651434515285355,5.578675,9.911979429637302
4.399876697555933,15.20445625,44.59848850225578
2.892526870465286,6.571199999999999,12.671581714134321
2.5158506616144725,4.97118125,8.337833091211975
3.524108067907378,9.754125,22.916393738584706
2.6753430427701486,5.62145625,10.026215912449514
3.545681296486591,9.8739125,23.339831249596767
2.9056790578703255,6.63109375,12.845220160099865
2.4765721766511173,4.8171687499999996,7.953377397655494
3.331838053669235,8.718818749999999,19.36646139619655
3.064435077905858,7.375487499999999,15.067801741104113
2.2652036128206112,4.02999375,6.085837601429653
2.3198519332475245,4.2267874999999995,6.537014102200981
2.8354694533224114,6.314512499999999,11.936404870915021
2.6072884867799933,5.3391,9.280382639844706
3.07153690684622,7.4097124999999995,15.172803608579848
2.375536304227667,4.4321375,7.0191356910525675
3.6635501924931737,10.5413,25.74572109608552
3.992261265916681,12.51779375,33.31620208190594
2.181913405357276,3.73908125,5.4389010020633615
2.0585982190449528,3.32838125,4.567866475701742
4.1079249529218185,13.25363125,36.29661501913292
2.735742142844943,5.87814375,10.720723719050405
2.071786042700417,3.3711625,4.656218276783363
2.5799862843017562,5.22786875,8.99188644741984
2.4254575159144154,4.620375,7.471015513395376
5.47546499504562,23.546799999999998,85.95311943022679
2.3571210163813228,4.3636875,6.857159676780315
4.252563781850049,14.203375,40.26717207002295
3.691691885051478,10.70386875,26.3435902686874
2.2067368821461666,3.82464375,5.626654949463213
2.505001750952038,4.9284,8.230433752928015
3.348146707422601,8.80438125,19.652240062053856
2.4875450800810937,4.8599499999999995,8.059563141293408
2.333897582868648,4.278125,6.656470397806621
2.121152132207027,3.5337312499999998,4.997054383722734
2.483161737327308,4.8428375,8.01703252006256
3.8221803988132947,11.47393125,29.23695674738755
2.2165884350602267,3.8588687499999996,5.702349229110207
2.100507824581783,3.46528125,4.852566920001027
3.602074349992865,10.19049375,24.4712774337584
4.256404725383468,14.229043749999999,40.3763793701254
2.3571210163813228,4.3636875,6.857159676780315
2.4544792090413092,4.73160625,7.742419443996611
5.067299611172309,20.16708125,68.12842865107025
3.4126020290403645,9.14663125,20.809208241756004
2.223948461184896,3.8845375,5.759340797026682
2.4187107503671883,4.59470625,7.408843601102873
6.878467771001223,37.15979375,170.4016291242851
3.901171071477436,11.95308125,31.087343191679558
2.7016817767103807,5.7326875,10.325264900216927
5.130329477217892,20.6719,70.70243861340033
2.4321855663311647,4.64604375,7.533360366195412
2.6031067864354367,5.3219875,9.235801185716376
2.567287341155513,5.17653125,8.859762099480616
2.598918357678237,5.304875,9.19129134845889
2.8335477523539025,6.3059562499999995,11.912152105753027
2.2067368821461666,3.82464375,5.626654949463213
4.24102007965195,14.12636875,39.9401423475452
2.333897582868648,4.278125,6.656470397806621
5.12926762695769,20.66334375,70.65854677438233
3.6724603398872273,10.5926375,25.934027409034783
3.138202812533756,7.73485,16.182352016351153
3.039448003295157,7.2557,14.702215251672442
2.4411274551911886,4.68026875,7.616755028865561
2.7634766606763312,5.99793125,11.05009534781081
2.7772400589587654,6.057824999999999,11.21602284010792
3.0286761513253735,7.204362499999999,14.546453926168558
3.420573546626883,9.1894125,20.955374204361604
2.6031067864354367,5.3219875,9.235801185716376
2.8200591791463125,6.2460625,11.742843924431044
2.9392287411376654,6.78510625,13.295319534448533
2.3960843339489126,4.50914375,7.202859132599101
3.39178840473578,9.0354,20.43077663476644
3.586920415109613,10.10493125,24.163722795936067
2.061242533839648,3.3369375,4.585491671843028
2.60101341513872,5.31343125,9.213537307778198
2.5331122751238446,5.039631249999999,8.510634520981817
2.010405884907704,3.1743687499999997,4.254513077244742
2.6363746765701705,5.4588874999999994,9.594448511496964
2.472169378188552,4.80005625,7.911034716555048
2.721768906640562,5.81825,10.557287960707633
2.8335477523539025,6.3059562499999995,11.912152105753027
2.9778923529364105,6.9647875,13.82692495738473
2.3362303146682177,4.28668125,6.6764497903799
2.963222843263738,6.8963375,13.623589876570895
4.991486195469464,19.56814375,65.11607959939138
4.465008982520823,15.6579375,46.608554390166425
2.886871876062355,6.54553125,12.597406719674845
3.422165621903512,9.19796875,20.984648298395204
2.400626677995703,4.526256249999999,7.243901003463192
4.159317191218854,13.587325,37.675996303451804
3.3676128406751995,8.90705625,19.997011333410857
2.709734497331338,5.7669125,10.417867829560873
2.7536035435097777,5.95515,10.932081428088166
3.4883767126893193,9.557331249999999,22.226381178638594
2.2312842099496395,3.91020625,5.81652097551426
5.011090624299838,19.722156249999998,65.88634151690094
2.4388950565027536,4.6717125,7.595877681101414
3.1485999789942536,7.7861875,16.34372653263021
2.3362303146682177,4.28668125,6.6764497903799
2.452258965069026,4.72305,7.721427803312842
2.575760259705065,5.21075625,8.947772581173192
6.687339514582625,35.123406249999995,156.5880950015756
2.541699121021538,5.0738562499999995,8.597477313876423
3.7298575075162828,10.926331249999999,27.169105761614837
2.3104407304178385,4.1925625,6.457778109881625
2.541699121021538,5.0738562499999995,8.597477313876423
2.8219900654931465,6.25461875,11.766981317298107
4.439316156914733,15.47825625,45.808582034327635
5.912642906310216,27.45700625,108.22898215505185
4.035686187340035,12.791593749999999,34.415238807293406
5.675739499146449,25.300831249999998,95.73395152457587
2.5926230274208835,5.27920625,9.124661126836168
4.123806165315412,13.35630625,36.719212039727175
3.3465194185257854,8.795824999999999,19.623599442969706
2.2627976603490003,4.0214375,6.06646624415982
2.411945112637907,4.569037499999999,7.346845111722878
2.0239077551471385,3.2171499999999997,4.340809889647745
2.0559505031980736,3.319825,4.550263919519697
2.648742412993063,5.510225,9.730111108423133
2.407424124384527,4.551925,7.305609371592692
3.1983765174705714,8.034318749999999,17.13118428258234
2.3127971213723777,4.20111875,6.477556901029015
2.0185178447651753,3.2000374999999996,4.306221865111826
2.38925462599353,4.483474999999999,7.141442256184227
2.5331122751238446,5.039631249999999,8.510634520981817
4.462568419899279,15.640825,46.53216780411408
2.2116681438980548,3.84175625,5.664459943164168
3.8107623586672825,11.40548125,28.97571908665697
2.2771952456495144,4.072775,6.1830025777334665
3.553354279484109,9.91669375,23.491684116597202
4.755656374700881,17.762774999999998,56.315769440751616
2.1390524675540097,3.593625,5.124634949142516
5.0403542983624705,19.953174999999998,67.04738091815238
3.0286761513253735,7.204362499999999,14.546453926168558
2.467758724580645,4.782943749999999,7.8687674454939796
3.970370703305224,12.38089375,32.77115855048982
3.1983765174705714,8.034318749999999,17.13118428258234
2.2141296562279513,3.8503125,5.683394061330122
4.830660600853613,18.3274875,59.02258118592473
2.00497967829159,3.1572562499999997,4.220156413606076
2.5093469437250118,4.9455124999999995,8.273337784685895
2.6301689998356665,5.43321875,9.52685568371726
4.201015649163566,13.861125,38.820535360008215
2.1441394009387964,3.6107375,5.161283026798166
2.5863123737764364,5.2535375,9.058192694899017
2.922502042777378,6.7081,13.069623968769953
2.253148159412148,3.9872124999999996,5.989187003706738
3.6426750926965488,10.4215125,25.308122674650498
3.0268771157337127,7.1958062499999995,14.520547511585747
2.7117439410612056,5.77546875,10.441061593067223
3.8292993850501893,11.516712499999999,29.400626729366547
2.0638834606547753,3.3454937499999997,4.60313947889928
5.877530792353554,27.13186875,106.31226268814675
2.761504861166854,5.989375,11.026458785234148
3.394998806216192,9.052512499999999,20.48884608717144
2.6322391843354946,5.441775,9.549368924891523
2.646685137022096,5.501668749999999,9.707456606295954
3.0733097998693664,7.418268749999999,15.199092031626448
3.7748583891146734,11.191575,28.164407184104032
2.4633401736330716,4.76583125,7.826575719253945
2.0239077551471385,3.2171499999999997,4.340809889647745
2.937374922762681,6.776549999999999,13.270178688564963
2.6197935392742973,5.3904375,9.414555557574595
2.0559505031980736,3.319825,4.550263919519697
3.480560487961665,9.51455,22.077311193823775
2.8316247472105505,6.2974,11.887915788722479
2.2652036128206112,4.02999375,6.085837601429653
2.467758724580645,4.782943749999999,7.8687674454939796
3.225510632625697,8.17121875,17.5709019730903
3.3933939851356385,9.043956249999999,20.45980449371991
2.976062618599029,6.95623125,13.801453192970259
2.530961011657125,5.0310749999999995,8.48896978114858
2.279586002471368,4.08133125,6.202497059299313
2.179415507108074,3.7305249999999996,5.420242689769564
4.0058821218160015,12.60335625,33.65837298450198
2.5438413035518352,5.082412499999999,8.619233892792094
2.1339534079355196,3.5765124999999998,5.088074025265988
2.4743717566905366,4.8086125,7.932196639246047
2.2867432759772823,4.107,6.261103089625798
2.6384399919488617,5.46744375,9.6170148291539
5.287192442403326,21.9553375,77.3880630002762
2.5223376100573645,4.996849999999999,8.402495124543426
2.189390000900183,3.76475,5.495004003925975
2.4411274551911886,4.68026875,7.616755028865561
2.634307741970522,5.45033125,9.571899872119248
7.206416651781245,40.78764375,195.9551700712808
2.1339534079355196,3.5765124999999998,5.088074025265988
2.407424124384527,4.551925,7.305609371592692
2.4655504389262153,4.7743875,7.847662130819225
2.4366606125554147,4.66315625,7.575019443044407
2.6610526686851115,5.5615625,9.866407155122694
3.1434056944910393,7.760518749999999,16.262972553969654
2.00497967829159,3.1572562499999997,4.220156413606076
3.2119722281402594,8.10276875,17.35057879736184
2.89064310154489,6.562643749999999,12.646840589222792
3.3513989148017105,8.82149375,19.70956305378671
2.605198475633069,5.3305437499999995,9.258082967863588
3.059097886491369,7.34981875,14.989210002813088
4.082653359960844,13.0910625,35.63084686738828
3.3465194185257854,8.795824999999999,19.623599442969706
4.154075453545606,13.553099999999999,37.53373335296597
2.0638834606547753,3.3454937499999997,4.60313947889928
4.047815510294277,12.868599999999999,34.72647911718196
3.783506415086047,11.2429125,28.358421045334065
3.048395470408674,7.29848125,14.832438122241756
4.223000489467893,14.00658125,39.433199649681185
2.4366606125554147,4.66315625,7.575019443044407
3.452275554612699,9.3605375,21.543436526190312
5.952125237198058,27.824925,110.41162554376207
2.4478124356355675,4.7059375,7.679501555882501
2.5545252703642416,5.12519375,8.728291299925248
3.8576439568003895,11.687837499999999,30.058343799959985
4.546010740886182,16.23120625,49.19149196669262
2.7634766606763312,5.99793125,11.05009534781081
2.472169378188552,4.80005625,7.911034716555048
3.993625442025492,12.526349999999999,33.35036670381068
2.1262818909250245,3.55084375,5.033396508752869
2.0185178447651753,3.2000374999999996,4.306221865111826
2.5799862843017562,5.22786875,8.99188644741984
5.0403542983624705,19.953174999999998,67.04738091815238
2.0239077551471385,3.2171499999999997,4.340809889647745
3.452275554612699,9.3605375,21.543436526190312
3.2406737330180566,8.248225,17.81987073434857
2.7948362649316416,6.1348312499999995,11.430565904490608
2.615631831262586,5.3733249999999995,9.36975993981269
4.292087784539902,14.46861875,41.40038786402666
2.4743717566905366,4.8086125,7.932196639246047
3.2824259535043883,8.462131249999999,18.517546157973683
3.1015382666746723,7.55516875,15.621763326206436
2.3362303146682177,4.28668125,6.6764497903799
2.121152132207027,3.5337312499999998,4.997054383722734
2.8161934347942243,6.228949999999999,11.694618730440986
2.4321855663311647,4.64604375,7.533360366195412
3.718155964929182,10.85788125,26.91419729078681
8.868196610058206,61.767568749999995,365.1779625335247
2.5630403782125755,5.1594187499999995,8.815865722904702
2.031965813912392,3.2428187499999996,4.392864560476078
2.500649007870456,4.911287499999999,8.187604142827714
2.452258965069026,4.72305,7.721427803312842
2.74766264436988,5.929481249999999,10.861476087411079
2.4321855663311647,4.64604375,7.533360366195412
2.0076946147800685,3.1658125,4.237323138435617
2.7967845651089553,6.143387499999999,11.454487558322192
2.159328299677013,3.6620749999999997,5.271748122026462
3.7791848757944284,11.21724375,28.26135861873305
3.3692299417723217,8.9156125,20.025832389493047
4.952044509977185,19.26011875,63.5846435449641
2.598918357678237,5.304875,9.19129134845889
3.044819638714064,7.2813687499999995,14.78030304447925
2.350178082253045,4.33801875,6.796744391101834
2.5523920547350993,5.1166374999999995,8.706443267973109
2.0346447416596565,3.251375,4.410262031275778
2.787029444472822,6.100606249999999,11.335046165256616
2.8565228399446654,6.40863125,12.204267692272085
3.344891337953375,8.787268749999999,19.59497275076225
2.450036709093717,4.71449375,7.700455168195265
2.6590049171939327,5.55300625,9.843647282639093
3.620175340108847,10.29316875,24.842050453552673
2.097913002313169,3.456725,4.834605548613991
2.409685678781207,4.56048125,7.326217570983477
3.3400023346027172,8.7616,19.509176303236778
4.295893389943535,14.494287499999999,41.51060924212745
2.279586002471368,4.08133125,6.202497059299313
2.8297004352334847,6.28884375,11.863695930993586
2.5395551315037483,5.0653,8.57573907173729
2.3478592083955885,4.3294625,6.776645598685589
6.286811388982079,31.042074999999997,130.10378043175723
3.748794613270498,11.0375625,27.5850365624243
3.362756871544026,8.881387499999999,19.91063122964681
6.149277597527718,29.69874375,121.75054641106088
3.0892200518358752,7.4952749999999995,15.436369216016095
5.1015819445281405,20.44088125,69.52055381016254
2.095314966638671,3.44816875,4.816666392913839
2.0265973347459454,3.22570625,4.358138459282225
2.8181269698210425,6.23750625,11.718723058368205
3.00520468579043,7.09313125,14.210874179617692
3.431702562703548,9.24930625,21.1605786409033
2.4187107503671883,4.59470625,7.408843601102873
2.567287341155513,5.17653125,8.859762099480616
2.507175288671978,4.93695625,8.251876474169784
3.4173871709501005,9.1723,20.896866898737066
3.2339433545525544,8.214,17.709073809529787
3.7400663252619015,10.986225,27.392806776166957
3.1347294270615276,7.717737499999999,16.12867923439084
2.1262818909250245,3.55084375,5.033396508752869
3.903962607485078,11.97019375,31.15412586956772
5.954870049535419,27.850593749999998,110.56444438910218
2.929947919922214,6.742325,13.169774072793027
3.2774437710928424,8.4364625,18.433354313788893
2.0346447416596565,3.251375,4.410262031275778
2.6031067864354367,5.3219875,9.235801185716376
3.285743211504587,8.47924375,18.573745060170133
3.4126020290403645,9.14663125,20.809208241756004
3.7661905053703255,11.1402375,27.970837800046965
2.2214978285274163,3.8759812499999997,5.740322620191986
4.428259312455903,15.40125,45.46715249064098
4.583004744460382,16.49645,50.4022057445023
3.1658527107667243,7.87175,16.613867383985305
4.633830077753813,16.86436875,52.09774610405431
2.9650605010175877,6.904893749999999,13.64895181456547
2.693604982025092,5.6984625,10.232937986588771
3.5777972454014604,10.05359375,23.979813350090225
2.1262818909250245,3.55084375,5.033396508752869
3.336739019378399,8.7444875,19.452048430477774
2.0373201468149107,3.2599312499999997,4.42768240857101
3.1347294270615276,7.717737499999999,16.12867923439084
2.1844084472306053,3.7476374999999997,5.457580674772125
2.8006770994423777,6.1605,11.502380847409844
2.892526870465286,6.571199999999999,12.671581714134321
4.097303280451742,13.18518125,36.015790925983865
4.427029069533854,15.39269375,45.42926845978805
3.3933939851356385,9.043956249999999,20.45980449371991
3.0070166875744797,7.1016875,14.236595214959394
6.335145631198594,31.521224999999998,133.12770056585188
4.780788531511848,17.9510125,57.21332979268387
2.0638834606547753,3.3454937499999997,4.60313947889928
3.129512120654204,7.69206875,16.048281590686955
7.05748401113422,39.119175,184.05530139417434
4.4035891521870685,15.230125,44.71147549096872
3.0821589681984745,7.461049999999999,15.330761446451483
2.765447054267618,6.0064874999999995,11.07374877558018
2.9595441046098214,6.879225,13.57291319535633
3.4189807299879553,9.18085625,20.926113735692986
2.721768906640562,5.81825,10.557287960707633
2.8469724192293,6.36585,12.082266249967224
2.4366606125554147,4.66315625,7.575019443044407
4.03838474075916,12.80870625,34.48432257924432
2.4388950565027536,4.6717125,7.595877681101414
2.359430787652217,4.37224375,6.877337676579988
3.553354279484109,9.91669375,23.491684116597202
2.3245432462962605,4.2439,6.576752721971133
2.100507824581783,3.46528125,4.852566920001027
2.4589136827724007,4.74871875,7.7844596733419005
2.4299449527129227,4.6374875,7.51255956259618
2.74766264436988,5.929481249999999,10.861476087411079
4.663125034337157,17.078274999999998,53.09208779719627
3.6754255889289733,10.60975,25.99689776142611
3.94697895511688,12.2354375,32.19534287943193
4.724629651746033,17.53175625,55.22070361728922
2.045325364870306,3.2855999999999996,4.480080679211918
5.227096984315262,21.459075,74.77911081246332
3.3901820639377838,9.02684375,20.401762516812592
4.307290032079605,14.571293749999999,41.841858882585896
2.191876532083033,3.7733062499999996,5.51374761182482
3.6665226474994057,10.5584125,25.80843903526054
2.1769147426503643,3.72196875,5.401605762372631
4.906738676428053,18.9093125,61.85536999227629
2.6405036919061016,5.476,9.639598811251876
2.7634766606763312,5.99793125,11.05009534781081
2.646685137022096,5.501668749999999,9.707456606295954
4.152763985335008,13.544543749999999,37.49819565519625
3.254092729273447,8.316675,18.042154432820162
2.423210681234937,4.611818749999999,7.450272303279704
2.3175027154973598,4.21823125,6.517174917647214
3.1173044481312844,7.632174999999999,15.861208717610925
4.012675211521395,12.6461375,33.829894978494096
2.5180148346267974,4.9797375,8.359368598364908
2.65079809231917,5.51878125,9.752783206284535
4.370063525074245,14.999106249999999,43.698031421225416
2.0022610605282236,3.1487,4.203012934190144
2.370945891620971,4.415025,6.9785235901025855
3.819329088905966,11.45681875,29.171574078798855
6.89823693222178,37.3737,171.8750917558514
2.8546153119590207,6.400074999999999,12.179834728457422
4.518367854833845,16.0344125,48.29958267409732
2.3362303146682177,4.28668125,6.6764497903799
2.253148159412148,3.9872124999999996,5.989187003706738
3.6620630602246775,10.53274375,25.714381206458228
3.3998087242921904,9.07818125,20.576053209637188
3.799310004118947,11.337031249999999,28.715264163422752
2.257978064546162,4.004325,6.0277853422092065
4.491767652360673,15.846174999999999,47.45155751909758
3.6635501924931737,10.5413,25.74572109608552
2.43442411771743,4.654599999999999,7.554180332218365
2.2891240608761145,4.11555625,6.280679223842714
3.8618776993843915,11.71350625,30.157419045649785
2.5566567060878826,5.13375,8.75015757658578
3.7152248206305334,10.840768749999999,26.850595423143893
4.795577442722152,18.06224375,57.7459257949661
2.588417634502544,5.26209375,9.080330837937082
4.1304053152646665,13.3990875,36.89577481979756
4.383753064166066,15.093224999999999,44.10998089459856
2.472169378188552,4.80005625,7.911034716555048
2.0185178447651753,3.2000374999999996,4.306221865111826
2.279586002471368,4.08133125,6.202497059299313
4.983841424903058,19.50825,64.8173496515767
5.177887364386137,21.056931249999998,72.68694550141505
4.779649027614954,17.94245625,57.172429045557564
3.064435077905858,7.375487499999999,15.067801741104113
3.044819638714064,7.2813687499999995,14.78030304447925
2.2771952456495144,4.072775,6.1830025777334665
2.3869737141361322,4.47491875,7.121008952763276
2.375536304227667,4.4321375,7.0191356910525675
6.624323345255036,34.464574999999996,152.20299250452868
2.2067368821461666,3.82464375,5.626654949463213
2.6093768239083728,5.34765625,9.30270018731917
3.00520468579043,7.09313125,14.210874179617692
9.03492721712905,64.11198125,386.16472289312816
3.452275554612699,9.3605375,21.543436526190312
5.389231810608156,22.8109625,81.95570982372648
2.9056790578703255,6.63109375,12.845220160099865
2.087501459126698,3.4225,4.762982495907414
2.5438413035518352,5.082412499999999,8.619233892792094
2.5201771491812353,4.9882937499999995,8.380922614769048
2.759531652725427,5.98081875,11.002839099892482
2.2891240608761145,4.11555625,6.280679223842714
3.88157410684988,11.83329375,30.621204412499004
3.019670255232163,7.161581249999999,14.417075920702247
2.4962886749841684,4.894175,8.144849083927095
2.5115167209948446,4.954068749999999,8.294817668388685
3.8675154800493097,11.74773125,30.289688309889346
2.4388950565027536,4.6717125,7.595877681101414
3.1434056944910393,7.760518749999999,16.262972553969654
4.463788868006303,15.64938125,46.57035587662438
2.296251605039368,4.1412249999999995,6.339529702052771
2.948480349604336,6.8278875,13.421261415372717
2.50282632566028,4.91984375,8.20900963709013
2.095314966638671,3.44816875,4.816666392913839
3.6396831619307917,10.404399999999999,25.245812993328478
2.577874137992494,5.2193125,8.969820474567296
2.494105649927359,4.88561875,8.123499551844024
2.2891240608761145,4.11555625,6.280679223842714
3.0178658509746983,7.1530249999999995,14.391246585778863
3.44911846611089,9.343425,21.484386469481425
4.333765648186317,14.750974999999999,42.61817915483676
2.60101341513872,5.31343125,9.213537307778198
2.456697446465619,4.740162499999999,7.763430073054724
2.2819742545695014,4.0898875,6.22201198605708
2.226396396390658,3.89309375,5.778379930540662
2.352494670378073,4.346575,6.816863014599048
2.43442411771743,4.654599999999999,7.554180332218365
2.4028946300159157,4.5348125,7.264451069586032
2.375536304227667,4.4321375,7.0191356910525675
2.2867432759772823,4.107,6.261103089625798
2.1134341485843597,3.5080625,4.9427060552454805
3.250743173337603,8.2995625,17.986497425709175
2.141597444620146,3.6021812499999997,5.1429481067057345
2.34553804202646,4.32090625,6.756566656936595
3.6531275534717222,10.48140625,25.526609314003814
2.6093768239083728,5.34765625,9.30270018731917
2.0022610605282236,3.1487,4.203012934190144
2.5115167209948446,4.954068749999999,8.294817668388685
3.460155673412631,9.40331875,21.691297814479906
2.6528521787121107,5.5273375,9.775472886234766
3.9867998936390205,12.48356875,33.17966037649027
2.4411274551911886,4.68026875,7.616755028865561
3.690216093713252,10.6953125,26.312009543195007
2.0426604446963794,3.27704375,4.462591762442995
2.354808979516572,4.3551312499999995,6.83700144964882
2.087501459126698,3.4225,4.762982495907414
2.1668828240931584,3.6877437499999997,5.327272394354595
4.275557685739524,14.3573875,40.92389231517704
2.491920712451529,4.8770625,8.102168706447088
3.580840884612378,10.070706249999999,24.04106445128093
2.7928866056326758,6.126275,11.40666092661488
2.3221987744478114,4.23534375,6.5568733770767995
4.248719366013584,14.17770625,40.158063406684555
2.0927137055902736,3.4396125,4.798749480446416
2.1968411511999735,3.7904187499999997,5.551298593519976
2.373242207792749,4.42358125,6.998819821400406
2.7237694720754178,5.82680625,10.580584655632162
2.4366606125554147,4.66315625,7.575019443044407
2.480967161788268,4.83428125,7.995795354732492
2.0212145965953465,3.20859375,4.323504348029735
2.0346447416596565,3.251375,4.410262031275778
2.416457642518728,4.58615,7.3881581448248435
2.5223376100573645,4.996849999999999,8.402495124543426
2.1869006425046074,3.75619375,5.476281683497861
2.8084459828808406,6.194725,11.598367027534342
3.4380458260885147,9.28353125,21.27813724361653
2.300991035479094,4.1583375,6.37886487333103
2.966897020550142,6.91345,13.674329471148251
2.3960843339489126,4.50914375,7.202859132599101
2.0373201468149107,3.2599312499999997,4.42768240857101
3.505511061747514,9.651449999999999,22.555509824602023
5.514126312508709,23.88049375,87.78670596171649
2.613548492157631,5.36476875,9.347388851557914
2.154277232409223,3.6449624999999997,5.234839817823602
4.274283491795049,14.34883125,40.887315025618605
3.338371075733937,8.75304375,19.48060538642248
4.444221480131559,15.512481249999999,45.96060158759203
5.867327543325253,27.03775,105.75955685636156
2.164367579108341,3.6791875,5.308742761640446
2.1441394009387964,3.6107375,5.161283026798166
2.3080819337534524,4.1840062499999995,6.438019490891021
2.713751896864708,5.784025,10.464272543508597
2.364043559968902,4.38935625,6.917752916814497
2.226396396390658,3.89309375,5.778379930540662
3.0501818142305486,7.3070375,14.858528598933766
2.500649007870456,4.911287499999999,8.187604142827714
2.359430787652217,4.37224375,6.877337676579988
3.433289477268227,9.2578625,21.189947935497408
2.0185178447651753,3.2000374999999996,4.306221865111826
3.295674951671708,8.53058125,18.742681965883552
3.8107623586672825,11.40548125,28.97571908665697
3.4443774075590525,9.31775625,21.39591274442811
2.179415507108074,3.7305249999999996,5.420242689769564
2.7397214062468325,5.89525625,10.767573162290283
3.4742948474390283,9.480324999999999,21.958296199698268
3.6156585880816072,10.2675,24.749183035418596
2.8603340795849035,6.42574375,12.253182556536464
3.726935566208021,10.909218749999999,27.10530357261227
3.6261889245529892,10.327393749999999,24.966053890498507
3.294021741158014,8.522025,18.71449041912808
2.010405884907704,3.1743687499999997,4.254513077244742
3.989531514304579,12.50068125,33.24790786476757
2.6031067864354367,5.3219875,9.235801185716376
3.1830119297318724,7.9573125,16.88548041073636
3.250743173337603,8.2995625,17.986497425709175
3.3837490750980463,8.99261875,20.28584358534789
3.335106164365339,8.73593125,19.4235054422312
3.0909828023655335,7.503831249999999,15.462808897068708
2.43442411771743,4.654599999999999,7.554180332218365
2.507175288671978,4.93695625,8.251876474169784
2.0585982190449528,3.32838125,4.567866475701742
2.3617382999764818,4.3808,6.897535429691315
2.4028946300159157,4.5348125,7.264451069586032
2.1237185604079127,3.5422875,5.015214473367296
2.087501459126698,3.4225,4.762982495907414
2.771349829509325,6.03215625,11.144810130007404
2.877422188266188,6.50275,12.474104756498635
2.3127971213723777,4.20111875,6.477556901029015
2.6651434515285355,5.578675,9.911979429637302
2.7016817767103807,5.7326875,10.325264900216927
2.2555644047814263,3.99576875,6.008475841491981
2.2067368821461666,3.82464375,5.626654949463213
3.250743173337603,8.2995625,17.986497425709175
2.567287341155513,5.17653125,8.859762099480616
2.571527290107306,5.19364375,8.903731092146831
2.0927137055902736,3.4396125,4.798749480446416
2.5905211843292046,5.27065,9.102486986789815
2.343214576332837,4.3123499999999995,6.73650758549927
4.074640293629821,13.039724999999999,35.42145926856808
7.084446063195595,39.41864375,186.17283702079808
2.6630988455877476,5.57011875,9.88918454194111
3.7122913619649927,10.823656249999999,26.78704373450227
3.2741181043093106,8.41935,18.37729750767773
4.867729345787676,18.60984375,60.3917883615989
4.986026841111971,19.5253625,64.90265433829408
4.6350054309947195,16.872925,52.13739934117771
2.1339534079355196,3.5765124999999998,5.088074025265988
3.846331193566337,11.6193875,29.794675060923183
3.9881659378434526,12.492125,33.21377827752176
3.5333698659237065,9.805462499999999,23.09755047929662
5.30159618463834,22.075125,78.02226565027628
7.07136304914397,39.2731875,185.1433112730686
2.116009937655572,3.5166187499999997,4.960800147963944
4.042429193190693,12.834375,34.58803478423788
2.121152132207027,3.5337312499999998,4.997054383722734
3.5441447064701226,9.86535625,23.309500087252957
3.44753883769458,9.33486875,21.454881706937638
7.889126212551024,48.88185625,257.0900889733507
2.8103848481327556,6.20328125,11.622405089137347
6.949373561956513,37.92985625,175.72582682170727
3.6005618265795523,10.1819375,24.440463655412557
2.7337503390549767,5.8695875,10.697324545491899
2.3617382999764818,4.3808,6.897535429691315
10.874059391334274,92.86953749999999,673.2459109471637
4.142257291750281,13.476093749999999,37.21429840016525
2.305720723995956,4.17545,6.41828106467261
2.1030994453386973,3.4738374999999997,4.870550479631178
3.6005618265795523,10.1819375,24.440463655412557
4.609078423779364,16.6846875,51.26735544250085
9.126703439061624,65.4210875,398.05257618226767
4.4405429957268545,15.4868125,45.84657118200673
5.839409886711493,26.781062499999997,104.25706742609226
4.032985828263952,12.77448125,34.34620122978237
3.4094082033251945,9.129518749999999,20.75083741244078
3.9109327301699897,12.012974999999999,31.321291409475883
4.264076233065558,14.28038125,40.5950895248267
2.605198475633069,5.3305437499999995,9.258082967863588
2.270007867661439,4.04710625,6.124642019174521
4.922255846735304,19.0291,62.44406582207384
3.7313176201216405,10.9348875,27.20102560186525
7.652906759823088,45.9984,234.68097753403086
5.080182597076873,20.26975625,68.64937529882678
3.1416723578858528,7.751962499999999,16.236084203745136
4.7750882927713505,17.90823125,57.00892359074468
3.4680178868516265,9.4461,21.839495840659435
6.90770603336044,37.476375,172.58385446398552
2.164367579108341,3.6791875,5.308742761640446
6.8974472536739215,37.36514375,171.81607209437922
3.1050487808336613,7.57228125,15.674868442294724
2.3198519332475245,4.2267874999999995,6.537014102200981
3.356271317056773,8.8471625,19.795651824060194
6.829990876243503,36.6378625,166.824177733376
4.795577442722152,18.06224375,57.7459257949661
3.3578938800314466,8.85571875,19.824375862603155
3.23899244951552,8.23966875,17.792149911839324
8.97686308555354,63.290581249999995,378.76725499090117
3.4046118470887707,9.10385,20.663383709412734
9.530192934045756,71.33345625,453.21440047654136
5.643014935574192,25.00991875,94.08756336249799
5.1967886587442775,21.21094375,73.48586128084187
3.062657047539806,7.3669312499999995,15.041589274369151
2.380117863554854,4.44925,7.059826269614289
3.7298575075162828,10.926331249999999,27.169105761614837
6.942315571978012,37.85285,175.19095333249857
2.4321855663311647,4.64604375,7.533360366195412
3.7748583891146734,11.191575,28.164407184104032
2.0479868173492943,3.29415625,4.4975923828591915
6.643208966090679,34.66136875,153.50847710465013
2.7117439410612056,5.77546875,10.441061593067223
6.213605100812651,30.323349999999998,125.61154815581818
6.273801487361165,30.913731249999998,129.29774206408888
3.591473309366789,10.1306,24.255853005247456
2.9187719812155017,6.690987499999999,13.019644561108773
2.450036709093717,4.71449375,7.700455168195265
5.884014556920017,27.1917625,106.66448425220788
5.232304813627635,21.50185625,75.00284397253628
5.055461367173722,20.0729625,67.65205762898456
2.015817485235409,3.19148125,4.288962471700639
12.989141300363675,132.51064374999999,1147.466316980602
4.303494504805182,14.545625,41.73134483763792
3.436461107946664,9.274975,21.248727243118402
2.4028946300159157,4.5348125,7.264451069586032
2.2116681438980548,3.84175625,5.664459943164168
3.545681296486591,9.8739125,23.339831249596767
3.3998087242921904,9.07818125,20.576053209637188
5.778458937681597,26.22490625,101.026362606783
7.74136624610772,47.06793125,242.9133961685791
2.2458838261803367,3.9615437499999997,5.931444689887197
4.341300453611522,14.8023125,42.84085731383299
3.656108482203936,10.498518749999999,25.589148968301373
2.2771952456495144,4.072775,6.1830025777334665
4.0839873424698805,13.09961875,35.665784777454064
7.652194960839097,45.98984375,234.61550039568493
2.4455861391898446,4.697381249999999,7.658566983660178
3.648651593996112,10.4557375,25.432895530519946
3.586920415109613,10.10493125,24.163722795936067
2.2190444894813144,3.867425,5.721325423154848
9.571825883159617,71.9580625,459.18003009301157
3.9359229699396323,12.1669875,31.925550384145584
3.4570057813865946,9.386206249999999,21.632112847691328
7.1005741525087265,39.598324999999996,187.4472286517601
3.0874562948826023,7.48671875,15.40994462180207
2.420961761324711,4.6032625,7.429548326559994
7.530211233650914,44.53528125,223.57338344170194
5.249972791571381,21.647312499999998,75.76520109042872
2.0559505031980736,3.319825,4.550263919519697
4.139626451667963,13.458981249999999,37.143436530002106
6.390789489495507,32.07738125,136.66652729536017
7.769460572688528,47.41018125,245.5676893105946
3.237310292845576,8.2311125,17.76444347854659
2.071786042700417,3.3711625,4.656218276783363
2.305720723995956,4.17545,6.41828106467261
4.894512102789601,18.81519375,61.39412901713749
3.0839257547971104,7.46960625,15.357140728378976
3.4992900966646974,9.617225,22.435640133264098
3.331838053669235,8.718818749999999,19.36646139619655
3.612644282773908,10.2503875,24.687335865394754
6.4476428825817536,32.65065,140.3464873894453
7.643648202817525,45.88716875,233.83024996554798
5.53286344956561,24.043062499999998,88.6846544812477
2.5481202658755295,5.099525,8.662801999225938
2.1693951528489643,3.6963,5.345823535650418
5.205167202933088,21.27939375,73.84186829719957
4.651429191906022,16.9927125,52.69359931477757
4.0235202994387125,12.714587499999999,34.10493393682646
8.812124768288044,60.988949999999996,358.294824591254
8.133892580138378,51.96210625,281.7694603168247
2.0506448156351045,3.3027124999999997,4.51512684377217
3.213667647750611,8.111324999999999,17.37806848859382
7.978380328027919,49.99416875,265.9149949807387
3.486814869444391,9.548775,22.196540436652583
2.825847880097457,6.271731249999999,11.81530563823565
4.142257291750281,13.476093749999999,37.21429840016525
10.404577200807346,85.02345625,589.7554096217272
3.2119722281402594,8.10276875,17.35057879736184
3.713758380936291,10.832212499999999,26.8188133039719
4.0235202994387125,12.714587499999999,34.10493393682646
7.081369881520737,39.384418749999995,185.93042449163372
4.803521843411146,18.1221375,58.03338888703349
6.069928755792218,28.9372375,117.09798000962589
2.6405036919061016,5.476,9.639598811251876
4.6607882138274235,17.0611625,53.01231006279627
5.133513710157472,20.69756875,70.83416863003458
5.307757251429237,22.1264625,78.29459452190137
5.008916143562044,19.705043749999998,65.80060783264756
2.368647349256474,4.40646875,6.9582470161793255
2.179415507108074,3.7305249999999996,5.420242689769564
2.588417634502544,5.26209375,9.080330837937082
3.7906980323247157,11.28569375,28.52043806102956
10.615514502858474,88.50585,626.356756175211
8.133892580138378,51.96210625,281.7694603168247
8.106389338983782,51.6113,278.9208613940624
2.2434571546708417,3.9529875,5.9122387261329346
7.931818836846147,49.41234375,261.28650595264463
2.5545252703642416,5.12519375,8.728291299925248
2.3268853559546496,4.25245625,6.596652116641882
2.8698400349336577,6.468525,12.375754674646158
3.6872627390234904,10.6782,26.24888598656042
2.2190444894813144,3.867425,5.721325423154848
3.522562067364496,9.74556875,22.886247202428553
2.2627976603490003,4.0214375,6.06646624415982
5.338455929923826,22.38315,79.66097323191632
4.890058496678268,18.78096875,61.22669054119103
8.636051816708088,58.5760875,337.244084580018
3.478995135740391,9.50599375,22.047537344419037
2.2190444894813144,3.867425,5.721325423154848
6.374574600536736,31.9148125,135.6289020955949
6.1235352903099765,29.4506125,120.22790997666273
5.1663025311985535,20.9628125,72.20015418652712
2.634307741970522,5.45033125,9.571899872119248
7.277121107237819,41.591931249999995,201.77968052677278
5.5789428458003725,24.44520625,90.91893901503471
3.750247352954275,11.04611875,27.617118401737393
3.5777972454014604,10.05359375,23.979813350090225
3.5333698659237065,9.805462499999999,23.09755047929662
3.1173044481312844,7.632174999999999,15.861208717610925
3.1915569435760687,8.00009375,17.021836504714663
3.38535846832821,9.001175,20.314802674102772
4.675956672196926,17.172393749999998,53.53157942193685
7.191283462774722,40.61651875,194.7232664015696
3.8107623586672825,11.40548125,28.97571908665697
4.7223232666187265,17.514643749999998,55.1398731247755
3.3465194185257854,8.795824999999999,19.623599442969706
4.55797709678306,16.316768749999998,49.58097217067037
9.389116527967303,69.237175,433.383936094843
3.078622353186081,7.4439375,15.278048255480071
5.203073831763392,21.262281249999997,73.75281278364562
4.632654426313414,16.8558125,52.058102924822656
4.335022358564533,14.75953125,42.65526531378795
5.797281329344396,26.39603125,102.01681275627747
2.010405884907704,3.1743687499999997,4.254513077244742
3.2221313644034044,8.15410625,17.515734331201884
2.5331122751238446,5.039631249999999,8.510634520981817
4.489341636708486,15.8290625,47.37471290087393
3.3692299417723217,8.9156125,20.025832389493047
3.1658527107667243,7.87175,16.613867383985305
3.215362173387873,8.119881249999999,17.405572682434293
2.010405884907704,3.1743687499999997,4.254513077244742
3.1173044481312844,7.632174999999999,15.861208717610925
5.600381657129203,24.633443749999998,91.97112435294933
2.1237185604079127,3.5422875,5.015214473367296
2.1568042446943068,3.65351875,5.253283165380156
5.8858657492127655,27.208875,106.76519029140765
5.368979082784554,22.6398375,81.0352093167609
2.2214978285274163,3.8759812499999997,5.740322620191986
2.2141296562279513,3.8503125,5.683394061330122
3.522562067364496,9.74556875,22.886247202428553
2.5438413035518352,5.082412499999999,8.619233892792094
5.131391107747046,20.68045625,70.74633953693456
2.118582595064865,3.525175,4.978916266371856
3.414197821518995,9.1551875,20.838414145398623
3.770526938016159,11.165906249999999,28.067566868658663
2.1869006425046074,3.75619375,5.476281683497861
7.350110127281151,42.430443749999995,207.91228954127214
2.3571210163813228,4.3636875,6.857159676780315
2.270007867661439,4.04710625,6.124642019174521
6.27293320121939,30.905175,129.24406556466366
3.9799626396044103,12.440787499999999,33.00924630483837
2.179415507108074,3.7305249999999996,5.420242689769564
6.424792333860438,32.41963125,138.85959888105484
2.0022610605282236,3.1487,4.203012934190144
10.211702103009877,81.900425,557.5618281399351
3.963505108157579,12.3381125,32.601447945848584
3.647158386815101,10.44718125,25.40168314300998
5.919088209219643,27.5169,108.58330556285064
3.3546479692872935,8.83860625,19.766941671928315
5.289252521360284,21.97245,77.47855770864184
8.531345454548855,57.164306249999996,325.12562952558415
5.078037702492316,20.25264375,68.56245902509691
3.1451380758264547,7.769075,16.289875730967605
3.377303832912924,8.958393749999999,20.17014503241212
3.3088709001581544,8.59903125,18.968722848450394
2.0532993731421074,3.31126875,4.532684032453365
3.328566734221971,8.701706249999999,19.309473303147605
3.174443914379685,7.91453125,16.74949037448689
3.2824259535043883,8.462131249999999,18.517546157973683
2.0559505031980736,3.319825,4.550263919519697
2.1237185604079127,3.5422875,5.015214473367296
4.078648794642123,13.06539375,35.52610164664149
3.458581085993934,9.394762499999999,21.661698593270053
3.4157928684742718,9.16374375,20.86763369985045
6.743308278380007,35.713787499999995,160.55271926736955
4.0558815737773655,12.9199375,34.93449096040347
9.09920790482698,65.0275,394.46582802075756
7.806529821300722,47.8636625,249.09940577528204
2.199319258193377,3.798975,5.570105919263456
9.08542893377132,64.83070624999999,392.67651624038615
2.2652036128206112,4.02999375,6.085837601429653
4.328735158216682,14.71675,42.46994209312357
7.406954089500503,43.089275,212.77352111657447
5.375062913725373,22.691174999999998,81.31099547423487
3.9345387873858577,12.15843125,31.891879564592877
5.155748275984988,20.87725,71.75856379653837
4.163244163477877,13.61299375,37.782811184765535
3.693167086662825,10.712425,26.375183618896006
3.8036086779481186,11.3627,28.812842883280727
2.0822761656770727,3.4053875,4.7273048174297525
2.1030994453386973,3.4738374999999997,4.870550479631178
3.230572907201654,8.196887499999999,17.65376178725326
5.5495746324441795,24.18851875,89.49066003426692
7.985886824458755,50.0882875,266.66626347063476
6.127981334089139,29.49339375,120.48997758596084
4.1026175541255565,13.219406249999999,36.15611209091139
3.3187334284394217,8.65036875,19.138845292635153
3.571702186042912,10.01936875,23.857467511430023
2.2891240608761145,4.11555625,6.280679223842714
6.68978267590675,35.149074999999996,156.759782006098
4.168474371775743,13.647218749999999,37.925387736928265
2.1030994453386973,3.4738374999999997,4.870550479631178
2.031965813912392,3.2428187499999996,4.392864560476078
3.9881659378434526,12.492125,33.21377827752176
3.078622353186081,7.4439375,15.278048255480071
8.310117566109666,54.23806875,300.483151914159
3.2874005852349537,8.4878,18.601865791571495
5.06192202331425,20.124299999999998,67.91175824918864
2.0265973347459454,3.22570625,4.358138459282225
5.390242449493854,22.81951875,82.00182576218062
4.65611105438155,17.0269375,52.85287461067583
4.090650729740612,13.142399999999999,35.84064543369534
4.630302227925514,16.8387,51.97884675024623
4.070627845297062,13.01405625,35.3169198343415
5.761466210010157,26.07089375,100.13771560359334
10.637043889459772,88.8652125,630.1754437391126
4.59606007381838,16.59056875,50.83416708920927
3.5671240570268643,9.993699999999999,23.765845125806248
3.206880591288111,8.0771,17.2681968159288
10.887075626562249,93.092,675.6664294852885
3.4189807299879553,9.18085625,20.926113735692986
7.802342142954872,47.812325,248.69874553343647
2.191876532083033,3.7733062499999996,5.51374761182482
6.107502734038534,29.296599999999998,119.28604306535554
2.0822761656770727,3.4053875,4.7273048174297525
3.167572815599297,7.880306249999999,16.640962570731485
5.598436066777932,24.616331249999998,91.87530446783514
4.01131751389785,12.63758125,33.79556733428804
7.241855168686964,41.1897875,198.8603170026618
3.4695881916125813,9.45465625,21.869175787170725
6.336005391755067,31.52978125,133.1819093339052
6.285078291391882,31.024962499999997,129.99621219999813
9.14697310390913,65.712,400.71059773605106
7.089057832847423,39.46998125,186.53665316176895
3.4443774075590525,9.31775625,21.39591274442811
2.1441394009387964,3.6107375,5.161283026798166
5.364919362670748,22.6056125,80.8515254708546
2.0076946147800685,3.1658125,4.237323138435617
3.58995631951691,10.12204375,24.225129951159428
3.394998806216192,9.052512499999999,20.48884608717144
2.305720723995956,4.17545,6.41828106467261
3.7604008163124085,11.1060125,27.842038980650543
6.460302708010419,32.77899375,141.17481472598774
3.4570057813865946,9.386206249999999,21.632112847691328
3.294021741158014,8.522025,18.71449041912808
4.022166262617788,12.706031249999999,34.070513483678205
3.3998087242921904,9.07818125,20.576053209637188
5.044675220114729,19.987399999999997,67.21996099634741
3.401410518833022,9.0867375,20.60514967624965
3.8434978000373774,11.602274999999999,29.72887895861911
3.3187334284394217,8.65036875,19.138845292635153
3.2102759131404364,8.0942125,17.32310361639349
6.995466253155964,38.434675,179.24564794234482
5.152577783765934,20.85158125,71.62626287009354
3.0412396026274484,7.26425625,14.728229194089304
2.146678347240876,3.6192937499999998,5.179639683619488
4.6607882138274235,17.0611625,53.01231006279627
4.75680162610212,17.77133125,56.356464925332936
3.847747107913419,11.62794375,29.82759129002828
8.136570845795465,51.99633125,282.0478886247157
6.713354062660978,35.397206249999996,158.42265225685733
2.5180148346267974,4.9797375,8.359368598364908
2.0399920432375636,3.2684875,4.445125662280955
7.47284704184997,43.859337499999995,218.50274699624967
4.715397342676513,17.46330625,54.89761859039742
2.507175288671978,4.93695625,8.251876474169784
3.046608079184699,7.289924999999999,14.806362934433674
3.422165621903512,9.19796875,20.984648298395204
4.041081492138671,12.82581875,34.553452514766754
3.4046118470887707,9.10385,20.663383709412734
3.3789162960427075,8.966949999999999,20.199048987200108
4.780788531511848,17.9510125,57.21332979268387
4.138310404439769,13.450425,37.10802248109118
4.820501471625916,18.25048125,58.650981149004124
3.338371075733937,8.75304375,19.48060538642248
2.226396396390658,3.89309375,5.778379930540662
3.602074349992865,10.19049375,24.4712774337584
3.4189807299879553,9.18085625,20.926113735692986
3.690216093713252,10.6953125,26.312009543195007
2.8181269698210425,6.23750625,11.718723058368205
2.181913405357276,3.73908125,5.4389010020633615
4.489341636708486,15.8290625,47.37471290087393
3.179587494173755,7.9402,16.831040414158963
4.190629933277342,13.792675,38.53333114331071
2.164367579108341,3.6791875,5.308742761640446
3.452275554612699,9.3605375,21.543436526190312
2.2843600097998285,4.0984437499999995,6.241547336609362
2.9000497098812397,6.605424999999999,12.770707236594857
4.1645523313541455,13.62155,37.81843853943802
4.730390694797951,17.574537499999998,55.42295243691841
2.7733146293516726,6.0407125,11.168530898638341
2.0185178447651753,3.2000374999999996,4.306221865111826
3.4348756586775266,9.26641875,21.219330804992016
2.3478592083955885,4.3294625,6.776645598685589
2.500649007870456,4.911287499999999,8.187604142827714
2.8527065084610888,6.3915187499999995,12.155418091384053
2.922502042777378,6.7081,13.069623968769953
3.7863847010976777,11.260024999999999,28.42319092931825
2.423210681234937,4.611818749999999,7.450272303279704
3.4396298141136206,9.2920875,21.307560800235
5.919088209219643,27.5169,108.58330556285064
3.169291986860519,7.888862499999999,16.668072471129623
3.1606867795947604,7.846081249999999,16.532670185667556
5.396302308011788,22.87085625,82.27870291205387
4.741891783241942,17.6601,55.828188720820684
4.86884823543486,18.618399999999998,60.43344265774692
2.00497967829159,3.1572562499999997,4.220156413606076
2.6384399919488617,5.46744375,9.6170148291539
2.4028946300159157,4.5348125,7.264451069586032
3.3659949626857504,8.8985,19.968204116972768
3.019670255232163,7.161581249999999,14.417075920702247
2.253148159412148,3.9872124999999996,5.989187003706738
3.312161672627518,8.616143749999999,19.025374063066085
3.225510632625697,8.17121875,17.5709019730903
3.0070166875744797,7.1016875,14.236595214959394
6.490585542914737,33.08701875,143.16941703793256
3.225510632625697,8.17121875,17.5709019730903
2.2676070125553482,4.03855,6.105229533703601
2.974231758617319,6.947674999999999,13.775997089034382
3.7327771615895937,10.94344375,27.232957932760254
5.89603691746897,27.30299375,107.31963940494968
3.23899244951552,8.23966875,17.792149911839324
2.480967161788268,4.83428125,7.995795354732492
2.6834748032946383,5.65568125,10.117918753227285
5.486397053291985,23.640918749999997,86.46897797807684
6.7084840191744375,35.34586875,158.07813043547475
2.875528524232013,6.49419375,12.449492913342837
3.0839257547971104,7.46960625,15.357140728378976
2.7889831982665525,6.1091625,11.358901045320057
4.148827093327893,13.518875,37.39164991420874
3.919280514972453,12.0643125,31.522283271859067
5.6246447533933415,24.84735,93.17167787548534
2.5438413035518352,5.082412499999999,8.619233892792094
2.4411274551911886,4.68026875,7.616755028865561
4.000439344680345,12.56913125,33.521364787300826
5.645910026796153,25.0355875,94.23244966198827
6.716598796568484,35.431431249999996,158.65247232963262
4.928891108134539,19.0804375,62.69693248871119
4.73154206166295,17.58309375,55.463431768191946
4.228156780142457,14.04080625,39.57782009640272
3.793570861863497,11.30280625,28.585330964859082
7.011799011094898,38.61435625,180.50406997854407
3.650144190333446,10.46429375,25.464120691670054
2.0212145965953465,3.20859375,4.323504348029735
2.097913002313169,3.456725,4.834605548613991
2.550257054733938,5.10808125,8.684613495977766
2.9943096480439215,7.04179375,14.056873976773588
5.808545487626039,26.498706249999998,102.61262707757696
3.0909828023655335,7.503831249999999,15.462808897068708
3.0178658509746983,7.1530249999999995,14.391246585778863
8.152621962850974,52.20168125,283.7203820376639
2.9687324039737817,6.92200625,13.699722836589356
6.594654666601112,34.156549999999996,150.16710123499618
6.055553534295527,28.800337499999998,116.26799035801936
2.8469724192293,6.36585,12.082266249967224
6.7279430419727975,35.55121875,159.4577165484769
4.342554983461032,14.81086875,42.878007933133176
3.3724618177593064,8.932725,20.08351599402933
3.064435077905858,7.375487499999999,15.067801741104113
4.0518505491864865,12.89426875,34.83043327736375
5.195740390723781,21.2023875,73.44140074235135
6.28941013992558,31.067743749999998,130.26518837723972
5.845935931568736,26.840956249999998,104.6070070530263
2.837389852765942,6.32306875,11.960674073060948
2.5115167209948446,4.954068749999999,8.294817668388685
2.7536035435097777,5.95515,10.932081428088166
3.5838819389902956,10.08781875,24.102367614621777
2.7811599480782414,6.0749375,11.263581908052371
3.458581085993934,9.394762499999999,21.661698593270053
2.366346574212045,4.3979124999999994,6.93799011870622
4.073303250019213,13.031168749999999,35.38660134728253
2.333897582868648,4.278125,6.656470397806621
4.197124017342502,13.83545625,38.712750478510955
3.1138077510709956,7.6150625,15.80789375826005
2.3778281873504405,4.440693749999999,7.039471180093952
3.326929868259095,8.69315,19.281000256171033
3.4443774075590525,9.31775625,21.39591274442811
3.2874005852349537,8.4878,18.601865791571495
3.9053576272213957,11.97875,31.187535118052196
2.4366606125554147,4.66315625,7.575019443044407
5.14623093949644,20.80024375,71.36190529021162
4.311082217728658,14.5969625,41.95247031106804
3.4459584851762006,9.3263125,21.42539046318657
2.8641402477085682,6.442856249999999,12.302162597217132
7.404011903052944,43.05505,212.5200684576931
3.3334725095211213,8.727375,19.394976428521264
3.3901820639377838,9.02684375,20.401762516812592
6.810823417844434,36.4325125,165.42360620394004
3.422165621903512,9.19796875,20.984648298395204
3.5210153880067874,9.737012499999999,22.856113897142954
2.713751896864708,5.784025,10.464272543508597
3.6381862738716233,10.39584375,25.214677357709398
2.3824053392039657,4.45780625,7.080200940757871
6.213605100812651,30.323349999999998,125.61154815581818
8.187956712724855,52.655162499999996,287.4254608343287
5.427503793729416,23.1361,83.71418034806878
5.309809351738434,22.143575,78.38544107728094
4.794441453734825,18.0536875,57.704898495182825
4.751072608455334,17.72855,56.15308552842054
4.171087016577388,13.66433125,37.99674311139178
5.269649255261489,21.80988125,76.620282990936
3.5024019604158667,9.634337499999999,22.495548364872068
4.25384448170798,14.21193125,40.303563548150464
2.866041436266883,6.4514125,12.326677031633416
3.3998087242921904,9.07818125,20.576053209637188
2.713751896864708,5.784025,10.464272543508597
2.2042671142966195,3.8160874999999996,5.607784121018934
2.3198519332475245,4.2267874999999995,6.537014102200981
2.526652989790877,5.0139625,8.445695560882895
2.272406186204278,4.0556624999999995,6.144075036104471
2.1262818909250245,3.55084375,5.033396508752869
3.206880591288111,8.0771,17.2681968159288
2.3198519332475245,4.2267874999999995,6.537014102200981
2.7811599480782414,6.0749375,11.263581908052371
3.901171071477436,11.95308125,31.087343191679558
2.352494670378073,4.346575,6.816863014599048
2.1693951528489643,3.6963,5.345823535650418
2.3315625171685785,4.2695687499999995,6.636510974649534
2.469965035906082,4.7915,7.88989164636266
2.467758724580645,4.782943749999999,7.8687674454939796
2.0848904494005085,3.41394375,4.745132479443704
4.808055607368386,18.1563625,58.19786701835872
6.92975028462456,37.71595,174.24141016492376
2.6569555874735418,5.544449999999999,9.820904937978451
4.966323474654616,19.37135,64.13626016050048
3.1503295039689507,7.794743749999999,16.370674141001718
2.721768906640562,5.81825,10.557287960707633
3.1624096942932196,7.8546375,16.55972118343937
5.735882729015083,25.839875,98.80966182160576
3.8221803988132947,11.47393125,29.23695674738755
2.6915819963983556,5.68990625,10.209899482462987
3.472726670944136,9.471768749999999,21.92857597276013
2.154277232409223,3.6449624999999997,5.234839817823602
2.907553085190505,6.63965,12.870089894723424
3.110307122925408,7.59795,15.754638669754064
2.73773249752281,5.886699999999999,10.744139928778349
5.43753059664896,23.221662499999997,84.17900023253718
2.74766264436988,5.929481249999999,10.861476087411079
4.270458628843951,14.323162499999999,40.7776485936394
3.0376553472835393,7.247143749999999,14.67621664314665
3.971742398182322,12.38945,32.80513590343998
2.1262818909250245,3.55084375,5.033396508752869
2.7811599480782414,6.0749375,11.263581908052371
6.45017683547289,32.67631875,140.512022846519
2.654904675869217,5.53589375,9.798180134660118
2.707723562362465,5.758356249999999,10.394691265734776
3.4443774075590525,9.31775625,21.39591274442811
6.547404316827342,33.66884375,146.96235527422348
2.759531652725427,5.98081875,11.002839099892482
5.513138383393461,23.871937499999998,87.73952994481316
6.785182579835979,36.1587125,163.5623107761983
3.3676128406751995,8.90705625,19.997011333410857
5.591621169465745,24.556437499999998,91.54019718110828
5.076964915387814,20.2440875,68.51901465436065
3.2741181043093106,8.41935,18.37729750767773
3.8236052564205942,11.4824875,29.26966637452251
8.378659816898027,55.136475,307.9798450186018
2.4743717566905366,4.8086125,7.932196639246047
2.948480349604336,6.8278875,13.421261415372717
2.929947919922214,6.742325,13.169774072793027
2.0744135466639464,3.37971875,4.673956239276093
5.390242449493854,22.81951875,82.00182576218062
3.343262464548795,8.7787125,19.56635999221021
9.986245675596846,78.32391249999999,521.4412216659671
3.8618776993843915,11.71350625,30.157419045649785
4.0058821218160015,12.60335625,33.65837298450198
3.5838819389902956,10.08781875,24.102367614621777
4.689914782863185,17.27506875,54.01240020373521
2.7831178222722097,6.08349375,11.287386584871063
3.6872627390234904,10.6782,26.24888598656042
6.478825704394959,32.96723125,142.39263015015518
5.480436815733134,23.58958125,86.18747303348533
2.560914255591823,5.1508625,8.793944803228891
4.673626267530778,17.155281249999998,53.45158205125213
4.045123248266934,12.8514875,34.6572339073746
3.8913849254410606,11.8931875,30.853980368629365
4.53160940351183,16.128531249999998,48.725469251556255
3.7254737361591563,10.9006625,27.073421233656678
4.39492187988332,15.170231249999999,44.44798749567645
2.1365044589455597,3.58506875,5.106343580000922
3.213667647750611,8.111324999999999,17.37806848859382
2.4875450800810937,4.8599499999999995,8.059563141293408
3.673943263565627,10.60119375,25.96545624237768
3.062657047539806,7.3669312499999995,15.041589274369151
6.217986742356259,30.36613125,125.87746768610006
3.0555345796483273,7.332706249999999,14.936891672852271
5.694901402066939,25.471956249999998,96.70685290767514
5.555460695225535,24.23985625,89.775712436528
2.2867432759772823,4.107,6.261103089625798
4.835168917841232,18.3617125,59.18798770555788
5.8272706989562115,26.669831249999998,103.60821745948779
3.2691232606621106,8.39368125,18.293319077972278
3.8107623586672825,11.40548125,28.97571908665697
6.441726449510617,32.59075625,139.96049103011896
3.155512391219717,7.8204125,16.451605698799707
3.6261889245529892,10.327393749999999,24.966053890498507
6.798816315450692,36.304168749999995,164.55024987758344
3.139938064428885,7.74340625,16.20921068847435
4.1026175541255565,13.219406249999999,36.15611209091139
3.10855533054599,7.589393749999999,15.728033598116612
3.5884386883691852,10.1134875,24.194419879558765
3.4459584851762006,9.3263125,21.42539046318657
3.7342361325898374,10.952,27.26490274941594
3.010637419394882,7.118799999999999,14.28808377412552
5.750109826675758,25.96821875,99.54673987709378
2.164367579108341,3.6791875,5.308742761640446
5.6795770516465165,25.335056249999997,95.9282693864491
6.704422947297225,35.3030875,157.79121996362784
5.354756596654333,22.520049999999998,80.39292419632359
6.740884516864565,35.68811875,160.37965807859928
2.3778281873504405,4.440693749999999,7.039471180093952
2.5736446451717576,5.2021999999999995,8.925742782075009
5.2250123991937505,21.4419625,74.68967995036496
3.769082014821496,11.15735,28.035311478712412
3.193263202422134,8.00865,17.04915156405202
3.2524183825048816,8.30811875,18.01431876435565
3.58995631951691,10.12204375,24.225129951159428
3.0142538019831635,7.1359125,14.33963425582945
4.837421500734377,18.378825,59.27074880882299
3.2119722281402594,8.10276875,17.35057879736184
3.388574961660256,9.0182875,20.372762146369105
2.151747252402591,3.63640625,5.21641810470474
3.860466967757637,11.70495,30.124381889503166
2.223948461184896,3.8845375,5.759340797026682
2.1668828240931584,3.6877437499999997,5.327272394354595
8.882925804888792,61.97291875,367.00055944576746
4.26663033705802,14.29749375,40.66808038509828
2.8297004352334847,6.28884375,11.863695930993586
3.0997815187191318,7.546612499999999,15.595233304289852
4.346316400349401,14.836537499999999,42.98952417376593
2.6177135123173256,5.38188125,9.392148846541506
2.2141296562279513,3.8503125,5.683394061330122
2.894409413372328,6.57975625,12.69633895179694
3.2691232606621106,8.39368125,18.293319077972278
3.1503295039689507,7.794743749999999,16.370674141001718
3.7371523658594366,10.9691125,27.328829820502214
5.7567371061926735,26.0281125,99.89133402193822
5.019779127788679,19.79060625,66.22964812002279
2.7157583680422377,5.79258125,10.487500668168039
3.034066857729242,7.23003125,14.624265463981143
2.3571210163813228,4.3636875,6.857159676780315
2.2603891469891355,4.0128812499999995,6.047115483770798
3.1120579292126247,7.60650625,15.781258725945255
3.6276907630620068,10.33595,24.997086894980498
8.514728839641974,56.94184375,323.22957277367465
4.2217104327738335,13.998025,39.39707212048596
2.0076946147800685,3.1658125,4.237323138435617
5.210396951266138,21.322174999999998,74.0646637429087
2.875528524232013,6.49419375,12.449492913342837
2.976062618599029,6.95623125,13.801453192970259
3.1347294270615276,7.717737499999999,16.12867923439084
2.338560719551536,4.2952375,6.696449132429825
7.95307920820868,49.6775875,263.39319217347827
6.4989723994213255,33.17258125,143.7251266408742
3.793570861863497,11.30280625,28.585330964859082
6.274669653349872,30.9222875,129.35142599227336
7.416508134565657,43.20050625,213.59793734698636
2.5395551315037483,5.0653,8.57573907173729
2.4411274551911886,4.68026875,7.616755028865561
9.55587852442644,71.7184875,456.8887696703972
4.121163546546549,13.33919375,36.64866601521437
5.2187536478167456,21.390625,74.42160149855336
2.5481202658755295,5.099525,8.662801999225938
2.2410278554692598,3.9444312499999996,5.893053536822288
3.771971307706376,11.174462499999999,28.099834619360575
4.319917705118782,14.656856249999999,42.21094187717058
5.147289290343515,20.808799999999998,71.40594225660007
3.8107623586672825,11.40548125,28.97571908665697
2.6956264494630995,5.70701875,10.255993793387887
2.8736336123133897,6.485637499999999,12.42489727818679
5.111182420871641,20.5178875,69.91377726894798
2.2410278554692598,3.9444312499999996,5.893053536822288
5.983159377648887,28.115837499999998,112.1476911990515
2.997945726673215,7.05890625,14.108145218116224
3.0250770102425157,7.18725,14.494656494577011
5.242704952718331,21.587418749999998,75.45097813135303
2.954017406781285,6.85355625,13.497016307236443
6.562362234241025,33.82285625,147.97188967277535
3.4126020290403645,9.14663125,20.809208241756004
5.755790819162989,26.019556249999997,99.84208198829663
4.016745550905881,12.67180625,33.932947584419225
11.133449838845847,97.35301249999999,722.5832542195218
4.639703866495049,16.907149999999998,52.29611281760785
2.181913405357276,3.73908125,5.4389010020633615
4.543613687863796,16.21409375,49.113718865871206
2.199319258193377,3.798975,5.570105919263456
4.363826810714552,14.956325,43.51120801650689
3.2774437710928424,8.4364625,18.433354313788893
3.00520468579043,7.09313125,14.210874179617692
3.0909828023655335,7.503831249999999,15.462808897068708
2.1568042446943068,3.65351875,5.253283165380156
2.031965813912392,3.2428187499999996,4.392864560476078
5.039273489022638,19.94461875,67.00425901035922
4.969612794018204,19.39701875,64.26378169720732
2.5926230274208835,5.27920625,9.124661126836168
3.3138058334002247,8.624699999999999,19.05372078088461
3.196672987912987,8.025762499999999,17.103825460770004
4.304760052400487,14.55418125,41.768172026930806
8.261469992036591,53.60490625,295.23688294020644
3.641179434619663,10.412956249999999,25.27696143406286
5.120764898149401,20.59489375,70.30773933074433
2.769383635697071,6.0236,11.121106178656586
5.177887364386137,21.056931249999998,72.68694550141505
3.1173044481312844,7.632174999999999,15.861208717610925
3.1015382666746723,7.55516875,15.621763326206436
6.1545901493587785,29.750081249999997,122.06637133591556
3.9867998936390205,12.48356875,33.17966037649027
3.41100548999203,9.138074999999999,20.780015995305934
3.1485999789942536,7.7861875,16.34372653263021
2.5093469437250118,4.9455124999999995,8.273337784685895
2.5926230274208835,5.27920625,9.124661126836168
3.7791848757944284,11.21724375,28.26135861873305
4.3375346870040925,14.77664375,42.72946988208482
5.6217387109604555,24.821681249999997,93.02733756949753
3.1761593664986107,7.923087499999999,16.776659049808703
4.8057892600318315,18.13925,58.11560855668826
3.691691885051478,10.70386875,26.3435902686874
2.010405884907704,3.1743687499999997,4.254513077244742
3.650144190333446,10.46429375,25.464120691670054
2.771349829509325,6.03215625,11.144810130007404
3.0839257547971104,7.46960625,15.357140728378976
2.8161934347942243,6.228949999999999,11.694618730440986
2.450036709093717,4.71449375,7.700455168195265
5.573081583969439,24.39386875,90.63268046159507
5.206213572870873,21.28795,73.88640948573101
2.4478124356355675,4.7059375,7.679501555882501
4.484485668130279,15.7948375,47.22114826613113
3.3465194185257854,8.795824999999999,19.623599442969706
6.8244059286202345,36.57796875,166.41527119625707
2.97972096370311,6.97334375,13.852412372655369
3.559480756928824,9.95091875,23.613402536258146
3.1572381295993206,7.82896875,16.478612435294355
2.8316247472105505,6.2974,11.887915788722479
3.362756871544026,8.881387499999999,19.91063122964681
6.731180743335358,35.585443749999996,159.6880358086957
2.4142024319084197,4.57759375,7.367491975692523
5.566235644544419,24.333975,90.2990926789685
2.669227964961913,5.5957875,9.95762165398954
5.942966707019622,27.7393625,109.90273854096571
2.189390000900183,3.76475,5.495004003925975
2.5223376100573645,4.996849999999999,8.402495124543426
2.961384045169655,6.88778125,13.598243666912465
7.3937050305367675,42.9352625,211.63377755577775
4.101289631270209,13.210849999999999,36.12101475017736
2.8181269698210425,6.23750625,11.718723058368205
4.525595320698001,16.08575,48.53172995327856
2.6753430427701486,5.62145625,10.026215912449514
2.2843600097998285,4.0984437499999995,6.241547336609362
5.738730970221329,25.86554375,98.95693131982652
7.787667535455156,47.63264375,247.2981289065172
4.620881460835677,16.77025,51.662224879053
3.2840850013502747,8.4706875,18.545638513250168
8.239683203019274,53.32255,292.9072797181036
3.122542151821655,7.65784375,15.941293267626007
3.2524183825048816,8.30811875,18.01431876435565
2.364043559968902,4.38935625,6.917752916814497
5.597463018006042,24.607775,91.8274070119424
3.4348756586775266,9.26641875,21.219330804992016
3.5975348720078584,10.164824999999999,24.378874936904847
5.604270811526491,24.667668749999997,92.16286397601941
6.368590287247688,31.85491875,135.2472841015428
4.106598746284215,13.245075,36.26147225962692
7.188253001846737,40.58229375,194.4771965801757
3.9248358409570834,12.098537499999999,31.65651573544221
3.0286761513253735,7.204362499999999,14.546453926168558
2.161849407715686,3.67063125,5.290234662503457
3.559480756928824,9.95091875,23.613402536258146
3.8378247374617827,11.56805,29.59743230279652
3.982698949752063,12.457899999999999,33.07737683074415
4.519573235102009,16.04296875,48.33824811605195
2.972399770911247,6.93911875,13.750556655217297
4.818240978431687,18.23336875,58.56850965740382
6.583080736992283,34.0367625,149.37783704222085
3.0573167521997657,7.3412625,14.963043215697288
3.452275554612699,9.3605375,21.543436526190312
3.5929896587311068,10.13915625,24.286589036339233
2.798731509003021,6.15194375,11.4784258764928
7.429716529953351,43.35451875,214.7411897366983
4.380023796741458,15.067556249999999,43.99750328916033
3.0519671124894843,7.31559375,14.884634355555741
2.061242533839648,3.3369375,4.585491671843028
5.104784109470199,20.466549999999998,69.65154614378487
2.907553085190505,6.63965,12.870089894723424
3.131252188690047,7.700625,16.075065923687525
4.357581170172041,14.913543749999999,43.324651617024614
2.9833748227872863,6.990456249999999,13.903434117364016
2.7237694720754178,5.82680625,10.580584655632162
4.246154488408258,14.160593749999999,40.08537914005895
3.702005951526472,10.7637625,26.565008557211637
4.617343717715949,16.74458125,51.54365802698118
2.6651434515285355,5.578675,9.911979429637302
3.2724540035134724,8.41079375,18.349290453275728
4.452792792781316,15.572375,46.22703944432529
4.069289483319313,13.0055,35.28209625020622
4.651429191906022,16.9927125,52.69359931477757
2.866041436266883,6.4514125,12.326677031633416
3.297327333300556,8.539137499999999,18.770887654374523
5.4345244982362235,23.19599375,84.03946419687287
4.212668974321261,13.93813125,39.144488717928404
2.1568042446943068,3.65351875,5.253283165380156
6.007689934277825,28.34685625,113.53274864103028
4.670128480137325,17.1296125,53.33166079331089
3.422165621903512,9.19796875,20.984648298395204
6.706859885505998,35.32875625,157.96334539862949
3.3187334284394217,8.65036875,19.138845292635153
2.9466323517107234,6.819331249999999,13.396041385521283
6.893497504020779,37.3223625,171.52107515860578
4.716552369599574,17.4718625,54.937969650461945
3.297327333300556,8.539137499999999,18.770887654374523
3.1658527107667243,7.87175,16.613867383985305
5.727329506700461,25.76286875,98.36829224608415
3.4961754631177113,9.6001125,22.375785177113084
6.122645694127421,29.44205625,120.1755192835465
2.950327189966826,6.83644375,13.446497252202512
2.892526870465286,6.571199999999999,12.671581714134321
3.0697629899169425,7.40115625,15.146530359228313
2.8736336123133897,6.485637499999999,12.42489727818679
4.212668974321261,13.93813125,39.144488717928404
3.2356272616463824,8.22255625,17.736751441947227
2.1769147426503643,3.72196875,5.401605762372631
6.410363163168135,32.274175,137.926121694428
4.125126839861782,13.3648625,36.754502006541486
3.94007259994817,12.192656249999999,32.0266338741412
3.7516995301056806,11.054675,27.649212668647337
8.610152762339748,58.225281249999995,334.2190441284641
3.6276907630620068,10.33595,24.997086894980498
6.761055980101809,35.902025,161.82373388267644
2.3938099297021815,4.5005875,7.182367364662343
2.65079809231917,5.51878125,9.752783206284535
2.467758724580645,4.782943749999999,7.8687674454939796
3.8590557204182994,11.69639375,30.09135680613489
3.092744548192451,7.5123875,15.48926365635608
2.3268853559546496,4.25245625,6.596652116641882
3.44753883769458,9.33486875,21.454881706937638
3.310516695286112,8.6075875,18.9970414165907
3.9566275997518416,12.29533125,32.432031314560874
4.874438831185633,18.66118125,60.64185768052883
2.6956264494630995,5.70701875,10.255993793387887
3.0015774005991376,7.076018749999999,14.159478644143839
5.1568046735528785,20.885806249999998,71.80268218727993
4.463788868006303,15.64938125,46.57035587662438
4.11851923216037,13.32208125,36.5781652270187
4.328735158216682,14.71675,42.46994209312357
2.771349829509325,6.03215625,11.144810130007404
2.7237694720754178,5.82680625,10.580584655632162
3.9164998970169083,12.0472,31.45523837289473
3.2574388409331014,8.3337875,18.09786872972184
3.098023774592127,7.5380562499999995,15.568718317808514
2.090109207125488,3.4310562499999997,4.780854838860301
5.9502946588871355,27.807812499999997,110.30978546272328
3.7921347191423873,11.29425,28.552878367782604
4.554390491299029,16.2911,49.46402062186773
3.131252188690047,7.700625,16.075065923687525
6.073517244876467,28.971462499999998,117.30578473536124
7.625811691359129,45.6732625,232.1971327700096
2.340888804468089,4.30379375,6.71646840407649
4.280650668707373,14.391612499999999,41.07031044793492
3.7049475538591228,10.780875,26.62838430647398
2.5201771491812353,4.9882937499999995,8.380922614769048
4.580627050528901,16.4793375,50.32379941819688
8.776199740907591,60.492687499999995,353.9306055762026
8.189952234111011,52.68083125,287.6356610605085
5.593569130217911,24.573549999999997,91.63590046657754
5.623676239438096,24.83879375,93.12355615211897
5.505228568153109,23.8034875,87.36242627111695
2.907553085190505,6.63965,12.870089894723424
3.0250770102425157,7.18725,14.494656494577011
3.7892608007916047,11.2771375,28.488010049258023
7.582832887568548,45.159887499999996,228.29325342259716
2.7317570829831412,5.86103125,10.673942420515354
6.892707282489665,37.31380625,171.4620960511889
3.1190513266366313,7.64073125,15.887888627857642
3.003391590792335,7.084575,14.185168652891734
5.979516662317219,28.0816125,111.94297989899032
2.827774813754789,6.2802875,11.83949254375935
3.016060367204973,7.14446875,14.365432694406303
2.7057111328296375,5.7498,10.371531914362567
3.3497732057975873,8.8129375,19.68089460124585
2.6875314568626867,5.672793749999999,10.163874434279359
5.969487733510156,27.98749375,111.38066708821144
3.8534055625997428,11.66216875,29.95937728881792
2.2042671142966195,3.8160874999999996,5.607784121018934
2.89064310154489,6.562643749999999,12.646840589222792
7.289087604294547,41.72883125,202.77673773738258
2.7752780381847595,6.0492687499999995,11.192268472634916
5.2551579511479005,21.69009375,75.98991242097058
2.121152132207027,3.5337312499999998,4.997054383722734
3.7400663252619015,10.986225,27.392806776166957
3.694641699253693,10.72098125,26.406789588777986
5.064073743718896,20.141412499999998,67.99839880177436
3.0962650325970817,7.5295,15.54221837529315
3.9497381158558875,12.25255,32.26290916762003
6.671845383554689,34.9608375,155.50220151972042
2.2017945760935342,3.80753125,5.58893443637109
5.07159757599177,20.20130625,68.30193053957828
7.79116399660894,47.675425,247.63136985535317
3.6828282662957683,10.65253125,26.15429546339933
2.6753430427701486,5.62145625,10.026215912449514
3.078622353186081,7.4439375,15.278048255480071
3.4412130730301977,9.300643749999999,21.336997906731067
3.0142538019831635,7.1359125,14.33963425582945
2.825847880097457,6.271731249999999,11.81530563823565
3.3966028690537273,9.06106875,20.517901408628717
5.678617906650799,25.3265,95.87967760852766
4.338790305697929,14.7852,42.76658828520334
3.1416723578858528,7.751962499999999,16.236084203745136
2.116009937655572,3.5166187499999997,4.960800147963944
4.536414929150045,16.16275625,48.88064583247545
2.1339534079355196,3.5765124999999998,5.088074025265988
4.111901006396147,13.2793,36.402111356157576
3.901171071477436,11.95308125,31.087343191679558
7.989296536763242,50.13106875,267.00798263240995
2.89064310154489,6.562643749999999,12.646840589222792
8.902526823464656,62.24671875,369.4353888963568
6.558210679302675,33.780075,147.6912324084302
3.1727275347384585,7.905975,16.72233638096925
2.9778923529364105,6.9647875,13.82692495738473
3.9813310297564484,12.449343749999999,33.043305714652995
4.35007456482186,14.86220625,43.101136923507646
3.312161672627518,8.616143749999999,19.025374063066085
5.838476999112808,26.77250625,104.20710796615256
3.603586238558911,10.19905,24.502104150916164
3.285743211504587,8.47924375,18.573745060170133
3.1173044481312844,7.632174999999999,15.861208717610925
4.729239047624512,17.56598125,55.38248295822668
3.110307122925408,7.59795,15.754638669754064
7.983158006055334,50.0540625,266.3929931883127
5.058692726638959,20.09863125,67.78186647984897
3.551821008957714,9.908137499999999,23.461287288094507
5.557421330788684,24.25696875,89.87079703434968
3.851991728186861,11.6536125,29.92641263566333
3.2691232606621106,8.39368125,18.293319077972278
3.812191483922348,11.4140375,29.008331036446876
7.3730480613281495,42.6956875,209.86490396596503
2.2483078785062047,3.9701,5.950671405638324
5.0176084123886735,19.77349375,66.14376572154323
3.169291986860519,7.888862499999999,16.668072471129623
3.8562316763368774,11.679281249999999,30.025342875398238
3.6231833799631903,10.31028125,24.904026445164074
6.119086016097379,29.407831249999997,119.966032643751
2.8812057825215924,6.5198624999999995,12.523377024163793
2.761504861166854,5.989375,11.026458785234148
2.010405884907704,3.1743687499999997,4.254513077244742
4.7545108474351485,17.75421875,56.275083756407675
4.1645523313541455,13.62155,37.81843853943802
2.8887581042126773,6.5540875,12.622115587562671
2.100507824581783,3.46528125,4.852566920001027
3.3088709001581544,8.59903125,18.968722848450394
7.991341665821896,50.1567375,267.213084136961
2.4254575159144154,4.620375,7.471015513395376
2.875528524232013,6.49419375,12.449492913342837
2.8849844146797636,6.536975,12.572713996100829
3.394998806216192,9.052512499999999,20.48884608717144
4.484485668130279,15.7948375,47.22114826613113
2.2214978285274163,3.8759812499999997,5.740322620191986
4.737294698512948,17.625875,55.665976129434604
4.047815510294277,12.868599999999999,34.72647911718196
4.004522121056447,12.5948,33.62410347352115
5.109050540728483,20.500775,69.82633039940198
3.008827598119579,7.1102437499999995,14.262331749571496
3.289057123805811,8.49635625,18.630000700303018
3.4427956038441456,9.309199999999999,21.36644855687061
3.7122913619649927,10.823656249999999,26.78704373450227
7.595752063237366,45.3139,229.4620996122211
4.197124017342502,13.83545625,38.712750478510955
2.862237796321168,6.4342999999999995,12.27766443524619
4.111901006396147,13.2793,36.402111356157576
3.203481670787442,8.0599875,17.21334814868393
3.00520468579043,7.09313125,14.210874179617692
5.917247410478432,27.4997875,108.48203091538808
13.646417118761255,146.2605375,1330.621535159482
3.0178658509746983,7.1530249999999995,14.391246585778863
3.0697629899169425,7.40115625,15.146530359228313
3.1120579292126247,7.60650625,15.781258725945255
2.8219900654931465,6.25461875,11.766981317298107
8.833732981406445,61.28841875,360.9370173934161
4.822760905296561,18.26759375,58.73349131422653
2.2165884350602267,3.8588687499999996,5.702349229110207
2.4875450800810937,4.8599499999999995,8.059563141293408
3.0376553472835393,7.247143749999999,14.67621664314665
3.919280514972453,12.0643125,31.522283271859067
3.044819638714064,7.2813687499999995,14.78030304447925
8.96714917702943,63.15368125,377.53898723154424
3.0015774005991376,7.076018749999999,14.159478644143839
3.194968550048326,8.01720625,17.07648121866725
3.0501818142305486,7.3070375,14.858528598933766
7.56269252560629,44.9203125,226.4790077277659
2.997945726673215,7.05890625,14.108145218116224
3.3821389160370465,8.9840625,20.256898270239386
3.039448003295157,7.2557,14.702215251672442
4.402352015162461,15.22156875,44.6738025736643
2.1365044589455597,3.58506875,5.106343580000922
6.7149766256001175,35.41431875,158.537548411868
2.00497967829159,3.1572562499999997,4.220156413606076
3.1606867795947604,7.846081249999999,16.532670185667556
4.026227006976217,12.7317,34.173809589812734
4.642051300931344,16.924262499999998,52.37552983695237
8.740750254331259,60.00498125,349.65903674805315
3.3821389160370465,8.9840625,20.256898270239386
4.534012802993186,16.145643749999998,48.80303698337795
3.295674951671708,8.53058125,18.742681965883552
3.2641207737824516,8.368012499999999,18.209468957680816
3.8050404900364563,11.37125625,28.845393635886744
3.0839257547971104,7.46960625,15.357140728378976
3.370846267095218,8.92416875,20.05466727857687
4.604348737132092,16.6504625,51.10969065636015
4.189329908449014,13.78411875,38.497480627325224
3.1015382666746723,7.55516875,15.621763326206436
3.8787664579422882,11.81618125,30.554804995644385
6.954074908911178,37.981193749999996,176.082710978246
3.0268771157337127,7.1958062499999995,14.520547511585747
5.188396584380961,21.14249375,73.13042823853056
4.7853438336710745,17.9852375,57.37703024515651
7.679906236212928,46.3235375,237.17361635312886
2.7575570323275067,5.972262499999999,10.979236303853904
5.7982208450023505,26.404587499999998,102.06641976412565
4.499037850243267,15.8975125,47.682340308143644
3.508617408003253,9.6685625,22.615524465244963
3.053751367019267,7.3241499999999995,14.910755383169443
2.2116681438980548,3.84175625,5.664459943164168
5.460522371911897,23.41845625,85.25133617917666
2.4853543750501683,4.85139375,8.038288454435692
3.2339433545525544,8.214,17.709073809529787
2.5438413035518352,5.082412499999999,8.619233892792094
5.07159757599177,20.20130625,68.30193053957828
3.098023774592127,7.5380562499999995,15.568718317808514
2.767416044943746,6.015043749999999,11.097419056525732
6.301523473745349,31.18753125,131.01930684002772
3.280766066696093,8.453574999999999,18.48946800151361
2.944783194106763,6.810775,13.370837172561659
2.707723562362465,5.758356249999999,10.394691265734776
2.7177633578820064,5.801137499999999,10.510745954356816
2.9687324039737817,6.92200625,13.699722836589356
4.463788868006303,15.64938125,46.57035587662438
3.5179199892651494,9.719899999999999,22.795887002438878
2.8335477523539025,6.3059562499999995,11.912152105753027
3.1173044481312844,7.632174999999999,15.861208717610925
3.6156585880816072,10.2675,24.749183035418596
4.7223232666187265,17.514643749999998,55.1398731247755
4.451569329976856,15.56381875,46.18894546987915
2.3221987744478114,4.23534375,6.5568733770767995
4.326217719702965,14.6996375,42.39588815047346
7.440705615281502,43.482862499999996,215.6954527815089
2.911297520850472,6.6567625,12.919877442093592
5.117572732707873,20.569225,70.1763366619554
3.1190513266366313,7.64073125,15.887888627857642
2.469965035906082,4.7915,7.88989164636266
7.9105013260256465,49.147099999999995,259.18546648021
6.519892341504283,33.3864875,145.11753610731898
2.1668828240931584,3.6877437499999997,5.327272394354595
2.7772400589587654,6.057824999999999,11.21602284010792
3.9289971807097563,12.12420625,31.7573147830624
2.9687324039737817,6.92200625,13.699722836589356
2.6384399919488617,5.46744375,9.6170148291539
4.650257989774424,16.984156249999998,52.65380553409314
3.2524183825048816,8.30811875,18.01431876435565
3.0268771157337127,7.1958062499999995,14.520547511585747
3.2557662149738187,8.32523125,18.070004423729497
3.138202812533756,7.73485,16.182352016351153
3.0178658509746983,7.1530249999999995,14.391246585778863
2.62187191607027,5.39899375,9.436980058775939
6.2118515788077,30.306237499999998,125.50523284139739
2.0506448156351045,3.3027124999999997,4.51512684377217
2.22884164303253,3.9016499999999996,5.797439997691914
5.792581465313364,26.35325,101.76889833384622
2.2938782177332855,4.13266875,6.319892551154697
3.3072242860227665,8.590475,18.940418365647616
6.844331243807024,36.791875,167.87718638716163
3.0997815187191318,7.546612499999999,15.595233304289852
4.3375346870040925,14.77664375,42.72946988208482
4.042429193190693,12.834375,34.58803478423788
4.749925975734772,17.71999375,56.1124390686552
3.23899244951552,8.23966875,17.792149911839324
5.378102248383701,22.71684375,81.44900563203747
3.586920415109613,10.10493125,24.163722795936067
2.6915819963983556,5.68990625,10.209899482462987
2.0744135466639464,3.37971875,4.673956239276093
4.872203362674948,18.64406875,60.558462971795244
2.121152132207027,3.5337312499999998,4.997054383722734
2.1056878764049,3.48239375,4.888556200162131
2.2555644047814263,3.99576875,6.008475841491981
8.02942179411201,50.635887499999995,271.0512657711359
3.217055806464697,8.1284375,17.433091371240252
4.784205414757934,17.97668125,57.33609051708493
3.285743211504587,8.47924375,18.573745060170133
2.6260237348484248,5.4161062499999995,9.481882375307265
2.8393089533253995,6.331625,11.984959701065957
2.950327189966826,6.83644375,13.446497252202512
7.471389067581515,43.842225,218.37488037563267
5.607185907074218,24.6933375,92.30675601908484
2.7337503390549767,5.8695875,10.697324545491899
3.388574961660256,9.0182875,20.372762146369105
3.062657047539806,7.3669312499999995,15.041589274369151
4.4233362877961095,15.367025,45.315679545313344
3.436461107946664,9.274975,21.248727243118402
2.6651434515285355,5.578675,9.911979429637302
3.1347294270615276,7.717737499999999,16.12867923439084
3.0750816707573354,7.426825,15.225395619614899
3.61113618657679,10.241831249999999,24.65643162912533
9.744965704654836,74.58483125,484.55108174581216
3.8941834766301406,11.9103,30.92059564113864
3.694641699253693,10.72098125,26.406789588777986
4.923362344635475,19.037656249999998,62.48618660757611
3.3805279900509047,8.97550625,20.227966735334554
4.198421628756204,13.8440125,38.74866767251415
5.410415583059985,22.99064375,82.92595813972042
3.3659949626857504,8.8985,19.968204116972768
3.2423541447114976,8.25678125,17.84760593860912
2.911297520850472,6.6567625,12.919877442093592
4.133042024958842,13.4162,36.96647894350186
5.5769897763038685,24.42809375,90.82348606556161
5.7982208450023505,26.404587499999998,102.06641976412565
3.503956855924391,9.642893749999999,22.5255224441753
4.661956770499622,17.06971875,53.05219393139122
4.6724606293364355,17.146725,53.4115983230392
2.0479868173492943,3.29415625,4.4975923828591915
3.742978016107941,11.003337499999999,27.456833577544067
2.257978064546162,4.004325,6.0277853422092065
4.883370471898223,18.72963125,60.97581879719478
3.9799626396044103,12.440787499999999,33.00924630483837
3.3933939851356385,9.043956249999999,20.45980449371991
3.5975348720078584,10.164824999999999,24.378874936904847
6.926605401192968,37.681725,174.0042932741787
5.940216394474172,27.713693749999997,109.75022531012426
3.1173044481312844,7.632174999999999,15.861208717610925
7.749805237980605,47.17060625,243.70867426331378
2.7177633578820064,5.801137499999999,10.510745954356816
3.046608079184699,7.289924999999999,14.806362934433674
2.8181269698210425,6.23750625,11.718723058368205
7.567012830172094,44.97165,226.86736836267252
2.924365289407701,6.71665625,13.094637598922194
2.087501459126698,3.4225,4.762982495907414
3.8278766469795125,11.508156249999999,29.36786837277754
2.0585982190449528,3.32838125,4.567866475701742
2.571527290107306,5.19364375,8.903731092146831
4.915611628840509,18.9777625,62.19154002291553
3.032271020426169,7.221475,14.598312911488046
4.4820557109385195,15.777724999999998,47.144428294578304
6.693852629848919,35.19185625,157.0460663388851
5.272749353140341,21.835549999999998,76.75558809197571
7.260634970896422,41.403693749999995,200.41140451035704
4.392442375099286,15.153118749999999,44.37280060827434
3.1190513266366313,7.64073125,15.887888627857642
2.950327189966826,6.83644375,13.446497252202512
2.3292251105487503,4.2610125,6.616571540908072
4.800118710257498,18.09646875,57.91013215764341
4.770523197757606,17.87400625,56.84557430165961
2.974231758617319,6.947674999999999,13.775997089034382
3.6336919098657727,10.370175,25.121347334261525
2.3080819337534524,4.1840062499999995,6.438019490891021
2.862237796321168,6.4342999999999995,12.27766443524619
5.464511066652613,23.452681249999998,85.4382908222008
3.300629614882627,8.55625,18.82734142822632
4.663125034337157,17.078274999999998,53.09208779719627
4.4820557109385195,15.777724999999998,47.144428294578304
5.355773741045055,22.52860625,80.43874518406233
6.170500361556396,29.904093749999998,123.01548086426088
5.6449451613654045,25.02703125,94.18414597201884
4.1304053152646665,13.3990875,36.89577481979756
2.866041436266883,6.4514125,12.326677031633416
2.223948461184896,3.8845375,5.759340797026682
2.4366606125554147,4.66315625,7.575019443044407
4.532811262544635,16.1370875,48.76424797644549
6.069031301990346,28.92868125,117.04604802103415
2.3104407304178385,4.1925625,6.457778109881625
5.091963367311647,20.363875,69.12807034434229
3.0679880473054593,7.3926,15.120272292340227
3.973113619489594,12.39800625,32.83912499092807
5.5681924861040955,24.3510875,90.39436163064222
3.1242861017771166,7.666399999999999,15.968017980442722
3.65759803552799,10.507075,25.620437919430174
4.109250731543692,13.2621875,36.33176912416307
4.306025228049377,14.562737499999999,41.80501004297382
7.493955793215651,44.107468749999995,220.35961397542718
6.574801170469907,33.9512,148.81492633257196
2.843143268311158,6.3487374999999995,12.033580190266404
4.590130436368255,16.5477875,50.637668705536115
3.9248358409570834,12.098537499999999,31.65651573544221
6.235482519036599,30.53725625,126.94301835081075
2.128842134948089,3.5593999999999997,5.051600463422816
3.0997815187191318,7.546612499999999,15.595233304289852
4.513543114691299,16.0001875,48.14502408292985
3.524108067907378,9.754125,22.916393738584706
8.705156410132874,59.517275,345.404791986594
4.085320889392759,13.108175,35.70073409954396
3.1329912902896573,7.709181249999999,16.10186514100955
4.015389229560137,12.66325,33.898585107484934
3.94007259994817,12.192656249999999,32.0266338741412
2.253148159412148,3.9872124999999996,5.989187003706738
3.010637419394882,7.118799999999999,14.28808377412552
3.7342361325898374,10.952,27.26490274941594
5.931039475052693,27.62813125,109.2423580437913
5.296456487662162,22.03234375,77.79556666206025
3.039448003295157,7.2557,14.702215251672442
2.411945112637907,4.569037499999999,7.346845111722878
3.654618321766163,10.489962499999999,25.557872764759985
2.985200075220372,6.9990125,13.928968427645552
3.2524183825048816,8.30811875,18.01431876435565
5.7292313262802566,25.77998125,98.46631744561174
4.075976898649741,13.048281249999999,35.45632862805638
3.343262464548795,8.7787125,19.56635999221021
3.2000791401716646,8.042875,17.15855767633878
8.846056833633888,61.459543749999995,362.4497446544722
4.609078423779364,16.6846875,51.26735544250085
3.0821589681984745,7.461049999999999,15.330761446451483
4.872203362674948,18.64406875,60.558462971795244
3.7415224539233627,10.994781249999999,27.424813948567046
2.4366606125554147,4.66315625,7.575019443044407
3.0015774005991376,7.076018749999999,14.159478644143839
3.0286761513253735,7.204362499999999,14.546453926168558
3.6306925763708895,10.3530625,25.059191440969226
2.866041436266883,6.4514125,12.326677031633416
6.252058157634905,30.699824999999997,127.95806088614265
3.0142538019831635,7.1359125,14.33963425582945
4.7395937982350524,17.6429875,55.74706275822571
2.3938099297021815,4.5005875,7.182367364662343
5.438532260210308,23.23021875,84.22552938907823
2.937374922762681,6.776549999999999,13.270178688564963
5.241665867393941,21.5788625,75.40612468229138
3.1485999789942536,7.7861875,16.34372653263021
3.414197821518995,9.1551875,20.838414145398623
3.3220144311472457,8.66748125,19.19566519613211
5.97678316884303,28.055943749999997,111.78952826067122
3.8278766469795125,11.508156249999999,29.36786837277754
2.7575570323275067,5.972262499999999,10.979236303853904
3.335106164365339,8.73593125,19.4235054422312
2.0399920432375636,3.2684875,4.445125662280955
4.689914782863185,17.27506875,54.01240020373521
2.045325364870306,3.2855999999999996,4.480080679211918
3.2607815189197926,8.3509,18.153640257564863
3.966252772340727,12.355224999999999,32.66929693942897
4.463788868006303,15.64938125,46.57035587662438
5.019779127788679,19.79060625,66.22964812002279
4.620881460835677,16.77025,51.662224879053
4.4048259417500555,15.238681249999999,44.74915899204011
5.66228758367201,25.18104375,95.05487424635112
3.4046118470887707,9.10385,20.663383709412734
3.436461107946664,9.274975,21.248727243118402
2.6773782983271666,5.630012499999999,10.049115524540449
3.522562067364496,9.74556875,22.886247202428553
4.9089584180826185,18.926425,61.93935555197289
2.9595441046098214,6.879225,13.57291319535633
2.837389852765942,6.32306875,11.960674073060948
3.466446870740727,9.43754375,21.809829333110798
2.2165884350602267,3.8588687499999996,5.702349229110207
5.974048424628094,28.030275,111.6361468037615
5.046834293708173,20.0045125,67.30630647594253
2.879314606878036,6.51130625,12.4987327969875
4.345062956516457,14.827981249999999,42.95234136619706
3.1864326850766362,7.974424999999999,16.939978976461504
4.212668974321261,13.93813125,39.144488717928404
4.323698815431372,14.682525,42.32187730002766
2.380117863554854,4.44925,7.059826269614289
5.3527217280280714,22.502937499999998,80.30130833380512
3.0501818142305486,7.3070375,14.858528598933766
4.3513265650103445,14.8707625,43.13836260547308
6.435804577466765,32.5308625,139.57484919096123
4.897849649786915,18.8408625,61.519807864872284
7.737847283133904,47.02515,242.58228611097624
3.048395470408674,7.29848125,14.832438122241756
2.00497967829159,3.1572562499999997,4.220156413606076
13.254401431672742,137.9780875,1219.2113069996442
3.008827598119579,7.1102437499999995,14.262331749571496
4.0397333414782555,12.8172625,34.518881778485955
3.7849458316932236,11.251468749999999,28.390799830492703
2.8527065084610888,6.3915187499999995,12.155418091384053
7.20414869998573,40.761975,195.7702194700672
3.5610107293858624,9.959475,23.643864889366835
3.0376553472835393,7.247143749999999,14.67621664314665
5.4764597202777425,23.55535625,85.99997313327837
6.367734926248969,31.846362499999998,135.19279651015694
6.4805069878550485,32.98434375,142.50351344112534
4.4417694956800124,15.495368749999999,45.884570825375555
2.061242533839648,3.3369375,4.585491671843028
4.276831500064149,14.36594375,40.96048050543312
5.776573325316925,26.20779375,100.92749486110507
2.8161934347942243,6.228949999999999,11.694618730440986
2.0848904494005085,3.41394375,4.745132479443704
5.762411565043185,26.079449999999998,100.18701619331034
5.188396584380961,21.14249375,73.13042823853056
3.702005951526472,10.7637625,26.565008557211637
6.745731169030697,35.739456249999996,160.72584265988925
2.469965035906082,4.7915,7.88989164636266
2.9392287411376654,6.78510625,13.295319534448533
4.262798607199255,14.271825,40.55861048812767
2.0532993731421074,3.31126875,4.532684032453365
3.078622353186081,7.4439375,15.278048255480071
5.324151907466004,22.2633625,79.02234928065472
3.3692299417723217,8.9156125,20.025832389493047
2.3983565813385725,4.5177,7.223370351675513
4.311082217728658,14.5969625,41.95247031106804
2.9038038211097428,6.6225375,12.820366465295043
2.3245432462962605,4.2439,6.576752721971133
3.262451573584428,8.35945625,18.18154746474845
2.0373201468149107,3.2599312499999997,4.42768240857101
2.8123223766966707,6.2118375,11.646459734435668
3.3236537179142474,8.6760375,19.224096195758953
3.2923677005108396,8.51346875,18.68631302120559
2.8507964268887416,6.3829625,12.131017791976552
2.6834748032946383,5.65568125,10.117918753227285
3.362756871544026,8.881387499999999,19.91063122964681
3.0286761513253735,7.204362499999999,14.546453926168558
2.926227349634205,6.7252125,13.119667166401214
7.062884655606209,39.17906875,184.47816233021047
2.3175027154973598,4.21823125,6.517174917647214
3.3724618177593064,8.932725,20.08351599402933
2.2555644047814263,3.99576875,6.008475841491981
2.997945726673215,7.05890625,14.108145218116224
3.899774554134863,11.944524999999999,31.053969770818487
2.3080819337534524,4.1840062499999995,6.438019490891021
3.0962650325970817,7.5295,15.54221837529315
5.41544712472493,23.033424999999998,83.15753012587821
9.53247890024175,71.36768124999999,453.54061044986906
2.9833748227872863,6.990456249999999,13.903434117364016
6.724703781774452,35.51699375,159.22750812525638
5.221883961192982,21.416293749999998,74.55560056088166
3.919280514972453,12.0643125,31.522283271859067
5.342535759277369,22.417375,79.84375171108697
4.387479161790891,15.11889375,44.222554184970356
2.0346447416596565,3.251375,4.410262031275778
4.232019875311144,14.066474999999999,39.68640118371155
2.1056878764049,3.48239375,4.888556200162131
4.356330967544051,14.904987499999999,43.28737241140464
5.509184895338665,23.8377125,87.55091042961712
2.966897020550142,6.91345,13.674329471148251
2.594723167925177,5.2877624999999995,9.146853243490636
2.8103848481327556,6.20328125,11.622405089137347
2.0239077551471385,3.2171499999999997,4.340809889647745
4.0140324499202675,12.65469375,33.86423423753545
5.823530473475266,26.63560625,103.4088431175755
3.003391590792335,7.084575,14.185168652891734
3.7676365374855663,11.14879375,28.00306845426048
2.8641402477085682,6.442856249999999,12.302162597217132
2.9000497098812397,6.605424999999999,12.770707236594857
2.0185178447651753,3.2000374999999996,4.306221865111826
5.95669922176395,27.867706249999998,110.6663627544809
3.5210153880067874,9.737012499999999,22.856113897142954
2.976062618599029,6.95623125,13.801453192970259
2.274801976206745,4.06421875,6.163528562824337
3.6291919800776657,10.34450625,25.028132746908863
4.2474371208158255,14.16915,40.12171578693837
7.7666557131845995,47.375956249999994,245.30182751776402
3.899774554134863,11.944524999999999,31.053969770818487
2.879314606878036,6.51130625,12.4987327969875
4.215254227080287,13.95524375,39.21660013808217
3.019670255232163,7.161581249999999,14.417075920702247
4.307290032079605,14.571293749999999,41.841858882585896
3.6798689823576347,10.63541875,26.091298381673205
3.23899244951552,8.23966875,17.792149911839324
3.0608779843356384,7.358375,15.01539202532383
3.062657047539806,7.3669312499999995,15.041589274369151
2.9000497098812397,6.605424999999999,12.770707236594857
3.724011332280962,10.89210625,27.041551404938865
3.9511169736796528,12.26110625,32.296710013643114
4.041081492138671,12.82581875,34.553452514766754
2.2627976603490003,4.0214375,6.06646624415982
2.9429328746063828,6.80221875,13.345648786425956
2.1769147426503643,3.72196875,5.401605762372631
2.420961761324711,4.6032625,7.429548326559994
3.338371075733937,8.75304375,19.48060538642248
2.2017945760935342,3.80753125,5.58893443637109
3.978593778810833,12.43223125,32.97519860532509
3.576274454421478,10.0450375,23.949207336637198
2.368647349256474,4.40646875,6.9582470161793255
7.964030096987043,49.8144875,264.4827184773231
4.752218964512179,17.73710625,56.19374179787831
2.2116681438980548,3.84175625,5.664459943164168
3.472726670944136,9.471768749999999,21.92857597276013
6.868958364005918,37.05711875,169.6958705225153
2.879314606878036,6.51130625,12.4987327969875
5.107984266994502,20.49221875,69.78262064720647
2.8181269698210425,6.23750625,11.718723058368205
2.469965035906082,4.7915,7.88989164636266
3.0962650325970817,7.5295,15.54221837529315
3.4380458260885147,9.28353125,21.27813724361653
3.4189807299879553,9.18085625,20.926113735692986
2.948480349604336,6.8278875,13.421261415372717
3.2187485483900202,8.13699375,17.460624547380775
4.941032611737022,19.17455625,63.1614051645573
3.2288863641959753,8.18833125,17.626127412429852
2.5438413035518352,5.082412499999999,8.619233892792094
9.599670013828693,72.37731875,463.19891765713083
3.2322585701951487,8.205443749999999,17.68141058879448
3.8292993850501893,11.516712499999999,29.400626729366547
3.6336919098657727,10.370175,25.121347334261525
5.095171577249158,20.389543749999998,69.25881585871878
6.913223686118272,37.53626875,172.99774814066737
2.924365289407701,6.71665625,13.094637598922194
4.19452759023516,13.818343749999999,38.640949407152384
5.431516736084475,23.170325,83.90000534534431
3.4961754631177113,9.6001125,22.375785177113084
4.514749783103365,16.00874375,48.18364824871324
3.472726670944136,9.471768749999999,21.92857597276013
2.765447054267618,6.0064874999999995,11.07374877558018
4.9244685939123585,19.0462125,62.52831685948731
4.146200421907062,13.5017625,37.320675582659305
6.118195772982738,29.399275,119.9136800225047
4.228156780142457,14.04080625,39.57782009640272
2.253148159412148,3.9872124999999996,5.989187003706738
9.1099769099954,65.1815125,395.86804922238434
3.0501818142305486,7.3070375,14.858528598933766
4.356330967544051,14.904987499999999,43.28737241140464
3.044819638714064,7.2813687499999995,14.78030304447925
4.178915150489216,13.715668749999999,38.211077292310996
4.046469603187978,12.860043749999999,34.69185075336168
2.907553085190505,6.63965,12.870089894723424
2.537409330418011,5.05674375,8.554019181855306
2.9429328746063828,6.80221875,13.345648786425956
2.9392287411376654,6.78510625,13.295319534448533
2.0559505031980736,3.319825,4.550263919519697
4.93220539144627,19.10610625,62.823493503863524
2.729762371448094,5.852475,10.650577356560458
3.310516695286112,8.6075875,18.9970414165907
2.911297520850472,6.6567625,12.919877442093592
3.769082014821496,11.15735,28.035311478712412
3.7748583891146734,11.191575,28.164407184104032
5.489374745263334,23.6665875,86.60984515270994
5.086611854149141,20.32109375,68.91034423868402
5.65747557669788,25.1382625,94.81273742291346
2.798731509003021,6.15194375,11.4784258764928
4.649086492592521,16.9756,52.61402177576906
2.785074320104196,6.0920499999999995,11.311208007860511
3.059097886491369,7.34981875,14.989210002813088
2.0744135466639464,3.37971875,4.673956239276093
2.955860787557741,6.862112499999999,13.522299505706545
4.228156780142457,14.04080625,39.57782009640272
2.7967845651089553,6.143387499999999,11.454487558322192
2.915037146696313,6.673875,12.96972902493857
3.3039285958309565,8.5733625,18.883851684116518
2.5587863663539365,5.14230625,8.772042082744425
4.607896457245304,16.67613125,51.22792407162181
2.535261713164489,5.0481875,8.532317659750372
2.305720723995956,4.17545,6.41828106467261
3.0430301471467875,7.2728125,14.754258461363992
3.0874562948826023,7.48671875,15.40994462180207
3.8392437889939,11.57660625,29.630275761960306
3.8221803988132947,11.47393125,29.23695674738755
3.551821008957714,9.908137499999999,23.461287288094507
2.257978064546162,4.004325,6.0277853422092065
3.2322585701951487,8.205443749999999,17.68141058879448
3.802176326672343,11.354143749999999,28.780304383923163
2.010405884907704,3.1743687499999997,4.254513077244742
3.503956855924391,9.642893749999999,22.5255224441753
3.941454839106618,12.201212499999999,32.060352034062106
2.0373201468149107,3.2599312499999997,4.42768240857101
3.1727275347384585,7.905975,16.72233638096925
2.43442411771743,4.654599999999999,7.554180332218365
2.4544792090413092,4.73160625,7.742419443996611
2.2458838261803367,3.9615437499999997,5.931444689887197
2.2843600097998285,4.0984437499999995,6.241547336609362
3.016060367204973,7.14446875,14.365432694406303
3.1451380758264547,7.769075,16.289875730967605
2.5863123737764364,5.2535375,9.058192694899017
7.742773383490261,47.08504375,243.04588233864962
2.2361613397248123,3.92731875,5.854745571684249
2.151747252402591,3.63640625,5.21641810470474
2.118582595064865,3.525175,4.978916266371856
3.136466600609695,7.72629375,16.155508195582957
2.584205397969454,5.2449812499999995,9.036072572332381
2.161849407715686,3.67063125,5.290234662503457
3.4078101679886,9.1209625,20.72167249956181
4.984934252769476,19.51680625,64.8599973201936
3.249067100437661,8.291006249999999,17.958690424265352
3.1727275347384585,7.905975,16.72233638096925
2.1313993035996277,3.56795625,5.069826311015959
2.837389852765942,6.32306875,11.960674073060948
3.3465194185257854,8.795824999999999,19.623599442969706
6.311887828567562,31.290206249999997,131.66684798849573
2.5799862843017562,5.22786875,8.99188644741984
9.70800403267802,74.02011875,479.05840754953726
2.4743717566905366,4.8086125,7.932196639246047
5.825400886394372,26.65271875,103.50851428737992
2.2867432759772823,4.107,6.261103089625798
7.5019470236113674,44.201587499999995,221.06531185634825
4.465008982520823,15.6579375,46.608554390166425
9.957841462331855,77.8789875,517.0044071812827
3.1068025504063255,7.5808374999999995,15.701443519477273
3.9621305615207305,12.32955625,32.56754108540928
4.406062384144022,15.247237499999999,44.78685307390675
3.669492694683467,10.575524999999999,25.87120781996158
6.239848798206908,30.5800375,127.20987349566475
5.413435069249675,23.016312499999998,83.06487550153976
5.044675220114729,19.987399999999997,67.21996099634741
3.508617408003253,9.6685625,22.615524465244963
3.9566275997518416,12.29533125,32.432031314560874
8.378009678404952,55.12791875,307.9081578918813
6.769107734747382,35.9875875,162.40257126743214
2.108273129528813,3.4909499999999998,4.906584054352405
4.045123248266934,12.8514875,34.6572339073746
2.0927137055902736,3.4396125,4.798749480446416
9.595129552411715,72.30886875,462.5419756297232
3.4554297586097302,9.37765,21.60254058388436
3.230572907201654,8.196887499999999,17.65376178725326
5.175782959761773,21.03981875,72.59835690848416
2.00497967829159,3.1572562499999997,4.220156413606076
2.494105649927359,4.88561875,8.123499551844024
4.087986678185011,13.125287499999999,35.77066696489883
2.031965813912392,3.2428187499999996,4.392864560476078
5.429510635651843,23.1532125,83.80707567883812
4.059908596024137,12.945606249999999,35.03865206341253
4.729239047624512,17.56598125,55.38248295822668
4.191929554934661,13.801231249999999,38.56919278090856
6.074414035910499,28.98001875,117.35775510396628
4.529204728678928,16.11141875,48.647942658817556
4.298428588387835,14.5114,41.58414441168747
4.4613476379259795,15.63226875,46.493990175491085
3.974484367717194,12.4065625,32.873125808904234
3.6396831619307917,10.404399999999999,25.245812993328478
2.3824053392039657,4.45780625,7.080200940757871
2.5545252703642416,5.12519375,8.728291299925248
5.586748296061339,24.51365625,91.30108485661393
2.5223376100573645,4.996849999999999,8.402495124543426
3.103294020150519,7.563725,15.64830837504199
6.602084335603082,34.23355625,150.67521698007465
2.100507824581783,3.46528125,4.852566920001027
7.996111599451545,50.21663125,267.6918584156706
4.937724253407115,19.1488875,63.03461748967623
3.359515659348425,8.864275,19.853113780847174
4.297161176127235,14.502843749999998,41.547371403959666
3.5610107293858624,9.959475,23.643864889366835
3.5564188374314565,9.93380625,23.552517116596217
3.885781776493807,11.858962499999999,30.720893580415627
4.1553865078479495,13.561656249999999,37.56928227021455
6.298929720404867,31.161862499999998,130.85758789627988
6.062745405635648,28.8687875,116.68273918793122
4.831788074460016,18.336043749999998,59.063918349351425
5.808545487626039,26.498706249999998,102.61262707757696
7.410630179899779,43.13205625,213.0904785115899
3.2774437710928424,8.4364625,18.433354313788893
3.707886822511709,10.7979875,26.69181037393077
7.377479423880668,42.747025,210.2435315797417
5.080182597076873,20.26975625,68.64937529882678
3.691691885051478,10.70386875,26.3435902686874
2.0346447416596565,3.251375,4.410262031275778
3.0856915297799237,7.4781625,15.383535123045236
7.849671681914167,48.394149999999996,253.25212588353767
3.377303832912924,8.958393749999999,20.17014503241212
3.280766066696093,8.453574999999999,18.48946800151361
3.289057123805811,8.49635625,18.630000700303018
3.738609629461656,10.97766875,27.360812065193524
3.2339433545525544,8.214,17.709073809529787
3.568650752605869,10.00225625,23.7963728628795
3.3966028690537273,9.06106875,20.517901408628717
4.251282696181019,14.19481875,40.23079155153393
4.791031870664918,18.028018749999998,57.581874930796495
3.531827919585419,9.79690625,23.06732467954059
4.73269314842409,17.591649999999998,55.50392094964976
3.4774290788815034,9.4974375,22.0177768915731
2.498469792634855,4.9027312499999995,8.166217286354616
2.2819742545695014,4.0898875,6.22201198605708
3.472726670944136,9.471768749999999,21.92857597276013
4.176307402871467,13.69855625,38.139587917017465
6.355747785194595,31.726574999999997,134.4307391920401
3.3170917100958537,8.6418125,19.110456402635144
2.010405884907704,3.1743687499999997,4.254513077244742
7.806529821300722,47.8636625,249.09940577528204
3.048395470408674,7.29848125,14.832438122241756
9.528478099495834,71.3077875,452.9697943448352
3.310516695286112,8.6075875,18.9970414165907
5.1536348312247435,20.8601375,71.6703541360916
4.348822204189941,14.85365,43.06392195551062
5.889566388213526,27.2431,106.96669738049327
4.180218414250976,13.724224999999999,38.24683871088241
3.377303832912924,8.958393749999999,20.17014503241212
5.749162448824913,25.9596625,99.49754455277883
3.522562067364496,9.74556875,22.886247202428553
6.540745373516096,33.60039375,146.51441331242108
2.1313993035996277,3.56795625,5.069826311015959
4.054538344207897,12.91138125,34.89979356987458
5.294399211807637,22.01523125,77.70494865184187
4.322438812835643,14.67396875,42.284888042224885
4.600798281338356,16.62479375,50.99154834173641
8.756315943646506,60.218887499999994,351.5304031499369
5.119701064150563,20.5863375,70.26392933714176
5.51708903842097,23.9061625,87.92828471964029
3.5793193885230354,10.062149999999999,24.010432390151372
4.415941460187852,15.3156875,45.08878628168723
5.4285073074282435,23.14465625,83.76062372069318
5.116508234988046,20.560668749999998,70.1325539841576
2.087501459126698,3.4225,4.762982495907414
2.0399920432375636,3.2684875,4.445125662280955
3.3724618177593064,8.932725,20.08351599402933
4.73269314842409,17.591649999999998,55.50392094964976
3.514821864499256,9.7027875,22.73571310106005
2.8103848481327556,6.20328125,11.622405089137347
2.1693951528489643,3.6963,5.345823535650418
5.279975836310652,21.89544375,77.07160928353275
4.3650748664559895,14.96488125,43.548551349248996
3.618670382513108,10.2846125,24.811081766249394
3.7415224539233627,10.994781249999999,27.424813948567046
3.522562067364496,9.74556875,22.886247202428553
3.899774554134863,11.944524999999999,31.053969770818487
4.165860088438148,13.630106249999999,37.854077085364224
3.1138077510709956,7.6150625,15.80789375826005
6.631719775833613,34.54158125,152.71339164279232
7.957187557621666,49.728925,263.8015888426007
5.403363553420761,22.93075,82.60211920173542
3.325292196553536,8.68459375,19.252541218075066
4.326217719702965,14.6996375,42.39588815047346
3.115556590159205,7.6236187499999994,15.83454375828252
3.834985059131824,11.5509375,29.531781820977002
3.3022795173175266,8.56480625,18.85558949944542
3.9442178642192496,12.218325,32.12782382389111
4.3274766220196454,14.70819375,42.432909736840294
3.003391590792335,7.084575,14.185168652891734
4.606714187448487,16.667575,51.18850281524113
4.998029549201371,19.61948125,65.37249801833484
3.5823617344939076,10.079262499999999,24.071709527946265
2.300991035479094,4.1583375,6.37886487333103
3.4930580523657295,9.583,22.315983543880524
3.494617105356709,9.59155625,22.3458776921607
4.1158732188887415,13.304968749999999,36.507709704184414
3.757502626428057,11.088899999999999,27.777713916132054
4.1369939385548795,13.44186875,37.072619694400174
4.474757922036538,15.7263875,46.91451803376093
3.8717384281463234,11.773399999999999,30.389016806625275
2.1844084472306053,3.7476374999999997,5.457580674772125
8.981109616732017,63.350474999999996,379.3050401646941
3.953873246755482,12.278218749999999,32.364347088957686
5.431516736084475,23.170325,83.90000534534431
4.171087016577388,13.66433125,37.99674311139178
3.525653390528415,9.76268125,22.94655349980712
3.7400663252619015,10.986225,27.392806776166957
4.632654426313414,16.8558125,52.058102924822656
4.590130436368255,16.5477875,50.637668705536115
6.261634524694827,30.79394375,128.54694755767366
3.769082014821496,11.15735,28.035311478712412
3.103294020150519,7.563725,15.64830837504199
3.5777972454014604,10.05359375,23.979813350090225
4.131723880442793,13.40764375,36.931121241563055
6.8713369495325125,37.082787499999995,169.87221862694156
2.594723167925177,5.2877624999999995,9.146853243490636
4.779649027614954,17.94245625,57.172429045557564
5.222926982068498,21.42485,74.60028476784682
2.541699121021538,5.0738562499999995,8.597477313876423
3.4189807299879553,9.18085625,20.926113735692986
3.6321925527110106,10.36161875,25.09026297185385
9.27999472149263,67.63715625,418.4483019845147
3.3901820639377838,9.02684375,20.401762516812592
3.370846267095218,8.92416875,20.05466727857687
3.970370703305224,12.38089375,32.77115855048982
3.926223444267523,12.107093749999999,31.690103548796525
9.593994101303968,72.29175624999999,462.3777886902694
4.637355243784955,16.8900375,52.21673597889968
6.128870155811716,29.501949999999997,120.5424139288329
3.388574961660256,9.0182875,20.372762146369105
3.1778738925972974,7.931643749999999,16.803842399005013
3.9289971807097563,12.12420625,31.7573147830624
4.689914782863185,17.27506875,54.01240020373521
3.537991672825366,9.83113125,23.188306997968816
3.591473309366789,10.1306,24.255853005247456
4.171087016577388,13.66433125,37.99674311139178
3.3236537179142474,8.6760375,19.224096195758953
3.194968550048326,8.01720625,17.07648121866725
4.569912118777048,16.40233125,49.97147490371365
3.194968550048326,8.01720625,17.07648121866725
3.702005951526472,10.7637625,26.565008557211637
3.1015382666746723,7.55516875,15.621763326206436
4.599614187049968,16.6162375,50.9521878269278
5.186296444005755,21.12538125,73.0416597700939
3.571702186042912,10.01936875,23.857467511430023
3.8899848948415325,11.88463125,30.82069069550776
3.458581085993934,9.394762499999999,21.661698593270053
4.938827285757165,19.15744375,63.07687061190537
2.071786042700417,3.3711625,4.656218276783363
3.0697629899169425,7.40115625,15.146530359228313
3.999077492949076,12.560575,33.48714185399922
3.356271317056773,8.8471625,19.795651824060194
7.168523778738409,40.35983125,192.88027334766304
3.1242861017771166,7.666399999999999,15.968017980442722
3.436461107946664,9.274975,21.248727243118402
3.8618776993843915,11.71350625,30.157419045649785
3.6769073167008894,10.61830625,26.02835196106386
3.571702186042912,10.01936875,23.857467511430023
6.51069584840247,33.29236875,144.5043246694061
4.355080406023366,14.89643125,43.25010390436609
5.380127517613231,22.73395625,81.54105573656021
3.478995135740391,9.50599375,22.047537344419037
4.140942080638624,13.467537499999999,37.17886183755246
3.3578938800314466,8.85571875,19.824375862603155
6.614448572045533,34.3619,151.52334692518093
4.3375346870040925,14.77664375,42.72946988208482
2.2165884350602267,3.8588687499999996,5.702349229110207
4.779649027614954,17.94245625,57.172429045557564
2.7317570829831412,5.86103125,10.673942420515354
5.39428311156766,22.85374375,82.18637596447998
3.1830119297318724,7.9573125,16.88548041073636
5.210396951266138,21.322174999999998,74.0646637429087
5.64687472736309,25.04414375,94.2807616068822
3.245712358086759,8.27389375,17.903119462581202
3.5777972454014604,10.05359375,23.979813350090225
3.46487514231228,9.4289875,21.78017627061547
3.559480756928824,9.95091875,23.613402536258146
5.878457482275331,27.140425,106.36255627558826
3.989531514304579,12.50068125,33.24790786476757
2.6610526686851115,5.5615625,9.866407155122694
5.385187358398249,22.7767375,81.7713325670369
4.604348737132092,16.6504625,51.10969065636015
3.5823617344939076,10.079262499999999,24.071709527946265
2.370945891620971,4.415025,6.9785235901025855
5.982248906765178,28.10728125,112.09650168663589
2.0399920432375636,3.2684875,4.445125662280955
6.238102653273263,30.562925,127.10310902286113
3.541069526102377,9.84824375,23.248877219168797
3.602074349992865,10.19049375,24.4712774337584
3.2741181043093106,8.41935,18.37729750767773
4.230732568855411,14.057918749999999,39.6501964706321
2.179415507108074,3.7305249999999996,5.420242689769564
4.508713211633523,15.9659625,47.99063070679693
5.034947931582593,19.91039375,66.831863885705
4.9178273655448015,18.994875,62.275677386735204
3.414197821518995,9.1551875,20.838414145398623
2.7016817767103807,5.7326875,10.325264900216927
6.202198345968522,30.21211875,124.92103529296973
3.4695881916125813,9.45465625,21.869175787170725
6.503161771608745,33.2153625,144.0032504267511
4.887830171888753,18.76385625,61.143028479822235
3.5441447064701226,9.86535625,23.309500087252957
2.4277022711527803,4.62893125,7.491777939090051
8.00087868936069,50.276525,268.1709182984066
4.071965767385875,13.0226125,35.35175486795426
3.0856915297799237,7.4781625,15.383535123045236
3.9799626396044103,12.440787499999999,33.00924630483837
2.494105649927359,4.88561875,8.123499551844024
3.215362173387873,8.119881249999999,17.405572682434293
2.6177135123173256,5.38188125,9.392148846541506
5.6352874209108705,24.94146875,93.70156340394439
3.656108482203936,10.498518749999999,25.589148968301373
3.3072242860227665,8.590475,18.940418365647616
3.6171647987647617,10.27605625,24.780125958417738
2.1943602456640945,3.7818625,5.532512483045218
4.434405407450431,15.44403125,45.65673045855561
3.0358616327207075,7.2385874999999995,14.650233377561134
4.309818526592692,14.588406249999998,41.91558901980708
3.922059161556849,12.081425,31.58937573727464
3.3072242860227665,8.590475,18.940418365647616
3.5838819389902956,10.08781875,24.102367614621777
2.2312842099496395,3.91020625,5.81652097551426
2.22884164303253,3.9016499999999996,5.797439997691914
3.289057123805811,8.49635625,18.630000700303018
3.3982061747219885,9.069625,20.54697045160861
3.8562316763368774,11.679281249999999,30.025342875398238
4.02487388073838,12.72314375,34.139365973503175
2.605198475633069,5.3305437499999995,9.258082967863588
3.2356272616463824,8.22255625,17.736751441947227
6.295469720297381,31.1276375,130.64206623042884
8.100339543037572,51.534293749999996,278.2968516570927
5.552518443790337,24.214187499999998,89.63314846343161
3.716690681733391,10.849325,26.882390087064742
4.139626451667963,13.458981249999999,37.143436530002106
3.4157928684742718,9.16374375,20.86763369985045
3.8927844525229713,11.90174375,30.8872820186083
3.596020439243632,10.156268749999999,24.34810000763425
4.001800732960244,12.5776875,33.55559937096326
4.696878283035071,17.326406249999998,54.2533474924454
3.6261889245529892,10.327393749999999,24.966053890498507
3.5472172208802597,9.88246875,23.370175556540676
3.0679880473054593,7.3926,15.120272292340227
3.713758380936291,10.832212499999999,26.8188133039719
4.585381205467617,16.5135625,50.48065274854323
2.2938782177332855,4.13266875,6.319892551154697
4.293356694481752,14.477174999999999,41.437117468955904
6.727133373152009,35.5426625,159.40015404961892
4.322438812835643,14.67396875,42.284888042224885
3.958004057472991,12.3038875,32.465891098460816
3.4695881916125813,9.45465625,21.869175787170725
4.324958450946932,14.69108125,42.358877337157004
2.9687324039737817,6.92200625,13.699722836589356
3.4396298141136206,9.2920875,21.307560800235
3.6276907630620068,10.33595,24.997086894980498
3.545681296486591,9.8739125,23.339831249596767
3.994989152306667,12.534906249999999,33.38454299595402
7.733622413977482,46.9738125,242.18515281331707
4.626771688160987,16.813031249999998,51.86003798644395
5.295427949641461,22.023787499999997,77.75025325630948
4.3274766220196454,14.70819375,42.432909736840294
8.352614805742935,54.794225,305.1167033361397
11.157885691600745,97.780825,727.3515121202777
7.298049600635509,41.83150625,203.52560498786286
3.326929868259095,8.69315,19.281000256171033
4.916719622008833,18.98631875,62.233603965226145
5.92092843566212,27.5340125,108.68461170608414
3.6872627390234904,10.6782,26.24888598656042
3.3203743350556003,8.658925,19.16724822611421
4.796713162677145,18.0708,57.7869628134041
4.753365044105475,17.745662499999998,56.23440787466224
3.41100548999203,9.138074999999999,20.780015995305934
3.8036086779481186,11.3627,28.812842883280727
3.6336919098657727,10.370175,25.121347334261525
4.515956129092324,16.0173,48.22228273767365
4.381267238582474,15.076112499999999,44.034985187622475
3.174443914379685,7.91453125,16.74949037448689
4.223000489467893,14.00658125,39.433199649681185
3.3901820639377838,9.02684375,20.401762516812592
3.3837490750980463,8.99261875,20.28584358534789
3.514821864499256,9.7027875,22.73571310106005
3.599048667518576,10.17338125,24.409662821313976
5.786936590041754,26.3019125,101.47166655621771
5.0045643476548385,19.67081875,65.62925213695353
4.367569908023803,14.981993749999999,43.62327004313379
4.050505982848093,12.885712499999999,34.79577038300697
2.4187107503671883,4.59470625,7.408843601102873
3.0856915297799237,7.4781625,15.383535123045236
5.822595041700944,26.62705,103.35901953674873
4.0839873424698805,13.09961875,35.665784777454064
3.0608779843356384,7.358375,15.01539202532383
2.4142024319084197,4.57759375,7.367491975692523
3.4301149139659235,9.24075,21.13122292748707
3.7748583891146734,11.191575,28.164407184104032
7.930445242786693,49.395231249999995,261.15078445527405
3.973113619489594,12.39800625,32.83912499092807
2.079658595609427,3.39683125,4.7094995379314755
5.452536228885894,23.35000625,84.87783668189135
3.513271777603803,9.69423125,22.70564603745989
3.8292993850501893,11.516712499999999,29.400626729366547
3.4046118470887707,9.10385,20.663383709412734
4.667795165737296,17.1125,53.25176318245297
7.450216378025003,43.59409375,216.52362082760484
3.6426750926965488,10.4215125,25.308122674650498
5.61883116553144,24.7960125,92.88307187727143
3.3465194185257854,8.795824999999999,19.623599442969706
5.025201813962904,19.8333875,66.44451656135277
3.603586238558911,10.19905,24.502104150916164
3.1624096942932196,7.8546375,16.55972118343937
7.909812707845798,49.13854375,259.1177851991911
4.515956129092324,16.0173,48.22228273767365
5.330286903057071,22.3147,79.29583543709842
6.507348446716727,33.258143749999995,144.28155338149608
8.5364517518515,57.232756249999994,325.7097749024016
3.9164998970169083,12.0472,31.45523837289473
2.0022610605282236,3.1487,4.203012934190144
4.026227006976217,12.7317,34.173809589812734
2.4455861391898446,4.697381249999999,7.658566983660178
3.4459584851762006,9.3263125,21.42539046318657
6.225865926183277,30.4431375,126.35659496490823
3.635190648601337,10.37873125,25.152444522897643
3.131252188690047,7.700625,16.075065923687525
3.2000791401716646,8.042875,17.15855767633878
5.7092306239180415,25.600299999999997,97.43867782765938
4.368816894461211,14.990549999999999,43.660645398177
4.550801059118173,16.26543125,49.347161173009226
3.7415224539233627,10.994781249999999,27.424813948567046
6.2546713482015255,30.72549375,128.11857694498002
4.119841601509637,13.3306375,36.61340996476295
6.434958150873054,32.52230625,139.5197864590848
4.792168667897825,18.036575,57.622873060792806
3.7632967742436025,11.123125,27.906413621338906
3.305576851656025,8.58191875,18.91212797519521
4.8554045423055605,18.515725,59.93422351272041
2.526652989790877,5.0139625,8.445695560882895
3.94007259994817,12.192656249999999,32.0266338741412
3.463302700596484,9.42043125,21.75053665927234
7.320406590413904,42.088193749999995,205.4017939374115
11.867129085542736,110.60664374999999,875.0555460665926
4.949844090179598,19.24300625,63.499920509234364
5.391252898926199,22.828075,82.0479503471031
4.811453126770592,18.182031249999998,58.32132740590206
2.0585982190449528,3.32838125,4.567866475701742
6.116414898029284,29.3821625,119.80899763421155
3.758952000686945,11.097456249999999,27.809870248982225
3.5854014989224674,10.096375,24.133038705788877
4.270458628843951,14.323162499999999,40.7776485936394
3.450697371419548,9.35198125,21.513904744626597
5.766191435285686,26.113674999999997,100.3842994192226
6.031217654723112,28.569318749999997,114.87185308560804
3.8221803988132947,11.47393125,29.23695674738755
5.977694472220873,28.0645,111.84067101042847
2.118582595064865,3.525175,4.978916266371856
2.097913002313169,3.456725,4.834605548613991
3.4126020290403645,9.14663125,20.809208241756004
4.046469603187978,12.860043749999999,34.69185075336168
5.431516736084475,23.170325,83.90000534534431
2.253148159412148,3.9872124999999996,5.989187003706738
5.011090624299838,19.722156249999998,65.88634151690094
3.167572815599297,7.880306249999999,16.640962570731485
4.616163867506905,16.736024999999998,51.50415592712817
7.379694107301911,42.772693749999995,210.43293068020287
6.098577546259601,29.2110375,118.76385160029814
4.534012802993186,16.145643749999998,48.80303698337795
3.059097886491369,7.34981875,14.989210002813088
4.294625229505587,14.485731249999999,41.473857929391656
3.603586238558911,10.19905,24.502104150916164
3.599048667518576,10.17338125,24.409662821313976
7.451678494882968,43.611206249999995,216.65112516602048
6.181965604731067,30.015324999999997,123.70247117654966
3.9813310297564484,12.449343749999999,33.043305714652995
3.9881659378434526,12.492125,33.21377827752176
2.407424124384527,4.551925,7.305609371592692
4.417174791160144,15.324243749999999,45.12657545739558
5.399329686823845,22.896525,82.41725810506956
6.833180225413937,36.672087499999996,167.05798875309975
5.270682823822034,21.818437499999998,76.66537584925636
3.2085787013310147,8.08565625,17.295642953355998
3.3933939851356385,9.043956249999999,20.45980449371991
3.356271317056773,8.8471625,19.795651824060194
4.858768952832126,18.541393749999997,60.058898863157076
3.8136200736235795,11.422593749999999,29.040955211898158
3.591473309366789,10.1306,24.255853005247456
4.2857375994014655,14.4258375,41.21690278440376
4.740742929976568,17.65154375,55.78762082398972
4.475975046476845,15.73494375,46.95281038847785
4.336278704731633,14.7680875,42.69236222390895
2.352494670378073,4.346575,6.816863014599048
3.4680178868516265,9.4461,21.839495840659435
5.274815072848636,21.852662499999997,76.84583569124942
4.3136084893886135,14.614075,42.02626532304125
3.899774554134863,11.944524999999999,31.053969770818487
3.7906980323247157,11.28569375,28.52043806102956
3.2741181043093106,8.41935,18.37729750767773
3.1830119297318724,7.9573125,16.88548041073636
4.8565262714512425,18.524281249999998,59.97577236691776
4.234593314208323,14.0835875,39.75884364504526
3.9317689603707,12.14131875,31.824573466144518
4.9244685939123585,19.0462125,62.52831685948731
4.304760052400487,14.55418125,41.768172026930806
10.16250940968762,81.11325,549.5427775835628
4.643224573110052,16.93281875,52.415253408012404
4.810320886932166,18.173475,58.280164253759686
3.377303832912924,8.958393749999999,20.17014503241212
4.657280784598316,17.03549375,52.89271846534647
2.420961761324711,4.6032625,7.429548326559994
2.5566567060878826,5.13375,8.75015757658578
3.247390162467662,8.282449999999999,17.93089776742019
3.480560487961665,9.51455,22.077311193823775
6.057352302650747,28.817449999999997,116.37163140934847
5.363903952542855,22.597056249999998,80.80562622347213
5.466504322625032,23.469793749999997,85.53181932366195
2.00497967829159,3.1572562499999997,4.220156413606076
7.869077574771715,48.633725,255.135036516743
4.795577442722152,18.06224375,57.7459257949661
4.1645523313541455,13.62155,37.81843853943802
5.056538716438413,20.08151875,67.69531802950594
4.243588060559167,14.143481249999999,40.01273877816163
3.094505291032602,7.52094375,15.51573348528905
3.2406737330180566,8.248225,17.81987073434857
7.4341141133688495,43.40585625,215.12272570065628
4.047815510294277,12.868599999999999,34.72647911718196
4.526798776462047,16.09430625,48.57045722700366
2.3315625171685785,4.2695687499999995,6.636510974649534
5.365934580649874,22.614168749999997,80.8974334055178
4.5711039070666475,16.410887499999998,50.010581313120795
3.7647439178365034,11.13168125,27.938619520821423
7.891887544876589,48.91608125,257.3601415740308
3.7356945337907574,10.96055625,27.296860046954084
2.0848904494005085,3.41394375,4.745132479443704
3.3659949626857504,8.8985,19.968204116972768
2.108273129528813,3.4909499999999998,4.906584054352405
6.060049454087998,28.84311875,116.52715069008852
3.9497381158558875,12.25255,32.26290916762003
2.8239196315753485,6.2631749999999995,11.791135225661286
2.0506448156351045,3.3027124999999997,4.51512684377217
2.2385959200209644,3.935875,5.873889144475008
5.515114064655013,23.889049999999997,87.83389043083123
3.4570057813865946,9.386206249999999,21.632112847691328
6.9391763832251625,37.818625,174.9534062973658
3.5426074499647218,9.8568,23.27918207520817
3.7892608007916047,11.2771375,28.488010049258023
3.748794613270498,11.0375625,27.5850365624243
4.8125851002309705,18.1905875,58.36250024463182
4.122485067679296,13.34775,36.68393337474422
3.4301149139659235,9.24075,21.13122292748707
2.0399920432375636,3.2684875,4.445125662280955
2.100507824581783,3.46528125,4.852566920001027
4.988211299854718,19.542475,64.98799641475219
3.2339433545525544,8.214,17.709073809529787
3.548752480515387,9.891024999999999,23.400533002393132
3.2824259535043883,8.462131249999999,18.517546157973683
3.3465194185257854,8.795824999999999,19.623599442969706
6.662858628821339,34.86671875,154.87467858808287
3.2187485483900202,8.13699375,17.460624547380775
4.491767652360673,15.846174999999999,47.45155751909758
6.302387820978513,31.196087499999997,131.07322794811998
3.7863847010976777,11.260024999999999,28.42319092931825
3.325292196553536,8.68459375,19.252541218075066
4.11851923216037,13.32208125,36.5781652270187
4.511128809562853,15.983075,48.067806731935846
3.3187334284394217,8.65036875,19.138845292635153
4.728087119937804,17.557425,55.34202333451598
2.7634766606763312,5.99793125,11.05009534781081
3.6843070169139995,10.661087499999999,26.185812989456085
4.2023120588994605,13.86968125,38.85648584664449
5.493342490447273,23.700812499999998,86.79778690958256
5.308783400738279,22.13501875,78.34001341002036
3.4930580523657295,9.583,22.315983543880524
7.90912402971051,49.1299875,259.05010981041784
4.053194669491891,12.902825,34.8651076742578
3.294021741158014,8.522025,18.71449041912808
3.793570861863497,11.30280625,28.585330964859082
2.029283349622228,3.2342625,4.375490026371708
4.367569908023803,14.981993749999999,43.62327004313379
2.108273129528813,3.4909499999999998,4.906584054352405
4.563948509139003,16.35955,49.77609588845664
3.1416723578858528,7.751962499999999,16.236084203745136
3.3901820639377838,9.02684375,20.401762516812592
3.115556590159205,7.6236187499999994,15.83454375828252
5.256194369253066,21.69865,76.03488130026201
3.420573546626883,9.1894125,20.955374204361604
2.963222843263738,6.8963375,13.623589876570895
3.1983765174705714,8.034318749999999,17.13118428258234
3.9164998970169083,12.0472,31.45523837289473
3.697589160192557,10.738093749999999,26.470039367420963
3.770526938016159,11.165906249999999,28.067566868658663
3.4554297586097302,9.37765,21.60254058388436
3.328566734221971,8.701706249999999,19.309473303147605
2.5136846253441054,4.962625,8.316316109232192
2.121152132207027,3.5337312499999998,4.997054383722734
2.922502042777378,6.7081,13.069623968769953
2.5223376100573645,4.996849999999999,8.402495124543426
2.613548492157631,5.36476875,9.347388851557914
3.1329912902896573,7.709181249999999,16.10186514100955
2.108273129528813,3.4909499999999998,4.906584054352405
3.1485999789942536,7.7861875,16.34372653263021
5.789759715629657,26.327581249999998,101.62024622081113
2.845058487974842,6.357293749999999,12.057915029324608
3.2085787013310147,8.08565625,17.295642953355998
4.4417694956800124,15.495368749999999,45.884570825375555
3.8079024990834727,11.38836875,28.910531882406083
2.151747252402591,3.63640625,5.21641810470474
6.285078291391882,31.024962499999997,129.99621219999813
7.272628594550827,41.54059375,201.4062066272462
3.0856915297799237,7.4781625,15.383535123045236
4.509921172328107,15.97451875,48.029213552251555
2.528807918105647,5.02251875,8.467323455889382
7.358257578908336,42.524562499999995,208.60445620359081
2.0239077551471385,3.2171499999999997,4.340809889647745
3.425347552504349,9.215081249999999,21.043237337210805
3.267456616016107,8.385125,18.265354771581368
3.3659949626857504,8.8985,19.968204116972768
2.0131135034881087,3.182925,4.271726198726592
2.9187719812155017,6.690987499999999,13.019644561108773
2.8546153119590207,6.400074999999999,12.179834728457422
4.407298479661156,15.255793749999999,44.824557733599434
2.1441394009387964,3.6107375,5.161283026798166
3.5117210064942155,9.685675,22.675592239717233
2.450036709093717,4.71449375,7.700455168195265
2.1869006425046074,3.75619375,5.476281683497861
3.016060367204973,7.14446875,14.365432694406303
2.3292251105487503,4.2610125,6.616571540908072
4.4966157570124095,15.8804,47.60537124510659
2.883095717642843,6.528418749999999,12.548037427402825
2.8603340795849035,6.42574375,12.253182556536464
2.1365044589455597,3.58506875,5.106343580000922
2.296251605039368,4.1412249999999995,6.339529702052771
2.50282632566028,4.91984375,8.20900963709013
4.518367854833845,16.0344125,48.29958267409732
4.616163867506905,16.736024999999998,51.50415592712817
4.560366600012351,16.33388125,49.65899100071199
2.0022610605282236,3.1487,4.203012934190144
3.048395470408674,7.29848125,14.832438122241756
2.987024212314047,7.00756875,13.954518350470188
2.489733857521782,4.868506249999999,8.080856564120932
8.402031298327133,55.4445,310.5642828800657
3.452275554612699,9.3605375,21.543436526190312
3.6961157235290747,10.7295375,26.438408173296555
3.053751367019267,7.3241499999999995,14.910755383169443
2.611463491034249,5.3562125,9.325035595980852
7.541053876032318,44.663624999999996,224.5405349492693
2.045325364870306,3.2855999999999996,4.480080679211918
3.23899244951552,8.23966875,17.792149911839324
2.2385959200209644,3.935875,5.873889144475008
2.181913405357276,3.73908125,5.4389010020633615
3.016060367204973,7.14446875,14.365432694406303
3.46487514231228,9.4289875,21.78017627061547
3.3740765948773377,8.94128125,20.112378529227062
3.797876031618683,11.328475,28.682762451527637
5.2593023981257785,21.72431875,76.16984113301588
3.44753883769458,9.33486875,21.454881706937638
2.416457642518728,4.58615,7.3881581448248435
5.739680069867315,25.8741,99.00603739716927
3.215362173387873,8.119881249999999,17.405572682434293
3.0697629899169425,7.40115625,15.146530359228313
2.9038038211097428,6.6225375,12.820366465295043
6.2859448999160135,31.03351875,130.04999260867368
2.9429328746063828,6.80221875,13.345648786425956
2.916905161720899,6.68243125,12.994678803980026
2.928088225720302,6.733768749999999,13.14471266106554
2.7772400589587654,6.057824999999999,11.21602284010792
2.74766264436988,5.929481249999999,10.861476087411079
6.810823417844434,36.4325125,165.42360620394004
2.907553085190505,6.63965,12.870089894723424
5.221883961192982,21.416293749999998,74.55560056088166
3.559480756928824,9.95091875,23.613402536258146
2.2627976603490003,4.0214375,6.06646624415982
2.679412007924111,5.63856875,10.072032544170428
5.77563028828096,26.1992375,100.87807308991087
3.0892200518358752,7.4952749999999995,15.436369216016095
2.9577030194521066,6.87066875,13.547598471686815
2.1108552163869168,3.49950625,4.924634015060745
3.9303833148790788,12.1327625,31.79093819559372
2.7157583680422377,5.79258125,10.487500668168039
2.031965813912392,3.2428187499999996,4.392864560476078
2.8546153119590207,6.400074999999999,12.179834728457422
2.3315625171685785,4.2695687499999995,6.636510974649534
6.475461827893843,32.93300625,142.17094989977625
3.019670255232163,7.161581249999999,14.417075920702247
2.2385959200209644,3.935875,5.873889144475008
2.097913002313169,3.456725,4.834605548613991
2.8527065084610888,6.3915187499999995,12.155418091384053
2.0131135034881087,3.182925,4.271726198726592
3.596020439243632,10.156268749999999,24.34810000763425
3.217055806464697,8.1284375,17.433091371240252
3.0376553472835393,7.247143749999999,14.67621664314665
3.537991672825366,9.83113125,23.188306997968816
4.050505982848093,12.885712499999999,34.79577038300697
3.9676258908767017,12.363781249999999,32.70323906442393
3.201780857462994,8.05143125,17.18594563428623
2.866041436266883,6.4514125,12.326677031633416
3.169291986860519,7.888862499999999,16.668072471129623
3.0803911682433527,7.4524937499999995,15.304397285925857
3.0768525212759816,7.43538125,15.251714363807107
3.0821589681984745,7.461049999999999,15.330761446451483
3.81504812837261,11.431149999999999,29.07359160843103
5.927364729052428,27.59390625,109.03943109535291
3.003391590792335,7.084575,14.185168652891734
2.7536035435097777,5.95515,10.932081428088166
3.092744548192451,7.5123875,15.48926365635608
3.8079024990834727,11.38836875,28.910531882406083
5.676699130482945,25.3093875,95.78251867620392
3.482125136495612,9.52310625,22.10709843376231
2.2627976603490003,4.0214375,6.06646624415982
2.2042671142966195,3.8160874999999996,5.607784121018934
2.530961011657125,5.0310749999999995,8.48896978114858
2.9056790578703255,6.63109375,12.845220160099865
3.721084800330105,10.87499375,26.977849297873256
7.536718690922077,44.6122875,224.15350736402624
2.779200694613458,6.06638125,11.239793989193375
2.171904575495715,3.7048562499999997,5.364396160619264
3.0124461533636278,7.12735625,14.313851279309809
3.098023774592127,7.5380562499999995,15.568718317808514
4.402352015162461,15.22156875,44.6738025736643
2.924365289407701,6.71665625,13.094637598922194
3.6096274602997083,10.233274999999999,24.625540299198995
4.684103958202192,17.232287499999998,53.81188405841877
3.7892608007916047,11.2771375,28.488010049258023
5.109050540728483,20.500775,69.82633039940198
3.8321432765562196,11.533825,29.46617995115069
3.6531275534717222,10.48140625,25.526609314003814
2.0585982190449528,3.32838125,4.567866475701742
2.2843600097998285,4.0984437499999995,6.241547336609362
2.2603891469891355,4.0128812499999995,6.047115483770798
2.50282632566028,4.91984375,8.20900963709013
5.029535753374722,19.8676125,66.6165782686297
4.438088978962629,15.4697,45.770603385238786
2.72776620125686,5.843918749999999,10.627229366094156
2.911297520850472,6.6567625,12.919877442093592
2.60101341513872,5.31343125,9.213537307778198
2.010405884907704,3.1743687499999997,4.254513077244742
3.194968550048326,8.01720625,17.07648121866725
2.896290732656682,6.5883125,12.721112291730778
3.267456616016107,8.385125,18.265354771581368
2.291502372230191,4.1241125,6.300275718062787
2.1441394009387964,3.6107375,5.161283026798166
7.762446523617096,47.32461875,244.90321486496126
2.2214978285274163,3.8759812499999997,5.740322620191986
5.0284526187108485,19.85905625,66.57354893695903
2.2555644047814263,3.99576875,6.008475841491981
2.6301689998356665,5.43321875,9.52685568371726
2.108273129528813,3.4909499999999998,4.906584054352405
2.97972096370311,6.97334375,13.852412372655369
2.1390524675540097,3.593625,5.124634949142516
6.849104694051687,36.8432125,168.22867978512915
3.847747107913419,11.62794375,29.82759129002828
2.9888472361104363,7.016125,13.980083876303558
3.059097886491369,7.34981875,14.989210002813088
2.0399920432375636,3.2684875,4.445125662280955
2.713751896864708,5.784025,10.464272543508597
2.8698400349336577,6.468525,12.375754674646158
2.9429328746063828,6.80221875,13.345648786425956
2.8103848481327556,6.20328125,11.622405089137347
2.2555644047814263,3.99576875,6.008475841491981
4.620881460835677,16.77025,51.662224879053
3.0750816707573354,7.426825,15.225395619614899
2.9521728749706018,6.845,13.471748886115844
2.416457642518728,4.58615,7.3881581448248435
4.043776445083852,12.84293125,34.62262858305421
2.7928866056326758,6.126275,11.40666092661488
3.259110608474992,8.34234375,18.125747343446697
3.0733097998693664,7.418268749999999,15.199092031626448
2.7317570829831412,5.86103125,10.673942420515354
2.391533362444715,4.49203125,7.161895066346158
2.8239196315753485,6.2631749999999995,11.791135225661286
4.946541625168232,19.2173375,63.37290657910426
2.605198475633069,5.3305437499999995,9.258082967863588
3.7516995301056806,11.054675,27.649212668647337
4.553194328312857,16.28254375,49.42505723533731
3.064435077905858,7.375487499999999,15.067801741104113
4.887830171888753,18.76385625,61.143028479822235
2.8469724192293,6.36585,12.082266249967224
2.0373201468149107,3.2599312499999997,4.42768240857101
4.406062384144022,15.247237499999999,44.78685307390675
3.6843070169139995,10.661087499999999,26.185812989456085
2.298622541762896,4.14978125,6.359187149756672
5.281007383812203,21.904,77.116790490015
2.8527065084610888,6.3915187499999995,12.155418091384053
3.8773618710927056,11.807625,30.521623308774004
2.3127971213723777,4.20111875,6.477556901029015
2.996128238948319,7.05035,14.08250181964619
4.965226550626956,19.362793749999998,64.0937717478758
2.5905211843292046,5.27065,9.102486986789815
3.1658527107667243,7.87175,16.613867383985305
3.259110608474992,8.34234375,18.125747343446697
2.0559505031980736,3.319825,4.550263919519697
2.567287341155513,5.17653125,8.859762099480616
5.2302223041665865,21.48474375,74.91332397370245
2.0346447416596565,3.251375,4.410262031275778
2.8316247472105505,6.2974,11.887915788722479
2.9206376074726053,6.69954375,13.04462628610536
2.6569555874735418,5.544449999999999,9.820904937978451
5.859895839844428,26.9693,105.35819258234422
2.709734497331338,5.7669125,10.417867829560873
3.2423541447114976,8.25678125,17.84760593860912
4.154075453545606,13.553099999999999,37.53373335296597
2.045325364870306,3.2855999999999996,4.480080679211918
2.8219900654931465,6.25461875,11.766981317298107
4.679450103145333,17.1980625,53.65165022634991
2.62187191607027,5.39899375,9.436980058775939
2.4388950565027536,4.6717125,7.595877681101414
2.8679413645075416,6.45996875,12.35120772770072
2.7889831982665525,6.1091625,11.358901045320057
3.0070166875744797,7.1016875,14.236595214959394
2.066521012479421,3.35405,4.620809867937733
3.0070166875744797,7.1016875,14.236595214959394
2.6733062377221195,5.6129,10.00333372114032
2.0212145965953465,3.20859375,4.323504348029735
4.190629933277342,13.792675,38.53333114331071
2.5905211843292046,5.27065,9.102486986789815
4.706146922109807,17.39485625,54.57516613432003
2.118582595064865,3.525175,4.978916266371856
2.6895574891571137,5.68135,10.18687829401518
2.837389852765942,6.32306875,11.960674073060948
2.2843600097998285,4.0984437499999995,6.241547336609362
3.1120579292126247,7.60650625,15.781258725945255
3.2574388409331014,8.3337875,18.09786872972184
4.9089584180826185,18.926425,61.93935555197289
8.359785272811564,54.88834375,305.9031784868457
2.911297520850472,6.6567625,12.919877442093592
4.8554045423055605,18.515725,59.93422351272041
4.197124017342502,13.83545625,38.712750478510955
2.72776620125686,5.843918749999999,10.627229366094156
3.596020439243632,10.156268749999999,24.34810000763425
6.1925300651941635,30.118,124.3377470023452
4.165860088438148,13.630106249999999,37.854077085364224
2.73773249752281,5.886699999999999,10.744139928778349
6.004062101861084,28.31263125,113.32719752806186
3.193263202422134,8.00865,17.04915156405202
3.3659949626857504,8.8985,19.968204116972768
2.0506448156351045,3.3027124999999997,4.51512684377217
5.512150277214113,23.86338125,87.69236238163572
2.3175027154973598,4.21823125,6.517174917647214
2.929947919922214,6.742325,13.169774072793027
2.972399770911247,6.93911875,13.750556655217297
3.016060367204973,7.14446875,14.365432694406303
2.9094259054073643,6.648206249999999,12.894975658827429
3.551821008957714,9.908137499999999,23.461287288094507
2.974231758617319,6.947674999999999,13.775997089034382
4.000439344680345,12.56913125,33.521364787300826
3.245712358086759,8.27389375,17.903119462581202
3.9317689603707,12.14131875,31.824573466144518
2.7157583680422377,5.79258125,10.487500668168039
2.729762371448094,5.852475,10.650577356560458
3.7313176201216405,10.9348875,27.20102560186525
2.6528521787121107,5.5273375,9.775472886234766
2.8026213392457446,6.16905625,11.526352459504889
2.7397214062468325,5.89525625,10.767573162290283
4.235879447363023,14.09214375,39.795081386606846
2.8887581042126773,6.5540875,12.622115587562671
6.25815390490132,30.759718749999998,128.33270267265252
5.480436815733134,23.58958125,86.18747303348533
2.1968411511999735,3.7904187499999997,5.551298593519976
4.142257291750281,13.476093749999999,37.21429840016525
4.1052721112160695,13.23651875,36.226340849309054
3.2574388409331014,8.3337875,18.09786872972184
2.2385959200209644,3.935875,5.873889144475008
3.3901820639377838,9.02684375,20.401762516812592
4.154075453545606,13.553099999999999,37.53373335296597
2.862237796321168,6.4342999999999995,12.27766443524619
3.8983775365173563,11.935968749999999,31.020608301048767
2.928088225720302,6.733768749999999,13.14471266106554
2.729762371448094,5.852475,10.650577356560458
4.260242206005502,14.2547125,40.4856852179828
2.7575570323275067,5.972262499999999,10.979236303853904
2.2603891469891355,4.0128812499999995,6.047115483770798
4.430718773524416,15.418362499999999,45.54295212383656
2.7397214062468325,5.89525625,10.767573162290283
2.3033570937242436,4.16689375,6.398562851905141
2.7928866056326758,6.126275,11.40666092661488
2.827774813754789,6.2802875,11.83949254375935
2.045325364870306,3.2855999999999996,4.480080679211918
2.7948362649316416,6.1348312499999995,11.430565904490608
2.1968411511999735,3.7904187499999997,5.551298593519976
5.047913484203499,20.01306875,67.34949306894443
2.1744111020949703,3.7134125,5.382990244438828
2.89064310154489,6.562643749999999,12.646840589222792
6.329984615571099,31.4698875,132.80260248583548
2.915037146696313,6.673875,12.96972902493857
2.886871876062355,6.54553125,12.597406719674845
2.1744111020949703,3.7134125,5.382990244438828
6.60373423799935,34.250668749999996,150.7882092658329
3.4189807299879553,9.18085625,20.926113735692986
2.4962886749841684,4.894175,8.144849083927095
6.954858157763007,37.98975,176.1422151325848
2.6956264494630995,5.70701875,10.255993793387887
3.6665226474994057,10.5584125,25.80843903526054
3.0430301471467875,7.2728125,14.754258461363992
2.9410813910166356,6.7936625,13.320476237065035
3.4914983032134534,9.57444375,22.2861027382251
3.4459584851762006,9.3263125,21.42539046318657
2.5180148346267974,4.9797375,8.359368598364908
2.0373201468149107,3.2599312499999997,4.42768240857101
2.669227964961913,5.5957875,9.95762165398954
2.338560719551536,4.2952375,6.696449132429825
5.248935144997046,21.63875625,75.72028544976632
2.3571210163813228,4.3636875,6.857159676780315
3.2774437710928424,8.4364625,18.433354313788893
2.3478592083955885,4.3294625,6.776645598685589
3.1190513266366313,7.64073125,15.887888627857642
3.3611366561420746,8.872831249999999,19.88186557209194
3.761849073949893,11.11456875,27.87422010635995
3.3220144311472457,8.66748125,19.19566519613211
3.0142538019831635,7.1359125,14.33963425582945
4.8057892600318315,18.13925,58.11560855668826
2.2676070125553482,4.03855,6.105229533703601
7.21548133039825,40.89031875,196.695554356439
4.129086329021466,13.390531249999999,36.86043968180648
2.467758724580645,4.782943749999999,7.8687674454939796
2.948480349604336,6.8278875,13.421261415372717
4.283194889240292,14.408724999999999,41.143584853645876
3.044819638714064,7.2813687499999995,14.78030304447925
2.291502372230191,4.1241125,6.300275718062787
2.7036972053955304,5.74124375,10.348389788246372
2.963222843263738,6.8963375,13.623589876570895
2.961384045169655,6.88778125,13.598243666912465
2.010405884907704,3.1743687499999997,4.254513077244742
2.6301689998356665,5.43321875,9.52685568371726
5.247897293252843,21.6302,75.6753786883451
3.2271989397984226,8.179775,17.598507471859758
6.635004431694164,34.57580625,152.94041846543254
2.8603340795849035,6.42574375,12.253182556536464
2.368647349256474,4.40646875,6.9582470161793255
2.1769147426503643,3.72196875,5.401605762372631
2.7177633578820064,5.801137499999999,10.510745954356816
3.4301149139659235,9.24075,21.13122292748707
3.486814869444391,9.548775,22.196540436652583
2.6260237348484248,5.4161062499999995,9.481882375307265
3.796441517485688,11.31991875,28.65027301137646
2.916905161720899,6.68243125,12.994678803980026
3.6813489216824387,10.643975,26.12279059244322
2.765447054267618,6.0064874999999995,11.07374877558018
2.1056878764049,3.48239375,4.888556200162131
2.9687324039737817,6.92200625,13.699722836589356
2.6072884867799933,5.3391,9.280382639844706
4.287008388932552,14.43439375,41.253578063603726
2.987024212314047,7.00756875,13.954518350470188
5.6246447533933415,24.84735,93.17167787548534
4.0986324948518185,13.1937375,36.05085416402999
3.034066857729242,7.23003125,14.624265463981143
2.771349829509325,6.03215625,11.144810130007404
2.1134341485843597,3.5080625,4.9427060552454805
2.6322391843354946,5.441775,9.549368924891523
2.0022610605282236,3.1487,4.203012934190144
2.7057111328296375,5.7498,10.371531914362567
4.574677409038138,16.43655625,50.12796170617307
2.646685137022096,5.501668749999999,9.707456606295954
3.485252326292009,9.54021875,22.166713061181422
6.839554462084878,36.740537499999995,167.52593813168113
2.5566567060878826,5.13375,8.75015757658578
6.947805739361953,37.91274375,175.60691908080602
2.827774813754789,6.2802875,11.83949254375935
2.8316247472105505,6.2974,11.887915788722479
5.269649255261489,21.80988125,76.620282990936
5.181042368658409,21.0826,72.81989589431852
2.6753430427701486,5.62145625,10.026215912449514
4.398638516386754,15.1959,44.56084735410765
4.92114910004414,19.020543749999998,62.401954505108456
3.359515659348425,8.864275,19.853113780847174
2.010405884907704,3.1743687499999997,4.254513077244742
3.294021741158014,8.522025,18.71449041912808
5.482424281552132,23.606693749999998,86.28127401477661
3.4396298141136206,9.2920875,21.307560800235
2.8181269698210425,6.23750625,11.718723058368205
3.8576439568003895,11.687837499999999,30.058343799959985
2.985200075220372,6.9990125,13.928968427645552
4.134359749215172,13.42475625,37.00184792201655
2.530961011657125,5.0310749999999995,8.48896978114858
3.289057123805811,8.49635625,18.630000700303018
2.0426604446963794,3.27704375,4.462591762442995
2.1943602456640945,3.7818625,5.532512483045218
2.8507964268887416,6.3829625,12.131017791976552
2.2361613397248123,3.92731875,5.854745571684249
2.8123223766966707,6.2118375,11.646459734435668
3.6321925527110106,10.36161875,25.09026297185385
2.375536304227667,4.4321375,7.0191356910525675
2.8103848481327556,6.20328125,11.622405089137347
3.129512120654204,7.69206875,16.048281590686955
3.2824259535043883,8.462131249999999,18.517546157973683
2.498469792634855,4.9027312499999995,8.166217286354616
2.3127971213723777,4.20111875,6.477556901029015
5.833810323441798,26.729725,103.95743043184021
3.802176326672343,11.354143749999999,28.780304383923163
2.7117439410612056,5.77546875,10.441061593067223
4.199718839239425,13.85256875,38.784595967489565
4.696878283035071,17.326406249999998,54.2533474924454
3.3138058334002247,8.624699999999999,19.05372078088461
3.250743173337603,8.2995625,17.986497425709175
2.3617382999764818,4.3808,6.897535429691315
4.845297293949021,18.43871875,59.560716042174704
2.8142585713333896,6.2203937499999995,11.670530952004095
4.431947992239569,15.426918749999999,45.58086772033697
4.386237480950462,15.1103375,44.18501912820752
2.845058487974842,6.357293749999999,12.057915029324608
2.697646402125319,5.715574999999999,10.279066889884946
3.7878230239230013,11.268581249999999,28.455594337131352
2.189390000900183,3.76475,5.495004003925975
3.4742948474390283,9.480324999999999,21.958296199698268
3.0376553472835393,7.247143749999999,14.67621664314665
4.4613476379259795,15.63226875,46.493990175491085
2.010405884907704,3.1743687499999997,4.254513077244742
2.926227349634205,6.7252125,13.119667166401214
3.9621305615207305,12.32955625,32.56754108540928
2.0076946147800685,3.1658125,4.237323138435617
2.8239196315753485,6.2631749999999995,11.791135225661286
2.2867432759772823,4.107,6.261103089625798
3.267456616016107,8.385125,18.265354771581368
5.235427024634651,21.527525,75.13719077233205
2.405160443466083,4.54336875,7.285020531719961
4.590130436368255,16.5477875,50.637668705536115
3.7632967742436025,11.123125,27.906413621338906
2.6301689998356665,5.43321875,9.52685568371726
2.6855038960634254,5.6642375,10.140887916319038
4.232019875311144,14.066474999999999,39.68640118371155
4.2113757528098,13.929575,39.108449601297046
3.591473309366789,10.1306,24.255853005247456
2.9187719812155017,6.690987499999999,13.019644561108773
4.709617959033144,17.420524999999998,54.69601159719056
2.9336637716626264,6.7594375,13.219944607045194
3.0412396026274484,7.26425625,14.728229194089304
2.029283349622228,3.2342625,4.375490026371708
4.520778293978271,16.051524999999998,48.37692387016639
2.719766869660104,5.80969375,10.534008389414245
2.2067368821461666,3.82464375,5.626654949463213
2.582096702883109,5.236425,9.013970484929787
3.8548188784596973,11.670725,29.99235403687436
2.8335477523539025,6.3059562499999995,11.912152105753027
4.912286149852035,18.95209375,62.06540509254822
2.7772400589587654,6.057824999999999,11.21602284010792
2.0426604446963794,3.27704375,4.462591762442995
3.9813310297564484,12.449343749999999,33.043305714652995
5.401346996696893,22.9136375,82.50967139601752
2.0399920432375636,3.2684875,4.445125662280955
2.3478592083955885,4.3294625,6.776645598685589
2.60101341513872,5.31343125,9.213537307778198
5.335394010583936,22.35748125,79.52398103532845
5.638186480051915,24.9671375,93.84625139873141
3.41100548999203,9.138074999999999,20.780015995305934
3.030474118922932,7.21291875,14.572375729179296
6.535746713730908,33.54905625,146.17875608980722
2.2434571546708417,3.9529875,5.9122387261329346
5.981338297290877,28.098724999999998,112.04531996502972
2.5158506616144725,4.97118125,8.337833091211975
4.463788868006303,15.64938125,46.57035587662438
8.295684572942871,54.04983125,298.9202341805269
2.9410813910166356,6.7936625,13.320476237065035
3.553354279484109,9.91669375,23.491684116597202
2.8641402477085682,6.442856249999999,12.302162597217132
2.370945891620971,4.415025,6.9785235901025855
8.993231514024819,63.5216,380.8429699608527
3.8050404900364563,11.37125625,28.845393635886744
4.158007376293849,13.57876875,37.64041374899228
4.138310404439769,13.450425,37.10802248109118
3.5179199892651494,9.719899999999999,22.795887002438878
2.974231758617319,6.947674999999999,13.775997089034382
2.061242533839648,3.3369375,4.585491671843028
2.097913002313169,3.456725,4.834605548613991
3.1778738925972974,7.931643749999999,16.803842399005013
2.6855038960634254,5.6642375,10.140887916319038
2.7337503390549767,5.8695875,10.697324545491899
4.292087784539902,14.46861875,41.40038786402666
3.8420803197014917,11.593718749999999,29.69599909435278
4.090650729740612,13.142399999999999,35.84064543369534
2.9187719812155017,6.690987499999999,13.019644561108773
3.8179026354149785,11.4482625,29.138901046448318
2.9650605010175877,6.904893749999999,13.64895181456547
3.3724618177593064,8.932725,20.08351599402933
3.0412396026274484,7.26425625,14.728229194089304
2.974231758617319,6.947674999999999,13.775997089034382
2.469965035906082,4.7915,7.88989164636266
2.4875450800810937,4.8599499999999995,8.059563141293408
2.8142585713333896,6.2203937499999995,11.670530952004095
2.8469724192293,6.36585,12.082266249967224
2.340888804468089,4.30379375,6.71646840407649
4.475975046476845,15.73494375,46.95281038847785
3.1485999789942536,7.7861875,16.34372653263021
5.777516208425355,26.21635,100.97692470050137
3.960755537859152,12.321,32.53364598797508
5.209351421617553,21.31361875,74.02008675675134
2.0506448156351045,3.3027124999999997,4.51512684377217
3.724011332280962,10.89210625,27.041551404938865
11.969049648510909,112.5146875,897.7959205827932
3.048395470408674,7.29848125,14.832438122241756
4.475975046476845,15.73494375,46.95281038847785
3.039448003295157,7.2557,14.702215251672442
2.8200591791463125,6.2460625,11.742843924431044
3.7371523658594366,10.9691125,27.328829820502214
3.5179199892651494,9.719899999999999,22.795887002438878
2.955860787557741,6.862112499999999,13.522299505706545
3.4836890822903843,9.5316625,22.13689905821777
3.370846267095218,8.92416875,20.05466727857687
4.485700153099906,15.80339375,47.25952384258206
4.695718416791177,17.31785,54.213164789484715
4.820501471625916,18.25048125,58.650981149004124
2.4478124356355675,4.7059375,7.679501555882501
2.0131135034881087,3.182925,4.271726198726592
4.125126839861782,13.3648625,36.754502006541486
5.376076216197139,22.69973125,81.35699019146128
2.9336637716626264,6.7594375,13.219944607045194
6.204832535234017,30.2377875,125.0802717823283
3.1503295039689507,7.794743749999999,16.370674141001718
2.729762371448094,5.852475,10.650577356560458
4.090650729740612,13.142399999999999,35.84064543369534
4.0839873424698805,13.09961875,35.665784777454064
5.2333457575976725,21.510412499999997,75.04761733403397
2.8297004352334847,6.28884375,11.863695930993586
3.994989152306667,12.534906249999999,33.38454299595402
4.422104675273893,15.35846875,45.27783764294865
2.8200591791463125,6.2460625,11.742843924431044
2.901927372564121,6.61398125,12.795528820667238
2.0691552022198847,3.36260625,4.638502810136398
5.521036866502829,23.9403875,88.11717465724232
3.2774437710928424,8.4364625,18.433354313788893
4.973995169467696,19.43124375,64.43394169949957
3.6231833799631903,10.31028125,24.904026445164074
2.456697446465619,4.740162499999999,7.763430073054724
2.364043559968902,4.38935625,6.917752916814497
3.1451380758264547,7.769075,16.289875730967605
6.122645694127421,29.44205625,120.1755192835465
2.4299449527129227,4.6374875,7.51255956259618
3.4380458260885147,9.28353125,21.27813724361653
3.220440400569075,8.14555,17.488172203236957
5.261373397378372,21.741431249999998,76.25985866645382
3.4930580523657295,9.583,22.315983543880524
2.087501459126698,3.4225,4.762982495907414
5.836610776594583,26.75539375,104.1072129955209
2.74766264436988,5.929481249999999,10.861476087411079
2.8297004352334847,6.28884375,11.863695930993586
8.359133666335433,54.8797875,305.8316528617229
3.019670255232163,7.161581249999999,14.417075920702247
5.152577783765934,20.85158125,71.62626287009354
2.8641402477085682,6.442856249999999,12.302162597217132
3.103294020150519,7.563725,15.64830837504199
2.8103848481327556,6.20328125,11.622405089137347
3.1606867795947604,7.846081249999999,16.532670185667556
3.0839257547971104,7.46960625,15.357140728378976
4.123806165315412,13.35630625,36.719212039727175
2.7634766606763312,5.99793125,11.05009534781081
3.0555345796483273,7.332706249999999,14.936891672852271
3.1329912902896573,7.709181249999999,16.10186514100955
3.4189807299879553,9.18085625,20.926113735692986
4.05722435864242,12.92849375,34.96919984203753
5.5857732112653515,24.5051,91.25328741291904
5.920008393944863,27.525456249999998,108.63395469810803
3.1864326850766362,7.974424999999999,16.939978976461504
3.0733097998693664,7.418268749999999,15.199092031626448
6.03031443979409,28.5607625,114.82025234351967
2.8812057825215924,6.5198624999999995,12.523377024163793
5.656512684072968,25.129706249999998,94.7643347667685
2.541699121021538,5.0738562499999995,8.597477313876423
3.422165621903512,9.19796875,20.984648298395204
3.3982061747219885,9.069625,20.54697045160861
3.326929868259095,8.69315,19.281000256171033
3.030474118922932,7.21291875,14.572375729179296
2.7157583680422377,5.79258125,10.487500668168039
2.161849407715686,3.67063125,5.290234662503457
3.0662120772305563,7.38404375,15.094029416699204
3.00520468579043,7.09313125,14.210874179617692
2.9943096480439215,7.04179375,14.056873976773588
9.903539021952003,77.03191875,508.59240885097404
3.0874562948826023,7.48671875,15.40994462180207
2.071786042700417,3.3711625,4.656218276783363
5.236467347948373,21.53608125,75.18199084559211
6.458616165047855,32.76188125,141.0642772257521
3.5333698659237065,9.805462499999999,23.09755047929662
3.2000791401716646,8.042875,17.15855767633878
6.523233306284911,33.4207125,145.34073659984827
3.059097886491369,7.34981875,14.989210002813088
2.296251605039368,4.1412249999999995,6.339529702052771
2.6384399919488617,5.46744375,9.6170148291539
2.7536035435097777,5.95515,10.932081428088166
7.505576588400431,44.24436875,221.38633217237037
2.0076946147800685,3.1658125,4.237323138435617
3.659086982479762,10.51563125,25.65173961295492
3.4443774075590525,9.31775625,21.39591274442811
7.190525967279623,40.6079625,194.66173922304472
2.0212145965953465,3.20859375,4.323504348029735
2.7036972053955304,5.74124375,10.348389788246372
4.3375346870040925,14.77664375,42.72946988208482
2.896290732656682,6.5883125,12.721112291730778
2.924365289407701,6.71665625,13.094637598922194
3.059097886491369,7.34981875,14.989210002813088
3.295674951671708,8.53058125,18.742681965883552
3.131252188690047,7.700625,16.075065923687525
2.373242207792749,4.42358125,6.998819821400406
3.93868987570838,12.184099999999999,31.992927543078977
2.9038038211097428,6.6225375,12.820366465295043
3.2557662149738187,8.32523125,18.070004423729497
2.528807918105647,5.02251875,8.467323455889382
2.0373201468149107,3.2599312499999997,4.42768240857101
3.997715177292803,12.55201875,33.45293057502589
4.027579678610879,12.74025625,34.20826478186349
4.328735158216682,14.71675,42.46994209312357
4.859889905425845,18.54995,60.10047650076944
2.883095717642843,6.528418749999999,12.548037427402825
3.194968550048326,8.01720625,17.07648121866725
5.649767840725484,25.069812499999998,94.42574695701182
3.4173871709501005,9.1723,20.896866898737066
4.321178442838639,14.665412499999999,42.24790956689088
2.151747252402591,3.63640625,5.21641810470474
6.727133373152009,35.5426625,159.40015404961892
2.116009937655572,3.5166187499999997,4.960800147963944
2.2483078785062047,3.9701,5.950671405638324
3.5117210064942155,9.685675,22.675592239717233
2.611463491034249,5.3562125,9.325035595980852
2.862237796321168,6.4342999999999995,12.27766443524619
3.3302027956302838,8.710262499999999,19.337960352115743
2.8181269698210425,6.23750625,11.718723058368205
3.7005342734911637,10.755206249999999,26.533339564394243
4.3274766220196454,14.70819375,42.432909736840294
4.894512102789601,18.81519375,61.39412901713749
2.584205397969454,5.2449812499999995,9.036072572332381
4.161935584421985,13.6044375,37.74719502486324
2.6031067864354367,5.3219875,9.235801185716376
8.568297164805884,57.660568749999996,329.3685918278131
3.5163712680854204,9.71134375,22.76579342466728
3.742978016107941,11.003337499999999,27.456833577544067
4.793305195523884,18.04513125,57.66388091635695
3.0679880473054593,7.3926,15.120272292340227
8.774958323581782,60.475575,353.78043347976285
2.8181269698210425,6.23750625,11.718723058368205
3.5502870762543632,9.899581249999999,23.430903581470012
3.203481670787442,8.0599875,17.21334814868393
3.2641207737824516,8.368012499999999,18.209468957680816
3.136466600609695,7.72629375,16.155508195582957
7.294316773630202,41.788725,203.21346514407983
2.2361613397248123,3.92731875,5.854745571684249
2.4254575159144154,4.620375,7.471015513395376
2.7237694720754178,5.82680625,10.580584655632162
3.5117210064942155,9.685675,22.675592239717233
2.3268853559546496,4.25245625,6.596652116641882
2.181913405357276,3.73908125,5.4389010020633615
3.7863847010976777,11.260024999999999,28.42319092931825
2.015817485235409,3.19148125,4.288962471700639
6.241594454640055,30.59715,127.31666784519328
3.008827598119579,7.1102437499999995,14.262331749571496
2.116009937655572,3.5166187499999997,4.960800147963944
3.458581085993934,9.394762499999999,21.661698593270053
4.15013980561935,13.52743125,37.42715393226941
10.278692693056884,82.9785125,568.607086742986
6.531578241648121,33.506274999999995,145.89923783245223
2.4142024319084197,4.57759375,7.367491975692523
3.8773618710927056,11.807625,30.521623308774004
2.8565228399446654,6.40863125,12.204267692272085
3.3643763066831878,8.88994375,19.93941074683086
4.462568419899279,15.640825,46.53216780411408
3.094505291032602,7.52094375,15.51573348528905
2.4277022711527803,4.62893125,7.491777939090051
3.8164756487699485,11.439706249999999,29.106240221470927
2.725768569204774,5.8353625,10.603898461610793
2.926227349634205,6.7252125,13.119667166401214
2.929947919922214,6.742325,13.169774072793027
4.062591059875453,12.962718749999999,35.10815020361994
4.213961798956368,13.9466875,39.1805388979882
2.537409330418011,5.05674375,8.554019181855306
4.069289483319313,13.0055,35.28209625020622
3.021473581911402,7.1701375,14.442920689948176
3.2322585701951487,8.205443749999999,17.68141058879448
3.6066081143424005,10.2161625,24.56379637996037
6.189890640453167,30.092331249999997,124.17882636919425
2.480967161788268,4.83428125,7.995795354732492
2.2214978285274163,3.8759812499999997,5.740322620191986
2.65079809231917,5.51878125,9.752783206284535
2.896290732656682,6.5883125,12.721112291730778
4.413473764292333,15.298575,45.013239595705706
4.1079249529218185,13.25363125,36.29661501913292
3.7820664506513673,11.23435625,28.326054578527003
3.3966028690537273,9.06106875,20.517901408628717
2.9336637716626264,6.7594375,13.219944607045194
2.2938782177332855,4.13266875,6.319892551154697
2.181913405357276,3.73908125,5.4389010020633615
3.064435077905858,7.375487499999999,15.067801741104113
3.9234477468938787,12.08998125,31.622939796867826
4.15013980561935,13.52743125,37.42715393226941
2.9778923529364105,6.9647875,13.82692495738473
6.303252049686174,31.20464375,131.12715645127628
2.8200591791463125,6.2460625,11.742843924431044
9.510740037509063,71.04254375,450.4447768064095
2.879314606878036,6.51130625,12.4987327969875
4.428259312455903,15.40125,45.46715249064098
3.508617408003253,9.6685625,22.615524465244963
3.799310004118947,11.337031249999999,28.715264163422752
2.8565228399446654,6.40863125,12.204267692272085
4.471104560761785,15.70071875,46.79970347357538
5.404371549615225,22.939306249999998,82.64835604360711
3.7878230239230013,11.268581249999999,28.455594337131352
4.960836429034149,19.32856875,63.92391198406067
2.2483078785062047,3.9701,5.950671405638324
3.636688769682284,10.3872875,25.183554532474105
3.3513989148017105,8.82149375,19.70956305378671
4.184125769907838,13.74989375,38.3541898485798
3.179587494173755,7.9402,16.831040414158963
5.23438649455886,21.51896875,75.09239960122277
5.276879983897723,21.869775,76.9361186332312
2.0479868173492943,3.29415625,4.4975923828591915
3.4046118470887707,9.10385,20.663383709412734
2.9997621132237864,7.0674624999999995,14.133804162753243
3.0997815187191318,7.546612499999999,15.595233304289852
2.972399770911247,6.93911875,13.750556655217297
3.3334725095211213,8.727375,19.394976428521264
3.7005342734911637,10.755206249999999,26.533339564394243
2.937374922762681,6.776549999999999,13.270178688564963
3.215362173387873,8.119881249999999,17.405572682434293
2.1056878764049,3.48239375,4.888556200162131
6.3497457286117776,31.66668125,134.0502493376654
2.7811599480782414,6.0749375,11.263581908052371
4.274283491795049,14.34883125,40.887315025618605
2.7811599480782414,6.0749375,11.263581908052371
2.8006770994423777,6.1605,11.502380847409844
2.8026213392457446,6.16905625,11.526352459504889
3.139938064428885,7.74340625,16.20921068847435
3.27578135974009,8.42790625,18.405318796924668
5.641084049312164,24.992806249999997,93.99101378961622
2.719766869660104,5.80969375,10.534008389414245
4.0370356895303505,12.800149999999999,34.449774920894605
2.928088225720302,6.733768749999999,13.14471266106554
3.2221313644034044,8.15410625,17.515734331201884
3.452275554612699,9.3605375,21.543436526190312
3.8378247374617827,11.56805,29.59743230279652
2.992489951948757,7.033237499999999,14.031261698946132
2.537409330418011,5.05674375,8.554019181855306
8.544105475820404,57.33543125,326.5866480677661
2.3175027154973598,4.21823125,6.517174917647214
3.39178840473578,9.0354,20.43077663476644
2.5201771491812353,4.9882937499999995,8.380922614769048
3.3220144311472457,8.66748125,19.19566519613211
2.8507964268887416,6.3829625,12.131017791976552
2.976062618599029,6.95623125,13.801453192970259
3.2238214412908768,8.1626625,17.54331092368066
2.7177633578820064,5.801137499999999,10.510745954356816
2.8565228399446654,6.40863125,12.204267692272085
2.38925462599353,4.483474999999999,7.141442256184227
4.822760905296561,18.26759375,58.73349131422653
2.2067368821461666,3.82464375,5.626654949463213
3.4396298141136206,9.2920875,21.307560800235
3.548752480515387,9.891024999999999,23.400533002393132
3.267456616016107,8.385125,18.265354771581368
6.296334898576776,31.13619375,130.69593554464876
9.58945095242779,72.22330625,461.7212352710309
3.0697629899169425,7.40115625,15.146530359228313
2.128842134948089,3.5593999999999997,5.051600463422816
7.017234816006506,38.67425,180.9241957219597
3.3022795173175266,8.56480625,18.85558949944542
2.300991035479094,4.1583375,6.37886487333103
3.7820664506513673,11.23435625,28.326054578527003
2.0346447416596565,3.251375,4.410262031275778
7.0195631580987845,38.699918749999995,181.1043492526109
2.926227349634205,6.7252125,13.119667166401214
2.6239486466264217,5.40755,9.459422336043138
3.4126020290403645,9.14663125,20.809208241756004
5.543682320077522,24.137181249999998,89.20590996808777
2.8142585713333896,6.2203937499999995,11.670530952004095
2.3778281873504405,4.440693749999999,7.039471180093952
2.598918357678237,5.304875,9.19129134845889
3.480560487961665,9.51455,22.077311193823775
4.386237480950462,15.1103375,44.18501912820752
2.045325364870306,3.2855999999999996,4.480080679211918
6.4619888107947085,32.79610625,141.28538108342286
2.8565228399446654,6.40863125,12.204267692272085
5.324151907466004,22.2633625,79.02234928065472
4.110576082563976,13.27074375,36.36693457105691
2.73773249752281,5.886699999999999,10.744139928778349
4.68061400071417,17.20661875,53.69169375080063
5.002387030019631,19.65370625,65.54363015787717
5.54564711982735,24.154293749999997,89.3007930441008
3.8434978000373774,11.602274999999999,29.72887895861911
4.817110334047135,18.2248125,58.52728841988093
2.8546153119590207,6.400074999999999,12.179834728457422
2.2361613397248123,3.92731875,5.854745571684249
2.2042671142966195,3.8160874999999996,5.607784121018934
5.176835269005088,21.048375,72.64264670349665
4.678285916013709,17.18950625,53.611616661736406
2.901927372564121,6.61398125,12.795528820667238
2.416457642518728,4.58615,7.3881581448248435
2.34553804202646,4.32090625,6.756566656936595
3.0250770102425157,7.18725,14.494656494577011
3.1881416863714414,7.98298125,16.967250203097723
2.974231758617319,6.947674999999999,13.775997089034382
2.8679413645075416,6.45996875,12.35120772770072
3.0997815187191318,7.546612499999999,15.595233304289852
2.901927372564121,6.61398125,12.795528820667238
6.057352302650747,28.817449999999997,116.37163140934847
2.8565228399446654,6.40863125,12.204267692272085
2.713751896864708,5.784025,10.464272543508597
4.961934323576536,19.337125,63.96636283785993
2.7811599480782414,6.0749375,11.263581908052371
2.743694898409151,5.91236875,10.814490651259124
5.093032995170795,20.372431249999998,69.1716430320657
5.991347389447518,28.192843749999998,112.60874720177621
5.478448628903428,23.57246875,86.09370606887093
2.1134341485843597,3.5080625,4.9427060552454805
2.771349829509325,6.03215625,11.144810130007404
3.048395470408674,7.29848125,14.832438122241756
3.8661068056335957,11.739175,30.25660290668251
2.72776620125686,5.843918749999999,10.627229366094156
2.0426604446963794,3.27704375,4.462591762442995
3.697589160192557,10.738093749999999,26.470039367420963
2.8354694533224114,6.314512499999999,11.936404870915021
3.044819638714064,7.2813687499999995,14.78030304447925
2.937374922762681,6.776549999999999,13.270178688564963
2.8181269698210425,6.23750625,11.718723058368205
2.5395551315037483,5.0653,8.57573907173729
6.317063629214699,31.34154375,131.9910174043775
3.053751367019267,7.3241499999999995,14.910755383169443
2.189390000900183,3.76475,5.495004003925975
7.3211506475983645,42.09675,205.46443234952426
2.456697446465619,4.740162499999999,7.763430073054724
4.135677053613492,13.4333125,37.03722817351286
2.7317570829831412,5.86103125,10.673942420515354
3.1624096942932196,7.8546375,16.55972118343937
2.997945726673215,7.05890625,14.108145218116224
5.094102398436161,20.3809875,69.2152248708316
3.9497381158558875,12.25255,32.26290916762003
6.301523473745349,31.18753125,131.01930684002772
3.7034770447502514,10.77231875,26.59669013957181
3.0839257547971104,7.46960625,15.357140728378976
3.0750816707573354,7.426825,15.225395619614899
3.9621305615207305,12.32955625,32.56754108540928
2.907553085190505,6.63965,12.870089894723424
3.039448003295157,7.2557,14.702215251672442
2.491920712451529,4.8770625,8.102168706447088
11.345239152286494,101.09209374999999,764.609319999411
2.60101341513872,5.31343125,9.213537307778198
2.3315625171685785,4.2695687499999995,6.636510974649534
2.0239077551471385,3.2171499999999997,4.340809889647745
3.771971307706376,11.174462499999999,28.099834619360575
2.0426604446963794,3.27704375,4.462591762442995
4.417174791160144,15.324243749999999,45.12657545739558
4.338790305697929,14.7852,42.76658828520334
3.922059161556849,12.081425,31.58937573727464
4.007241661010689,12.611912499999999,33.69265413001431
7.417976895474117,43.21761875,213.7248649099393
2.8103848481327556,6.20328125,11.622405089137347
3.8675154800493097,11.74773125,30.289688309889346
4.1039450473019015,13.2279625,36.19122079184685
2.825847880097457,6.271731249999999,11.81530563823565
2.0022610605282236,3.1487,4.203012934190144
5.2302223041665865,21.48474375,74.91332397370245
2.8200591791463125,6.2460625,11.742843924431044
4.387479161790891,15.11889375,44.222554184970356
4.412239398790835,15.29001875,44.975482091333724
2.4655504389262153,4.7743875,7.847662130819225
2.8981708307012584,6.59686875,12.745901723476447
5.623676239438096,24.83879375,93.12355615211897
4.678285916013709,17.18950625,53.611616661736406
4.303494504805182,14.545625,41.73134483763792
2.8045642312220718,6.1776124999999995,11.550340701233573
3.903962607485078,11.97019375,31.15412586956772
3.1503295039689507,7.794743749999999,16.370674141001718
3.8745511698381585,11.7905125,30.455295999910945
2.8316247472105505,6.2974,11.887915788722479
3.032271020426169,7.221475,14.598312911488046
5.924607173783832,27.5682375,108.88731844071762
4.143572085400834,13.48465,37.24974621426691
4.5711039070666475,16.410887499999998,50.010581313120795
4.391202097685008,15.1445625,44.33522307901447
2.91316793384191,6.66531875,12.944795234223491
3.2657891208240604,8.376568749999999,18.23740472905653
6.396753034941143,32.137274999999995,137.0494742606587
3.830721594712985,11.525268749999999,29.433397256997146
2.2214978285274163,3.8759812499999997,5.740322620191986
3.039448003295157,7.2557,14.702215251672442
2.9997621132237864,7.0674624999999995,14.133804162753243
2.2361613397248123,3.92731875,5.854745571684249
2.8084459828808406,6.194725,11.598367027534342
7.496862680754462,44.141693749999995,220.61614435977827
3.0286761513253735,7.204362499999999,14.546453926168558
3.970370703305224,12.38089375,32.77115855048982
2.8812057825215924,6.5198624999999995,12.523377024163793
2.528807918105647,5.02251875,8.467323455889382
2.2603891469891355,4.0128812499999995,6.047115483770798
2.5481202658755295,5.099525,8.662801999225938
2.4277022711527803,4.62893125,7.491777939090051
2.181913405357276,3.73908125,5.4389010020633615
2.560914255591823,5.1508625,8.793944803228891
2.7036972053955304,5.74124375,10.348389788246372
4.159317191218854,13.587325,37.675996303451804
4.030283659901446,12.75736875,34.27720987764156
2.8603340795849035,6.42574375,12.253182556536464
3.1881416863714414,7.98298125,16.967250203097723
3.0997815187191318,7.546612499999999,15.595233304289852
2.7831178222722097,6.08349375,11.287386584871063
3.41100548999203,9.138074999999999,20.780015995305934
3.6291919800776657,10.34450625,25.028132746908863
3.0662120772305563,7.38404375,15.094029416699204
4.191929554934661,13.801231249999999,38.56919278090856
12.869916301746107,130.089225,1116.1582916726784
3.1606867795947604,7.846081249999999,16.532670185667556
3.548752480515387,9.891024999999999,23.400533002393132
3.8843797263754642,11.850406249999999,30.68765185787539
4.097303280451742,13.18518125,36.015790925983865
2.071786042700417,3.3711625,4.656218276783363
2.9429328746063828,6.80221875,13.345648786425956
3.9053576272213957,11.97875,31.187535118052196
2.771349829509325,6.03215625,11.144810130007404
3.576274454421478,10.0450375,23.949207336637198
4.3513265650103445,14.8707625,43.13836260547308
2.924365289407701,6.71665625,13.094637598922194
2.0265973347459454,3.22570625,4.358138459282225
6.490585542914737,33.08701875,143.16941703793256
2.7772400589587654,6.057824999999999,11.21602284010792
3.053751367019267,7.3241499999999995,14.910755383169443
2.894409413372328,6.57975625,12.69633895179694
2.707723562362465,5.758356249999999,10.394691265734776
2.1390524675540097,3.593625,5.124634949142516
4.435633604512468,15.4525875,45.694677594446205
2.550257054733938,5.10808125,8.684613495977766
2.223948461184896,3.8845375,5.759340797026682
2.0131135034881087,3.182925,4.271726198726592
3.1451380758264547,7.769075,16.289875730967605
3.280766066696093,8.453574999999999,18.48946800151361
2.6834748032946383,5.65568125,10.117918753227285
3.0519671124894843,7.31559375,14.884634355555741
6.117305400312232,29.390718749999998,119.86133501895527
2.7397214062468325,5.89525625,10.767573162290283
2.507175288671978,4.93695625,8.251876474169784
3.9455986511910837,12.22688125,32.161577445515704
4.041081492138671,12.82581875,34.553452514766754
2.8641402477085682,6.442856249999999,12.302162597217132
3.030474118922932,7.21291875,14.572375729179296
2.2555644047814263,3.99576875,6.008475841491981
4.828404863816839,18.310375,58.93993580554018
2.189390000900183,3.76475,5.495004003925975
2.071786042700417,3.3711625,4.656218276783363
3.1572381295993206,7.82896875,16.478612435294355
5.093032995170795,20.372431249999998,69.1716430320657
2.926227349634205,6.7252125,13.119667166401214
4.2049036792869705,13.886793749999999,38.92842008858286
3.370846267095218,8.92416875,20.05466727857687
3.6620630602246775,10.53274375,25.714381206458228
2.883095717642843,6.528418749999999,12.548037427402825
3.41100548999203,9.138074999999999,20.780015995305934
3.2119722281402594,8.10276875,17.35057879736184
3.2824259535043883,8.462131249999999,18.517546157973683
3.673943263565627,10.60119375,25.96545624237768
4.678285916013709,17.18950625,53.611616661736406
2.935519933677921,6.76799375,13.245053709421722
4.508713211633523,15.9659625,47.99063070679693
8.612682927766782,58.259506249999994,334.51376990633156
2.761504861166854,5.989375,11.026458785234148
3.713758380936291,10.832212499999999,26.8188133039719
5.058692726638959,20.09863125,67.78186647984897
5.127143266698025,20.64623125,70.57079035741857
3.576274454421478,10.0450375,23.949207336637198
6.0528543794771,28.77466875,116.11258650762689
2.2190444894813144,3.867425,5.721325423154848
3.6665226474994057,10.5584125,25.80843903526054
3.131252188690047,7.700625,16.075065923687525
2.9521728749706018,6.845,13.471748886115844
5.1536348312247435,20.8601375,71.6703541360916
2.118582595064865,3.525175,4.978916266371856
4.380023796741458,15.067556249999999,43.99750328916033
2.191876532083033,3.7733062499999996,5.51374761182482
8.453092230100493,56.12044375,316.26085800861125
5.918167881419752,27.508343749999998,108.53266430153582
2.079658595609427,3.39683125,4.7094995379314755
4.0518505491864865,12.89426875,34.83043327736375
3.280766066696093,8.453574999999999,18.48946800151361
4.376291351413607,15.0418875,43.88512145012429
4.126447091724634,13.373418749999999,36.789803271568786
2.272406186204278,4.0556624999999995,6.144075036104471
2.3080819337534524,4.1840062499999995,6.438019490891021
2.875528524232013,6.49419375,12.449492913342837
2.5158506616144725,4.97118125,8.337833091211975
2.9997621132237864,7.0674624999999995,14.133804162753243
5.7982208450023505,26.404587499999998,102.06641976412565
5.669978300403216,25.24949375,95.44272110577774
2.2017945760935342,3.80753125,5.58893443637109
2.3292251105487503,4.2610125,6.616571540908072
2.189390000900183,3.76475,5.495004003925975
2.6260237348484248,5.4161062499999995,9.481882375307265
3.599048667518576,10.17338125,24.409662821313976
3.565596707756663,9.985143749999999,23.735330454318007
2.771349829509325,6.03215625,11.144810130007404
4.78306672488943,17.968125,57.295160530769266
2.8200591791463125,6.2460625,11.742843924431044
4.258963429988099,14.246156249999999,40.44923899109759
2.985200075220372,6.9990125,13.928968427645552
5.556441099485392,24.2484125,89.82325054151687
2.7337503390549767,5.8695875,10.697324545491899
2.1943602456640945,3.7818625,5.532512483045218
2.407424124384527,4.551925,7.305609371592692
2.8488850646712613,6.37440625,12.106633841181429
2.1968411511999735,3.7904187499999997,5.551298593519976
3.9455986511910837,12.22688125,32.161577445515704
2.9429328746063828,6.80221875,13.345648786425956
2.2867432759772823,4.107,6.261103089625798
3.249067100437661,8.291006249999999,17.958690424265352
3.030474118922932,7.21291875,14.572375729179296
3.9799626396044103,12.440787499999999,33.00924630483837
4.715397342676513,17.46330625,54.89761859039742
2.3127971213723777,4.20111875,6.477556901029015
3.586920415109613,10.10493125,24.163722795936067
4.314871070562846,14.62263125,42.063179037422145
3.669492694683467,10.575524999999999,25.87120781996158
2.825847880097457,6.271731249999999,11.81530563823565
2.8006770994423777,6.1605,11.502380847409844
2.937374922762681,6.776549999999999,13.270178688564963
3.356271317056773,8.8471625,19.795651824060194
5.072671498200947,20.2098625,68.34532899087341
3.023275832940679,7.17869375,14.468780884304861
5.416452872179924,23.04198125,83.20387034818562
4.284466432949242,14.417281249999998,41.180238380008994
5.564278114804071,24.3168625,90.20385721963319
4.276831500064149,14.36594375,40.96048050543312
2.405160443466083,4.54336875,7.285020531719961
2.0691552022198847,3.36260625,4.638502810136398
5.308783400738279,22.13501875,78.34001341002036
2.279586002471368,4.08133125,6.202497059299313
2.1744111020949703,3.7134125,5.382990244438828
8.507048685788456,56.83916875,322.35571721066395
4.376291351413607,15.0418875,43.88512145012429
2.735742142844943,5.87814375,10.720723719050405
8.714537306288676,59.64561875,346.52264650236424
2.8142585713333896,6.2203937499999995,11.670530952004095
2.9000497098812397,6.605424999999999,12.770707236594857
4.0558815737773655,12.9199375,34.93449096040347
5.2145769735599865,21.3564,74.24306111875765
3.8434978000373774,11.602274999999999,29.72887895861911
3.0286761513253735,7.204362499999999,14.546453926168558
9.663576148920033,73.34417499999999,472.5113467948114
2.1568042446943068,3.65351875,5.253283165380156
2.199319258193377,3.798975,5.570105919263456
3.88718332091323,11.86751875,30.75414729708335
3.602074349992865,10.19049375,24.4712774337584
2.954017406781285,6.85355625,13.497016307236443
3.5179199892651494,9.719899999999999,22.795887002438878
3.3170917100958537,8.6418125,19.110456402635144
3.1778738925972974,7.931643749999999,16.803842399005013
2.0822761656770727,3.4053875,4.7273048174297525
2.4321855663311647,4.64604375,7.533360366195412
2.9778923529364105,6.9647875,13.82692495738473
2.2116681438980548,3.84175625,5.664459943164168
9.499851951469545,70.879975,448.8995125492416
4.431947992239569,15.426918749999999,45.58086772033697
3.1830119297318724,7.9573125,16.88548041073636
2.2361613397248123,3.92731875,5.854745571684249
4.618523266519893,16.753137499999998,51.58317022063794
3.428526530035434,9.23219375,21.10188080153488
5.681494855871914,25.35216875,96.02547755888111
3.053751367019267,7.3241499999999995,14.910755383169443
3.230572907201654,8.196887499999999,17.65376178725326
2.875528524232013,6.49419375,12.449492913342837
2.8297004352334847,6.28884375,11.863695930993586
2.9906691486454386,7.0246812499999995,14.005664995628715
2.9466323517107234,6.819331249999999,13.396041385521283
3.0412396026274484,7.26425625,14.728229194089304
4.88671562845347,18.7553,61.1012117508889
3.6426750926965488,10.4215125,25.308122674650498
4.058566699244456,12.93705,35.00392021097366
2.8603340795849035,6.42574375,12.253182556536464
2.654904675869217,5.53589375,9.798180134660118
2.9997621132237864,7.0674624999999995,14.133804162753243
3.2102759131404364,8.0942125,17.32310361639349
3.00520468579043,7.09313125,14.210874179617692
2.996128238948319,7.05035,14.08250181964619
3.4742948474390283,9.480324999999999,21.958296199698268
2.892526870465286,6.571199999999999,12.671581714134321
3.2607815189197926,8.3509,18.153640257564863
2.843143268311158,6.3487374999999995,12.033580190266404
2.257978064546162,4.004325,6.0277853422092065
3.9593800366758556,12.31244375,32.4997626576296
2.366346574212045,4.3979124999999994,6.93799011870622
2.961384045169655,6.88778125,13.598243666912465
3.5975348720078584,10.164824999999999,24.378874936904847
2.9206376074726053,6.69954375,13.04462628610536
2.915037146696313,6.673875,12.96972902493857
3.136466600609695,7.72629375,16.155508195582957
2.233724105932787,3.9187624999999997,5.8356228411169555
3.155512391219717,7.8204125,16.451605698799707
5.078037702492316,20.25264375,68.56245902509691
2.6177135123173256,5.38188125,9.392148846541506
2.954017406781285,6.85355625,13.497016307236443
4.352578205066437,14.87931875,43.17559899832425
3.4062113829285243,9.11240625,20.692521263079346
3.797876031618683,11.328475,28.682762451527637
2.3080819337534524,4.1840062499999995,6.438019490891021
2.6384399919488617,5.46744375,9.6170148291539
6.284211563360264,31.01640625,129.94243920675302
3.7400663252619015,10.986225,27.392806776166957
2.118582595064865,3.525175,4.978916266371856
4.314871070562846,14.62263125,42.063179037422145
6.885591207688291,37.236799999999995,170.93158845496487
3.65759803552799,10.507075,25.620437919430174
2.279586002471368,4.08133125,6.202497059299313
2.929947919922214,6.742325,13.169774072793027
2.9056790578703255,6.63109375,12.845220160099865
5.272749353140341,21.835549999999998,76.75558809197571
2.648742412993063,5.510225,9.730111108423133
2.159328299677013,3.6620749999999997,5.271748122026462
3.783506415086047,11.2429125,28.358421045334065
3.0015774005991376,7.076018749999999,14.159478644143839
3.1468695034697536,7.77763125,16.31679372657222
3.023275832940679,7.17869375,14.468780884304861
6.309298336016092,31.2645375,131.50486295004183
7.67635909906181,46.280756249999996,236.8451362340995
4.54121536957167,16.19698125,49.03598679544277
3.310516695286112,8.6075875,18.9970414165907
6.247700411125359,30.65704375,127.69068322717543
2.524496222014313,5.00540625,8.424086111847886
3.7676365374855663,11.14879375,28.00306845426048
2.489733857521782,4.868506249999999,8.080856564120932
3.6066081143424005,10.2161625,24.56379637996037
3.8236052564205942,11.4824875,29.26966637452251
6.6366461500000495,34.592918749999995,153.05397402630138
3.206880591288111,8.0771,17.2681968159288
2.370945891620971,4.415025,6.9785235901025855
2.72776620125686,5.843918749999999,10.627229366094156
5.717810920253952,25.677306249999997,97.87865471930337
2.526652989790877,5.0139625,8.445695560882895
4.018101414421596,12.6803625,33.967321664419046
4.101289631270209,13.210849999999999,36.12101475017736
3.880170536344093,11.8247375,30.5879986983354
3.039448003295157,7.2557,14.702215251672442
5.377089327713944,22.708287499999997,81.40299357793997
2.896290732656682,6.5883125,12.721112291730778
4.815979424221937,18.21625625,58.4860768575695
3.1190513266366313,7.64073125,15.887888627857642
2.2190444894813144,3.867425,5.721325423154848
4.229444870585177,14.049362499999999,39.61400277374449
2.2190444894813144,3.867425,5.721325423154848
4.143572085400834,13.48465,37.24974621426691
3.1537857085234147,7.81185625,16.424613732192878
4.398638516386754,15.1959,44.56084735410765
4.181521271821725,13.732781249999999,38.28261127876635
2.9056790578703255,6.63109375,12.845220160099865
4.649086492592521,16.9756,52.61402177576906
2.926227349634205,6.7252125,13.119667166401214
2.141597444620146,3.6021812499999997,5.1429481067057345
2.613548492157631,5.36476875,9.347388851557914
2.359430787652217,4.37224375,6.877337676579988
5.31493613612451,22.18635625,78.61271104137126
3.259110608474992,8.34234375,18.125747343446697
3.062657047539806,7.3669312499999995,15.041589274369151
3.021473581911402,7.1701375,14.442920689948176
5.935629708287615,27.6709125,109.49619352695136
4.177611480156293,13.7071125,38.17532702652921
2.8335477523539025,6.3059562499999995,11.912152105753027
2.250729320111086,3.97865625,5.969918851012149
3.289057123805811,8.49635625,18.630000700303018
3.0286761513253735,7.204362499999999,14.546453926168558
2.100507824581783,3.46528125,4.852566920001027
3.2840850013502747,8.4706875,18.545638513250168
2.8469724192293,6.36585,12.082266249967224
3.2221313644034044,8.15410625,17.515734331201884
8.269378229321523,53.70758125,296.08553542551124
3.6961157235290747,10.7295375,26.438408173296555
3.179587494173755,7.9402,16.831040414158963
2.963222843263738,6.8963375,13.623589876570895
4.798983796254104,18.087912499999998,57.86906599704135
5.143054580214612,20.774575,71.22984873717465
3.1120579292126247,7.60650625,15.781258725945255
3.4836890822903843,9.5316625,22.13689905821777
3.131252188690047,7.700625,16.075065923687525
3.1847227666894433,7.965868749999999,16.912722376389986
3.2874005852349537,8.4878,18.601865791571495
3.8321432765562196,11.533825,29.46617995115069
2.7948362649316416,6.1348312499999995,11.430565904490608
3.797876031618683,11.328475,28.682762451527637
3.5884386883691852,10.1134875,24.194419879558765
3.7791848757944284,11.21724375,28.26135861873305
2.1568042446943068,3.65351875,5.253283165380156
3.4680178868516265,9.4461,21.839495840659435
2.3983565813385725,4.5177,7.223370351675513
3.0679880473054593,7.3926,15.120272292340227
5.036029669253595,19.91895,66.87494878691926
2.9094259054073643,6.648206249999999,12.894975658827429
4.793305195523884,18.04513125,57.66388091635695
2.7516246689864814,5.94659375,10.908529372627218
2.450036709093717,4.71449375,7.700455168195265
2.634307741970522,5.45033125,9.571899872119248
7.277121107237819,41.591931249999995,201.77968052677278
3.131252188690047,7.700625,16.075065923687525
4.131723880442793,13.40764375,36.931121241563055
3.6426750926965488,10.4215125,25.308122674650498
2.9906691486454386,7.0246812499999995,14.005664995628715
3.110307122925408,7.59795,15.754638669754064
2.350178082253045,4.33801875,6.796744391101834
2.628097184626533,5.4246625,9.504360162532752
3.3901820639377838,9.02684375,20.401762516812592
3.551821008957714,9.908137499999999,23.461287288094507
3.348146707422601,8.80438125,19.652240062053856
2.825847880097457,6.271731249999999,11.81530563823565
5.875676974047749,27.11475625,106.21169930336151
7.262885283974133,41.429362499999996,200.59780481711985
4.089318920905138,13.133843749999999,35.80565050072447
3.802176326672343,11.354143749999999,28.780304383923163
3.8731450543246644,11.78195625,30.422150386638048
3.331838053669235,8.718818749999999,19.36646139619655
6.314476259198641,31.315875,131.82889948235484
6.724703781774452,35.51699375,159.22750812525638
6.899026520381204,37.38225625,171.93411817362397
2.8354694533224114,6.314512499999999,11.936404870915021
5.680536034692886,25.3436125,95.97686937036201
3.370846267095218,8.92416875,20.05466727857687
5.763356765011002,26.08800625,100.23632487105786
2.373242207792749,4.42358125,6.998819821400406
4.375046495364694,15.03333125,43.84768213264602
3.0519671124894843,7.31559375,14.884634355555741
3.0962650325970817,7.5295,15.54221837529315
2.875528524232013,6.49419375,12.449492913342837
5.95669922176395,27.867706249999998,110.6663627544809
3.97585464335443,12.41511875,32.907138353322765
2.1968411511999735,3.7904187499999997,5.551298593519976
3.0997815187191318,7.546612499999999,15.595233304289852
2.2555644047814263,3.99576875,6.008475841491981
5.220840731942498,21.4077375,74.51092527915523
2.8200591791463125,6.2460625,11.742843924431044
3.3966028690537273,9.06106875,20.517901408628717
3.1624096942932196,7.8546375,16.55972118343937
2.2891240608761145,4.11555625,6.280679223842714
3.0124461533636278,7.12735625,14.313851279309809
6.950941030920162,37.946968749999996,175.84476138894675
4.146200421907062,13.5017625,37.320675582659305
2.901927372564121,6.61398125,12.795528820667238
2.8123223766966707,6.2118375,11.646459734435668
2.4187107503671883,4.59470625,7.408843601102873
3.9840664000755335,12.46645625,33.11145964909108
2.2819742545695014,4.0898875,6.22201198605708
2.8679413645075416,6.45996875,12.35120772770072
4.428259312455903,15.40125,45.46715249064098
2.359430787652217,4.37224375,6.877337676579988
2.9318064344890074,6.75088125,13.194851391480794
2.9650605010175877,6.904893749999999,13.64895181456547
3.394998806216192,9.052512499999999,20.48884608717144
7.270381297202674,41.514925,201.21955618318114
3.0679880473054593,7.3926,15.120272292340227
3.103294020150519,7.563725,15.64830837504199
6.757026504816836,35.85924375,161.53457364095829
2.097913002313169,3.456725,4.834605548613991
3.8534055625997428,11.66216875,29.95937728881792
7.507753485025235,44.2700375,221.57901888188184
3.092744548192451,7.5123875,15.48926365635608
3.237310292845576,8.2311125,17.76444347854659
2.5223376100573645,4.996849999999999,8.402495124543426
2.370945891620971,4.415025,6.9785235901025855
5.9986162394236135,28.26129375,113.01910375724735
2.2092038889334833,3.8331999999999997,5.645546898039886
5.2145769735599865,21.3564,74.24306111875765
2.5863123737764364,5.2535375,9.058192694899017
3.997715177292803,12.55201875,33.45293057502589
4.8340422327699315,18.353156249999998,59.14662161141694
2.350178082253045,4.33801875,6.796744391101834
4.958639910693557,19.31145625,63.839038463241664
2.896290732656682,6.5883125,12.721112291730778
3.1983765174705714,8.034318749999999,17.13118428258234
5.651695760194914,25.086924999999997,94.5224451058852
3.1173044481312844,7.632174999999999,15.861208717610925
2.987024212314047,7.00756875,13.954518350470188
7.118961513857648,39.803675,188.90722029006517
2.223948461184896,3.8845375,5.759340797026682
3.4348756586775266,9.26641875,21.219330804992016
2.010405884907704,3.1743687499999997,4.254513077244742
5.207259732546433,21.29650625,73.93095962636562
2.291502372230191,4.1241125,6.300275718062787
2.769383635697071,6.0236,11.121106178656586
3.1260290788174525,7.674956249999999,15.99475761076783
4.957541286572243,19.302899999999998,63.796615800383556
2.9206376074726053,6.69954375,13.04462628610536
2.8698400349336577,6.468525,12.375754674646158
3.9813310297564484,12.449343749999999,33.043305714652995
3.7283968231025173,10.917774999999999,27.137198416898727
2.577874137992494,5.2193125,8.969820474567296
4.668961968696587,17.12105625,53.29170699677667
3.53491113965717,9.814018749999999,23.127789469452892
9.928807397096566,77.42550625,512.4952927859642
4.704989340756146,17.3863,54.53490411679238
4.406062384144022,15.247237499999999,44.78685307390675
3.0178658509746983,7.1530249999999995,14.391246585778863
7.232070399140745,41.07855625,198.0553404633753
3.537991672825366,9.83113125,23.188306997968816
2.079658595609427,3.39683125,4.7094995379314755
2.877422188266188,6.50275,12.474104756498635
2.901927372564121,6.61398125,12.795528820667238
7.099806979025582,39.58976875,187.38647764617258
4.749925975734772,17.71999375,56.1124390686552
2.862237796321168,6.4342999999999995,12.27766443524619
3.0178658509746983,7.1530249999999995,14.391246585778863
3.3302027956302838,8.710262499999999,19.337960352115743
4.242304264414054,14.134924999999999,39.97643506978187
4.659619364100247,17.05260625,52.97243619391792
2.3478592083955885,4.3294625,6.776645598685589
2.926227349634205,6.7252125,13.119667166401214
3.5732269255727878,10.027925,23.888034411749665
3.450697371419548,9.35198125,21.513904744626597
2.992489951948757,7.033237499999999,14.031261698946132
3.9676258908767017,12.363781249999999,32.70323906442393
3.8491625014164734,11.6365,29.860519631821866
2.354808979516572,4.3551312499999995,6.83700144964882
3.2221313644034044,8.15410625,17.515734331201884
2.963222843263738,6.8963375,13.623589876570895
2.883095717642843,6.528418749999999,12.548037427402825
3.196672987912987,8.025762499999999,17.103825460770004
2.3617382999764818,4.3808,6.897535429691315
2.924365289407701,6.71665625,13.094637598922194
2.233724105932787,3.9187624999999997,5.8356228411169555
2.5180148346267974,4.9797375,8.359368598364908
2.179415507108074,3.7305249999999996,5.420242689769564
2.079658595609427,3.39683125,4.7094995379314755
2.368647349256474,4.40646875,6.9582470161793255
2.409685678781207,4.56048125,7.326217570983477
2.079658595609427,3.39683125,4.7094995379314755
4.526798776462047,16.09430625,48.57045722700366
2.5136846253441054,4.962625,8.316316109232192
3.482125136495612,9.52310625,22.10709843376231
2.0506448156351045,3.3027124999999997,4.51512684377217
2.141597444620146,3.6021812499999997,5.1429481067057345
2.250729320111086,3.97865625,5.969918851012149
2.494105649927359,4.88561875,8.123499551844024
2.029283349622228,3.2342625,4.375490026371708
2.8507964268887416,6.3829625,12.131017791976552
2.530961011657125,5.0310749999999995,8.48896978114858
5.046834293708173,20.0045125,67.30630647594253
3.230572907201654,8.196887499999999,17.65376178725326
2.0822761656770727,3.4053875,4.7273048174297525
2.3960843339489126,4.50914375,7.202859132599101
2.0399920432375636,3.2684875,4.445125662280955
2.4411274551911886,4.68026875,7.616755028865561
3.770526938016159,11.165906249999999,28.067566868658663
2.4254575159144154,4.620375,7.471015513395376
2.3824053392039657,4.45780625,7.080200940757871
2.646685137022096,5.501668749999999,9.707456606295954
2.472169378188552,4.80005625,7.911034716555048
2.6031067864354367,5.3219875,9.235801185716376
2.911297520850472,6.6567625,12.919877442093592
2.3221987744478114,4.23534375,6.5568733770767995
2.045325364870306,3.2855999999999996,4.480080679211918
2.411945112637907,4.569037499999999,7.346845111722878
2.0927137055902736,3.4396125,4.798749480446416
2.010405884907704,3.1743687499999997,4.254513077244742
2.3478592083955885,4.3294625,6.776645598685589
2.3292251105487503,4.2610125,6.616571540908072
2.5905211843292046,5.27065,9.102486986789815
2.5136846253441054,4.962625,8.316316109232192
2.755580996937714,5.9637062499999995,10.95565040921245
2.2627976603490003,4.0214375,6.06646624415982
3.171010226068806,7.89741875,16.69519707719835
2.2092038889334833,3.8331999999999997,5.645546898039886
3.254092729273447,8.316675,18.042154432820162
2.6630988455877476,5.57011875,9.88918454194111
3.5194680289393094,9.728456249999999,22.825993828539865
3.4961754631177113,9.6001125,22.375785177113084
2.922502042777378,6.7081,13.069623968769953
3.0555345796483273,7.332706249999999,14.936891672852271
3.5548868886903664,9.92525,23.522094061316036
2.8717374500400727,6.4770812499999995,12.400317861718246
3.00520468579043,7.09313125,14.210874179617692
2.2190444894813144,3.867425,5.721325423154848
2.2165884350602267,3.8588687499999996,5.702349229110207
2.461127923367652,4.757275,7.80550822775923
2.494105649927359,4.88561875,8.123499551844024
3.217055806464697,8.1284375,17.433091371240252
2.226396396390658,3.89309375,5.778379930540662
2.575760259705065,5.21075625,8.947772581173192
2.450036709093717,4.71449375,7.700455168195265
3.247390162467662,8.282449999999999,17.93089776742019
2.0185178447651753,3.2000374999999996,4.306221865111826
2.8393089533253995,6.331625,11.984959701065957
2.343214576332837,4.3123499999999995,6.73650758549927
2.9466323517107234,6.819331249999999,13.396041385521283
2.0346447416596565,3.251375,4.410262031275778
2.1492142941939174,3.62785,5.1980180514609335
2.116009937655572,3.5166187499999997,4.960800147963944
3.2574388409331014,8.3337875,18.09786872972184
2.029283349622228,3.2342625,4.375490026371708
2.0426604446963794,3.27704375,4.462591762442995
2.0346447416596565,3.251375,4.410262031275778
5.083398242043076,20.295424999999998,68.77981851101138
2.2141296562279513,3.8503125,5.683394061330122
2.2042671142966195,3.8160874999999996,5.607784121018934
2.045325364870306,3.2855999999999996,4.480080679211918
2.2819742545695014,4.0898875,6.22201198605708
2.0585982190449528,3.32838125,4.567866475701742
2.7456794881069135,5.9209249999999995,10.837974882079617
2.5863123737764364,5.2535375,9.058192694899017
3.1242861017771166,7.666399999999999,15.968017980442722
2.370945891620971,4.415025,6.9785235901025855
2.3315625171685785,4.2695687499999995,6.636510974649534
2.1390524675540097,3.593625,5.124634949142516
2.9778923529364105,6.9647875,13.82692495738473
2.420961761324711,4.6032625,7.429548326559994
2.7516246689864814,5.94659375,10.908529372627218
2.0927137055902736,3.4396125,4.798749480446416
3.401410518833022,9.0867375,20.60514967624965
2.9187719812155017,6.690987499999999,13.019644561108773
2.116009937655572,3.5166187499999997,4.960800147963944
7.973599787278041,49.934275,265.43728301192215
2.2555644047814263,3.99576875,6.008475841491981
2.7496443702996074,5.9380375,10.88499425500197
2.6712678796386844,5.60434375,9.98046896388587
2.886871876062355,6.54553125,12.597406719674845
2.646685137022096,5.501668749999999,9.707456606295954
2.3938099297021815,4.5005875,7.182367364662343
2.4411274551911886,4.68026875,7.616755028865561
2.079658595609427,3.39683125,4.7094995379314755
4.106598746284215,13.245075,36.26147225962692
3.2707890560622697,8.4022375,18.32129764095734
2.077037726772803,3.3882749999999997,4.691716669120746
2.087501459126698,3.4225,4.762982495907414
2.071786042700417,3.3711625,4.656218276783363
2.646685137022096,5.501668749999999,9.707456606295954
4.622060106808381,16.77880625,51.70176733866142
2.697646402125319,5.715574999999999,10.279066889884946
2.7036972053955304,5.74124375,10.348389788246372
2.60101341513872,5.31343125,9.213537307778198
2.4962886749841684,4.894175,8.144849083927095
3.647158386815101,10.44718125,25.40168314300998
3.6843070169139995,10.661087499999999,26.185812989456085
3.394998806216192,9.052512499999999,20.48884608717144
2.350178082253045,4.33801875,6.796744391101834
2.0506448156351045,3.3027124999999997,4.51512684377217
2.0506448156351045,3.3027124999999997,4.51512684377217
2.146678347240876,3.6192937499999998,5.179639683619488
2.879314606878036,6.51130625,12.4987327969875
2.5587863663539365,5.14230625,8.772042082744425
2.0212145965953465,3.20859375,4.323504348029735
2.0131135034881087,3.182925,4.271726198726592
2.38925462599353,4.483474999999999,7.141442256184227
2.875528524232013,6.49419375,12.449492913342837
2.584205397969454,5.2449812499999995,9.036072572332381
3.7254737361591563,10.9006625,27.073421233656678
2.6093768239083728,5.34765625,9.30270018731917
2.825847880097457,6.271731249999999,11.81530563823565
2.550257054733938,5.10808125,8.684613495977766
2.370945891620971,4.415025,6.9785235901025855
2.079658595609427,3.39683125,4.7094995379314755
2.569408190208785,5.1850875,8.881737526299462
2.3268853559546496,4.25245625,6.596652116641882
3.098023774592127,7.5380562499999995,15.568718317808514
3.003391590792335,7.084575,14.185168652891734
2.151747252402591,3.63640625,5.21641810470474
2.489733857521782,4.868506249999999,8.080856564120932
2.765447054267618,6.0064874999999995,11.07374877558018
2.4411274551911886,4.68026875,7.616755028865561
2.4254575159144154,4.620375,7.471015513395376
3.2339433545525544,8.214,17.709073809529787
2.1390524675540097,3.593625,5.124634949142516
2.121152132207027,3.5337312499999998,4.997054383722734
2.456697446465619,4.740162499999999,7.763430073054724
2.472169378188552,4.80005625,7.911034716555048
2.9943096480439215,7.04179375,14.056873976773588
2.577874137992494,5.2193125,8.969820474567296
2.5523920547350993,5.1166374999999995,8.706443267973109
2.528807918105647,5.02251875,8.467323455889382
3.702005951526472,10.7637625,26.565008557211637
2.0185178447651753,3.2000374999999996,4.306221865111826
2.5799862843017562,5.22786875,8.99188644741984
2.8181269698210425,6.23750625,11.718723058368205
3.699062009946324,10.746649999999999,26.50168316612644
3.1830119297318724,7.9573125,16.88548041073636
2.045325364870306,3.2855999999999996,4.480080679211918
5.284100818061946,21.929668749999998,77.25238705446831
2.1313993035996277,3.56795625,5.069826311015959
2.681444175078526,5.647125,10.094966958126879
2.305720723995956,4.17545,6.41828106467261
4.106598746284215,13.245075,36.26147225962692
2.8527065084610888,6.3915187499999995,12.155418091384053
2.4187107503671883,4.59470625,7.408843601102873
2.100507824581783,3.46528125,4.852566920001027
2.8412267576327683,6.34018125,12.009261743827713
2.100507824581783,3.46528125,4.852566920001027
2.8887581042126773,6.5540875,12.622115587562671
2.045325364870306,3.2855999999999996,4.480080679211918
2.996128238948319,7.05035,14.08250181964619
2.1134341485843597,3.5080625,4.9427060552454805
3.81504812837261,11.431149999999999,29.07359160843103
3.545681296486591,9.8739125,23.339831249596767
2.1108552163869168,3.49950625,4.924634015060745
3.2741181043093106,8.41935,18.37729750767773
2.4875450800810937,4.8599499999999995,8.059563141293408
2.569408190208785,5.1850875,8.881737526299462
2.594723167925177,5.2877624999999995,9.146853243490636
3.1727275347384585,7.905975,16.72233638096925
2.066521012479421,3.35405,4.620809867937733
2.0638834606547753,3.3454937499999997,4.60313947889928
2.1769147426503643,3.72196875,5.401605762372631
2.5863123737764364,5.2535375,9.058192694899017
2.366346574212045,4.3979124999999994,6.93799011870622
2.769383635697071,6.0236,11.121106178656586
2.350178082253045,4.33801875,6.796744391101834
2.3080819337534524,4.1840062499999995,6.438019490891021
2.161849407715686,3.67063125,5.290234662503457
2.3846906206303164,4.4663625,7.100595174723314
2.9094259054073643,6.648206249999999,12.894975658827429
2.469965035906082,4.7915,7.88989164636266
2.765447054267618,6.0064874999999995,11.07374877558018
3.1434056944910393,7.760518749999999,16.262972553969654
2.0076946147800685,3.1658125,4.237323138435617
2.467758724580645,4.782943749999999,7.8687674454939796
2.409685678781207,4.56048125,7.326217570983477
2.253148159412148,3.9872124999999996,5.989187003706738
2.2458838261803367,3.9615437499999997,5.931444689887197
2.0373201468149107,3.2599312499999997,4.42768240857101
2.22884164303253,3.9016499999999996,5.797439997691914
2.3846906206303164,4.4663625,7.100595174723314
2.0076946147800685,3.1658125,4.237323138435617
2.837389852765942,6.32306875,11.960674073060948
2.3268853559546496,4.25245625,6.596652116641882
2.5395551315037483,5.0653,8.57573907173729
2.015817485235409,3.19148125,4.288962471700639
3.1207972273200273,7.6492875,15.91458348064916
2.411945112637907,4.569037499999999,7.346845111722878
3.1277710845691584,7.6835125,16.021512150283787
2.7889831982665525,6.1091625,11.358901045320057
4.838547398922725,18.38738125,59.31214381345867
4.579437740616467,16.470781249999998,50.284611515792044
2.0822761656770727,3.4053875,4.7273048174297525
2.0585982190449528,3.32838125,4.567866475701742
2.090109207125488,3.4310562499999997,4.780854838860301
2.0346447416596565,3.251375,4.410262031275778
2.2843600097998285,4.0984437499999995,6.241547336609362
2.498469792634855,4.9027312499999995,8.166217286354616
2.2676070125553482,4.03855,6.105229533703601
2.974231758617319,6.947674999999999,13.775997089034382
2.2676070125553482,4.03855,6.105229533703601
2.2141296562279513,3.8503125,5.683394061330122
2.0212145965953465,3.20859375,4.323504348029735
2.1262818909250245,3.55084375,5.033396508752869
2.2555644047814263,3.99576875,6.008475841491981
2.407424124384527,4.551925,7.305609371592692
2.8849844146797636,6.536975,12.572713996100829
4.35007456482186,14.86220625,43.101136923507646
2.7317570829831412,5.86103125,10.673942420515354
2.8065057781705867,6.186168749999999,11.57434556107554
2.1056878764049,3.48239375,4.888556200162131
2.8527065084610888,6.3915187499999995,12.155418091384053
2.644626260680142,5.4931125,9.68481971358023
2.1441394009387964,3.6107375,5.161283026798166
2.3938099297021815,4.5005875,7.182367364662343
2.4411274551911886,4.68026875,7.616755028865561
2.866041436266883,6.4514125,12.326677031633416
2.43442411771743,4.654599999999999,7.554180332218365
3.536451741665223,9.822574999999999,23.15804164425818
2.087501459126698,3.4225,4.762982495907414
3.2085787013310147,8.08565625,17.295642953355998
2.73773249752281,5.886699999999999,10.744139928778349
2.0426604446963794,3.27704375,4.462591762442995
2.0076946147800685,3.1658125,4.237323138435617
2.3846906206303164,4.4663625,7.100595174723314
6.365168153584557,31.82069375,135.0293776549781
2.3983565813385725,4.5177,7.223370351675513
2.1390524675540097,3.593625,5.124634949142516
2.108273129528813,3.4909499999999998,4.906584054352405
2.4787706432861216,4.825724999999999,7.9745769750479445
4.03838474075916,12.80870625,34.48432257924432
2.4254575159144154,4.620375,7.471015513395376
2.1668828240931584,3.6877437499999997,5.327272394354595
2.6301689998356665,5.43321875,9.52685568371726
2.0506448156351045,3.3027124999999997,4.51512684377217
2.8219900654931465,6.25461875,11.766981317298107
3.0962650325970817,7.5295,15.54221837529315
2.0559505031980736,3.319825,4.550263919519697
2.6072884867799933,5.3391,9.280382639844706
3.641179434619663,10.412956249999999,25.27696143406286
2.4962886749841684,4.894175,8.144849083927095
2.4299449527129227,4.6374875,7.51255956259618
2.7036972053955304,5.74124375,10.348389788246372
2.333897582868648,4.278125,6.656470397806621
2.2116681438980548,3.84175625,5.664459943164168
2.1313993035996277,3.56795625,5.069826311015959
3.335106164365339,8.73593125,19.4235054422312
3.3837490750980463,8.99261875,20.28584358534789
2.843143268311158,6.3487374999999995,12.033580190266404
2.5736446451717576,5.2021999999999995,8.925742782075009
2.2652036128206112,4.02999375,6.085837601429653
2.494105649927359,4.88561875,8.123499551844024
2.0185178447651753,3.2000374999999996,4.306221865111826
2.4028946300159157,4.5348125,7.264451069586032
2.843143268311158,6.3487374999999995,12.033580190266404
2.095314966638671,3.44816875,4.816666392913839
2.0506448156351045,3.3027124999999997,4.51512684377217
2.4388950565027536,4.6717125,7.595877681101414
2.5136846253441054,4.962625,8.316316109232192
2.0426604446963794,3.27704375,4.462591762442995
2.171904575495715,3.7048562499999997,5.364396160619264
2.6855038960634254,5.6642375,10.140887916319038
3.1847227666894433,7.965868749999999,16.912722376389986
2.2843600097998285,4.0984437499999995,6.241547336609362
2.380117863554854,4.44925,7.059826269614289
2.0076946147800685,3.1658125,4.237323138435617
2.3362303146682177,4.28668125,6.6764497903799
2.3778281873504405,4.440693749999999,7.039471180093952
4.562754851864988,16.35099375,49.73705071041773
3.201780857462994,8.05143125,17.18594563428623
2.340888804468089,4.30379375,6.71646840407649
2.6239486466264217,5.40755,9.459422336043138
2.159328299677013,3.6620749999999997,5.271748122026462
2.644626260680142,5.4931125,9.68481971358023
2.7516246689864814,5.94659375,10.908529372627218
2.535261713164489,5.0481875,8.532317659750372
2.5201771491812353,4.9882937499999995,8.380922614769048
2.189390000900183,3.76475,5.495004003925975
3.315449178819063,8.633256249999999,19.082081563064698
2.0585982190449528,3.32838125,4.567866475701742
2.1744111020949703,3.7134125,5.382990244438828
2.405160443466083,4.54336875,7.285020531719961
3.6276907630620068,10.33595,24.997086894980498
2.5093469437250118,4.9455124999999995,8.273337784685895
2.7948362649316416,6.1348312499999995,11.430565904490608
2.0532993731421074,3.31126875,4.532684032453365
5.523995886027369,23.966056249999998,88.25893075286699
2.1313993035996277,3.56795625,5.069826311015959
2.6093768239083728,5.34765625,9.30270018731917
2.22884164303253,3.9016499999999996,5.797439997691914
2.4254575159144154,4.620375,7.471015513395376
2.407424124384527,4.551925,7.305609371592692
2.029283349622228,3.2342625,4.375490026371708
3.044819638714064,7.2813687499999995,14.78030304447925
2.1869006425046074,3.75619375,5.476281683497861
2.494105649927359,4.88561875,8.123499551844024
3.8548188784596973,11.670725,29.99235403687436
2.1844084472306053,3.7476374999999997,5.457580674772125
2.1313993035996277,3.56795625,5.069826311015959
2.2042671142966195,3.8160874999999996,5.607784121018934
2.0506448156351045,3.3027124999999997,4.51512684377217
2.38925462599353,4.483474999999999,7.141442256184227
2.972399770911247,6.93911875,13.750556655217297
2.8812057825215924,6.5198624999999995,12.523377024163793
3.1606867795947604,7.846081249999999,16.532670185667556
2.071786042700417,3.3711625,4.656218276783363
2.8006770994423777,6.1605,11.502380847409844
2.452258965069026,4.72305,7.721427803312842
2.7117439410612056,5.77546875,10.441061593067223
2.3268853559546496,4.25245625,6.596652116641882
2.6569555874735418,5.544449999999999,9.820904937978451
2.4028946300159157,4.5348125,7.264451069586032
3.174443914379685,7.91453125,16.74949037448689
2.141597444620146,3.6021812499999997,5.1429481067057345
2.494105649927359,4.88561875,8.123499551844024
2.8393089533253995,6.331625,11.984959701065957
3.482125136495612,9.52310625,22.10709843376231
4.1026175541255565,13.219406249999999,36.15611209091139
2.1108552163869168,3.49950625,4.924634015060745
2.1365044589455597,3.58506875,5.106343580000922
2.3617382999764818,4.3808,6.897535429691315
2.116009937655572,3.5166187499999997,4.960800147963944
2.7317570829831412,5.86103125,10.673942420515354
2.3869737141361322,4.47491875,7.121008952763276
2.8679413645075416,6.45996875,12.35120772770072
2.450036709093717,4.71449375,7.700455168195265
2.0265973347459454,3.22570625,4.358138459282225
2.8297004352334847,6.28884375,11.863695930993586
2.0373201468149107,3.2599312499999997,4.42768240857101
3.155512391219717,7.8204125,16.451605698799707
2.7016817767103807,5.7326875,10.325264900216927
2.010405884907704,3.1743687499999997,4.254513077244742
3.94697895511688,12.2354375,32.19534287943193
3.0070166875744797,7.1016875,14.236595214959394
2.34553804202646,4.32090625,6.756566656936595
2.0426604446963794,3.27704375,4.462591762442995
4.849792004835699,18.47294375,59.72662326968638
2.6895574891571137,5.68135,10.18687829401518
2.279586002471368,4.08133125,6.202497059299313
2.181913405357276,3.73908125,5.4389010020633615
3.00520468579043,7.09313125,14.210874179617692
2.2141296562279513,3.8503125,5.683394061330122
3.9772244468897684,12.423675,32.94116262014216
2.100507824581783,3.46528125,4.852566920001027
2.9187719812155017,6.690987499999999,13.019644561108773
2.1313993035996277,3.56795625,5.069826311015959
2.50282632566028,4.91984375,8.20900963709013
2.0185178447651753,3.2000374999999996,4.306221865111826
2.877422188266188,6.50275,12.474104756498635
2.090109207125488,3.4310562499999997,4.780854838860301
2.4028946300159157,4.5348125,7.264451069586032
2.0691552022198847,3.36260625,4.638502810136398
2.8603340795849035,6.42574375,12.253182556536464
3.7892608007916047,11.2771375,28.488010049258023
2.452258965069026,4.72305,7.721427803312842
2.6405036919061016,5.476,9.639598811251876
2.161849407715686,3.67063125,5.290234662503457
2.029283349622228,3.2342625,4.375490026371708
2.7928866056326758,6.126275,11.40666092661488
2.079658595609427,3.39683125,4.7094995379314755
3.0874562948826023,7.48671875,15.40994462180207
2.498469792634855,4.9027312499999995,8.166217286354616
2.4455861391898446,4.697381249999999,7.658566983660178
3.6441701369182047,10.43006875,25.339296709835857
2.2312842099496395,3.91020625,5.81652097551426
2.1108552163869168,3.49950625,4.924634015060745
2.0822761656770727,3.4053875,4.7273048174297525
2.274801976206745,4.06421875,6.163528562824337
2.4765721766511173,4.8171687499999996,7.953377397655494
5.541716823713642,24.120068749999998,89.11106052066977
2.1262818909250245,3.55084375,5.033396508752869
2.375536304227667,4.4321375,7.0191356910525675
2.3983565813385725,4.5177,7.223370351675513
2.4142024319084197,4.57759375,7.367491975692523
2.090109207125488,3.4310562499999997,4.780854838860301
2.3245432462962605,4.2439,6.576752721971133
2.116009937655572,3.5166187499999997,4.960800147963944
2.253148159412148,3.9872124999999996,5.989187003706738
3.179587494173755,7.9402,16.831040414158963
2.0532993731421074,3.31126875,4.532684032453365
5.308783400738279,22.13501875,78.34001341002036
2.2017945760935342,3.80753125,5.58893443637109
4.984934252769476,19.51680625,64.8599973201936
2.5566567060878826,5.13375,8.75015757658578
5.569170649042885,24.35964375,90.44200866242728
2.0265973347459454,3.22570625,4.358138459282225
3.4742948474390283,9.480324999999999,21.958296199698268
3.213667647750611,8.111324999999999,17.37806848859382
2.498469792634855,4.9027312499999995,8.166217286354616
2.3846906206303164,4.4663625,7.100595174723314
2.0691552022198847,3.36260625,4.638502810136398
2.7456794881069135,5.9209249999999995,10.837974882079617
2.029283349622228,3.2342625,4.375490026371708
2.6177135123173256,5.38188125,9.392148846541506
2.6405036919061016,5.476,9.639598811251876
2.5481202658755295,5.099525,8.662801999225938
2.537409330418011,5.05674375,8.554019181855306
2.3315625171685785,4.2695687499999995,6.636510974649534
2.505001750952038,4.9284,8.230433752928015
2.0691552022198847,3.36260625,4.638502810136398
2.1237185604079127,3.5422875,5.015214473367296
3.4992900966646974,9.617225,22.435640133264098
2.2434571546708417,3.9529875,5.9122387261329346
2.031965813912392,3.2428187499999996,4.392864560476078
2.6773782983271666,5.630012499999999,10.049115524540449
2.9410813910166356,6.7936625,13.320476237065035
2.8335477523539025,6.3059562499999995,11.912152105753027
2.569408190208785,5.1850875,8.881737526299462
4.520778293978271,16.051524999999998,48.37692387016639
2.669227964961913,5.5957875,9.95762165398954
2.407424124384527,4.551925,7.305609371592692
2.2603891469891355,4.0128812499999995,6.047115483770798
2.1339534079355196,3.5765124999999998,5.088074025265988
4.371309800167333,15.007662499999999,43.73542810923585
2.0076946147800685,3.1658125,4.237323138435617
3.574751014755153,10.03648125,23.91861435533904
2.0131135034881087,3.182925,4.271726198726592
2.0346447416596565,3.251375,4.410262031275778
2.015817485235409,3.19148125,4.288962471700639
2.735742142844943,5.87814375,10.720723719050405
2.4787706432861216,4.825724999999999,7.9745769750479445
2.9206376074726053,6.69954375,13.04462628610536
2.0265973347459454,3.22570625,4.358138459282225
2.3983565813385725,4.5177,7.223370351675513
2.1365044589455597,3.58506875,5.106343580000922
2.9336637716626264,6.7594375,13.219944607045194
2.582096702883109,5.236425,9.013970484929787
2.095314966638671,3.44816875,4.816666392913839
2.097913002313169,3.456725,4.834605548613991
2.298622541762896,4.14978125,6.359187149756672
2.4853543750501683,4.85139375,8.038288454435692
2.1441394009387964,3.6107375,5.161283026798166
2.4388950565027536,4.6717125,7.595877681101414
2.550257054733938,5.10808125,8.684613495977766
2.5331122751238446,5.039631249999999,8.510634520981817
2.0479868173492943,3.29415625,4.4975923828591915
2.2385959200209644,3.935875,5.873889144475008
2.3245432462962605,4.2439,6.576752721971133
2.0822761656770727,3.4053875,4.7273048174297525
2.368647349256474,4.40646875,6.9582470161793255
2.411945112637907,4.569037499999999,7.346845111722878
5.397311622957117,22.879412499999997,82.3248793417869
2.305720723995956,4.17545,6.41828106467261
2.1056878764049,3.48239375,4.888556200162131
2.0532993731421074,3.31126875,4.532684032453365
2.366346574212045,4.3979124999999994,6.93799011870622
4.015389229560137,12.66325,33.898585107484934
2.5395551315037483,5.0653,8.57573907173729
3.201780857462994,8.05143125,17.18594563428623
2.257978064546162,4.004325,6.0277853422092065
2.5545252703642416,5.12519375,8.728291299925248
2.1365044589455597,3.58506875,5.106343580000922
2.171904575495715,3.7048562499999997,5.364396160619264
2.1492142941939174,3.62785,5.1980180514609335
2.8679413645075416,6.45996875,12.35120772770072
3.158962925209863,7.837524999999999,16.50563393360362
2.029283349622228,3.2342625,4.375490026371708
3.244033685950636,8.2653375,17.87535551716734
2.483161737327308,4.8428375,8.01703252006256
2.066521012479421,3.35405,4.620809867937733
2.4187107503671883,4.59470625,7.408843601102873
2.2867432759772823,4.107,6.261103089625798
2.0076946147800685,3.1658125,4.237323138435617
3.1242861017771166,7.666399999999999,15.968017980442722
2.9056790578703255,6.63109375,12.845220160099865
2.729762371448094,5.852475,10.650577356560458
2.8084459828808406,6.194725,11.598367027534342
2.2067368821461666,3.82464375,5.626654949463213
2.4655504389262153,4.7743875,7.847662130819225
2.6301689998356665,5.43321875,9.52685568371726
2.719766869660104,5.80969375,10.534008389414245
5.892340342235709,27.26876875,107.11791079248093
2.2017945760935342,3.80753125,5.58893443637109
2.2092038889334833,3.8331999999999997,5.645546898039886
2.494105649927359,4.88561875,8.123499551844024
2.528807918105647,5.02251875,8.467323455889382
2.151747252402591,3.63640625,5.21641810470474
2.0506448156351045,3.3027124999999997,4.51512684377217
2.079658595609427,3.39683125,4.7094995379314755
2.7057111328296375,5.7498,10.371531914362567
2.4254575159144154,4.620375,7.471015513395376
2.1056878764049,3.48239375,4.888556200162131
2.233724105932787,3.9187624999999997,5.8356228411169555
2.955860787557741,6.862112499999999,13.522299505706545
2.0848904494005085,3.41394375,4.745132479443704
2.2067368821461666,3.82464375,5.626654949463213
2.0022610605282236,3.1487,4.203012934190144
2.4321855663311647,4.64604375,7.533360366195412
2.00497967829159,3.1572562499999997,4.220156413606076
3.6441701369182047,10.43006875,25.339296709835857
2.1030994453386973,3.4738374999999997,4.870550479631178
4.154075453545606,13.553099999999999,37.53373335296597
2.719766869660104,5.80969375,10.534008389414245
2.550257054733938,5.10808125,8.684613495977766
2.2867432759772823,4.107,6.261103089625798
2.634307741970522,5.45033125,9.571899872119248
2.0076946147800685,3.1658125,4.237323138435617
3.9151088474624576,12.03864375,31.42173377138241
4.847545170337146,18.45583125,59.643650426996594
2.472169378188552,4.80005625,7.911034716555048
2.0638834606547753,3.3454937499999997,4.60313947889928
2.380117863554854,4.44925,7.059826269614289
3.0662120772305563,7.38404375,15.094029416699204
2.2771952456495144,4.072775,6.1830025777334665
2.3315625171685785,4.2695687499999995,6.636510974649534
2.354808979516572,4.3551312499999995,6.83700144964882
3.3692299417723217,8.9156125,20.025832389493047
2.0022610605282236,3.1487,4.203012934190144
2.713751896864708,5.784025,10.464272543508597
2.2555644047814263,3.99576875,6.008475841491981
2.090109207125488,3.4310562499999997,4.780854838860301
2.875528524232013,6.49419375,12.449492913342837
2.118582595064865,3.525175,4.978916266371856
2.0399920432375636,3.2684875,4.445125662280955
2.0532993731421074,3.31126875,4.532684032453365
2.0822761656770727,3.4053875,4.7273048174297525
2.164367579108341,3.6791875,5.308742761640446
2.333897582868648,4.278125,6.656470397806621
2.0822761656770727,3.4053875,4.7273048174297525
2.368647349256474,4.40646875,6.9582470161793255
2.090109207125488,3.4310562499999997,4.780854838860301
2.1668828240931584,3.6877437499999997,5.327272394354595
2.4743717566905366,4.8086125,7.932196639246047
2.494105649927359,4.88561875,8.123499551844024
2.837389852765942,6.32306875,11.960674073060948
2.0691552022198847,3.36260625,4.638502810136398
2.151747252402591,3.63640625,5.21641810470474
2.0506448156351045,3.3027124999999997,4.51512684377217
2.2385959200209644,3.935875,5.873889144475008
2.029283349622228,3.2342625,4.375490026371708
2.1869006425046074,3.75619375,5.476281683497861
2.4589136827724007,4.74871875,7.7844596733419005
2.077037726772803,3.3882749999999997,4.691716669120746
2.199319258193377,3.798975,5.570105919263456
2.3080819337534524,4.1840062499999995,6.438019490891021
2.526652989790877,5.0139625,8.445695560882895
2.274801976206745,4.06421875,6.163528562824337
2.233724105932787,3.9187624999999997,5.8356228411169555
2.569408190208785,5.1850875,8.881737526299462
2.2458838261803367,3.9615437499999997,5.931444689887197
2.3268853559546496,4.25245625,6.596652116641882
4.715397342676513,17.46330625,54.89761859039742
3.46487514231228,9.4289875,21.78017627061547
3.423756956852062,9.206525,21.01393601145495
2.1844084472306053,3.7476374999999997,5.457580674772125
2.0532993731421074,3.31126875,4.532684032453365
2.2141296562279513,3.8503125,5.683394061330122
2.530961011657125,5.0310749999999995,8.48896978114858
4.841923522649422,18.41305,59.43638661247995
2.0426604446963794,3.27704375,4.462591762442995
4.001800732960244,12.5776875,33.55559937096326
2.879314606878036,6.51130625,12.4987327969875
2.528807918105647,5.02251875,8.467323455889382
2.4254575159144154,4.620375,7.471015513395376
2.100507824581783,3.46528125,4.852566920001027
2.7516246689864814,5.94659375,10.908529372627218
2.146678347240876,3.6192937499999998,5.179639683619488
2.34553804202646,4.32090625,6.756566656936595
2.061242533839648,3.3369375,4.585491671843028
2.340888804468089,4.30379375,6.71646840407649
2.128842134948089,3.5593999999999997,5.051600463422816
2.4411274551911886,4.68026875,7.616755028865561
2.0506448156351045,3.3027124999999997,4.51512684377217
2.00497967829159,3.1572562499999997,4.220156413606076
2.713751896864708,5.784025,10.464272543508597
4.090650729740612,13.142399999999999,35.84064543369534
2.0927137055902736,3.4396125,4.798749480446416
2.146678347240876,3.6192937499999998,5.179639683619488
2.996128238948319,7.05035,14.08250181964619
2.1313993035996277,3.56795625,5.069826311015959
2.6384399919488617,5.46744375,9.6170148291539
2.116009937655572,3.5166187499999997,4.960800147963944
2.1693951528489643,3.6963,5.345823535650418
2.2843600097998285,4.0984437499999995,6.241547336609362
2.654904675869217,5.53589375,9.798180134660118
3.220440400569075,8.14555,17.488172203236957
2.0076946147800685,3.1658125,4.237323138435617
2.3478592083955885,4.3294625,6.776645598685589
2.5523920547350993,5.1166374999999995,8.706443267973109
2.1943602456640945,3.7818625,5.532512483045218
2.526652989790877,5.0139625,8.445695560882895
2.4875450800810937,4.8599499999999995,8.059563141293408
2.8045642312220718,6.1776124999999995,11.550340701233573
2.565164738608946,5.167975,8.837804826675042
2.0399920432375636,3.2684875,4.445125662280955
2.0265973347459454,3.22570625,4.358138459282225
2.8698400349336577,6.468525,12.375754674646158
2.569408190208785,5.1850875,8.881737526299462
2.461127923367652,4.757275,7.80550822775923
2.7967845651089553,6.143387499999999,11.454487558322192
2.128842134948089,3.5593999999999997,5.051600463422816
2.5438413035518352,5.082412499999999,8.619233892792094
2.0479868173492943,3.29415625,4.4975923828591915
2.996128238948319,7.05035,14.08250181964619
3.41100548999203,9.138074999999999,20.780015995305934
2.2214978285274163,3.8759812499999997,5.740322620191986
2.4366606125554147,4.66315625,7.575019443044407
2.8200591791463125,6.2460625,11.742843924431044
3.053751367019267,7.3241499999999995,14.910755383169443
2.0212145965953465,3.20859375,4.323504348029735
2.279586002471368,4.08133125,6.202497059299313
2.097913002313169,3.456725,4.834605548613991
5.696814047428024,25.489068749999998,96.80432327390577
2.461127923367652,4.757275,7.80550822775923
2.2938782177332855,4.13266875,6.319892551154697
2.4366606125554147,4.66315625,7.575019443044407
2.066521012479421,3.35405,4.620809867937733
2.1237185604079127,3.5422875,5.015214473367296
2.0927137055902736,3.4396125,4.798749480446416
2.530961011657125,5.0310749999999995,8.48896978114858
3.362756871544026,8.881387499999999,19.91063122964681
2.1237185604079127,3.5422875,5.015214473367296
2.7928866056326758,6.126275,11.40666092661488
2.911297520850472,6.6567625,12.919877442093592
2.6834748032946383,5.65568125,10.117918753227285
2.72776620125686,5.843918749999999,10.627229366094156
2.524496222014313,5.00540625,8.424086111847886
2.9410813910166356,6.7936625,13.320476237065035
2.1668828240931584,3.6877437499999997,5.327272394354595
2.2410278554692598,3.9444312499999996,5.893053536822288
2.3080819337534524,4.1840062499999995,6.438019490891021
2.121152132207027,3.5337312499999998,4.997054383722734
2.1568042446943068,3.65351875,5.253283165380156
2.1568042446943068,3.65351875,5.253283165380156
2.469965035906082,4.7915,7.88989164636266
2.0927137055902736,3.4396125,4.798749480446416
2.2652036128206112,4.02999375,6.085837601429653
2.066521012479421,3.35405,4.620809867937733
2.391533362444715,4.49203125,7.161895066346158
2.00497967829159,3.1572562499999997,4.220156413606076
2.7317570829831412,5.86103125,10.673942420515354
2.0399920432375636,3.2684875,4.445125662280955
2.128842134948089,3.5593999999999997,5.051600463422816
2.3960843339489126,4.50914375,7.202859132599101
2.7634766606763312,5.99793125,11.05009534781081
2.467758724580645,4.782943749999999,7.8687674454939796
2.00497967829159,3.1572562499999997,4.220156413606076
2.2843600097998285,4.0984437499999995,6.241547336609362
3.213667647750611,8.111324999999999,17.37806848859382
2.91316793384191,6.66531875,12.944795234223491
3.131252188690047,7.700625,16.075065923687525
2.0638834606547753,3.3454937499999997,4.60313947889928
2.233724105932787,3.9187624999999997,5.8356228411169555
4.991486195469464,19.56814375,65.11607959939138
2.7948362649316416,6.1348312499999995,11.430565904490608
2.4765721766511173,4.8171687499999996,7.953377397655494
2.5395551315037483,5.0653,8.57573907173729
2.1769147426503643,3.72196875,5.401605762372631
4.4405429957268545,15.4868125,45.84657118200673
2.0927137055902736,3.4396125,4.798749480446416
2.0638834606547753,3.3454937499999997,4.60313947889928
2.1492142941939174,3.62785,5.1980180514609335
2.0022610605282236,3.1487,4.203012934190144
2.257978064546162,4.004325,6.0277853422092065
2.061242533839648,3.3369375,4.585491671843028
3.8036086779481186,11.3627,28.812842883280727
2.970566653394364,6.9305625,13.725131901176988
2.1968411511999735,3.7904187499999997,5.551298593519976
2.298622541762896,4.14978125,6.359187149756672
2.364043559968902,4.38935625,6.917752916814497
2.0822761656770727,3.4053875,4.7273048174297525
3.294021741158014,8.522025,18.71449041912808
2.9943096480439215,7.04179375,14.056873976773588
2.6733062377221195,5.6129,10.00333372114032
2.9943096480439215,7.04179375,14.056873976773588
2.121152132207027,3.5337312499999998,4.997054383722734
2.0585982190449528,3.32838125,4.567866475701742
2.6630988455877476,5.57011875,9.88918454194111
2.298622541762896,4.14978125,6.359187149756672
2.0691552022198847,3.36260625,4.638502810136398
2.3268853559546496,4.25245625,6.596652116641882
2.0822761656770727,3.4053875,4.7273048174297525
2.2938782177332855,4.13266875,6.319892551154697
2.5736446451717576,5.2021999999999995,8.925742782075009
3.300629614882627,8.55625,18.82734142822632
2.279586002471368,4.08133125,6.202497059299313
2.0076946147800685,3.1658125,4.237323138435617
4.082653359960844,13.0910625,35.63084686738828
2.296251605039368,4.1412249999999995,6.339529702052771
2.450036709093717,4.71449375,7.700455168195265
2.1744111020949703,3.7134125,5.382990244438828
2.366346574212045,4.3979124999999994,6.93799011870622
2.2017945760935342,3.80753125,5.58893443637109
2.087501459126698,3.4225,4.762982495907414
2.7772400589587654,6.057824999999999,11.21602284010792
2.3175027154973598,4.21823125,6.517174917647214
2.0265973347459454,3.22570625,4.358138459282225
2.233724105932787,3.9187624999999997,5.8356228411169555
2.8239196315753485,6.2631749999999995,11.791135225661286
2.5926230274208835,5.27920625,9.124661126836168
2.4277022711527803,4.62893125,7.491777939090051
2.6996648434119224,5.72413125,10.302157263133696
2.7117439410612056,5.77546875,10.441061593067223
5.5002791573097385,23.76070625,87.12701156655613
2.5093469437250118,4.9455124999999995,8.273337784685895
2.4028946300159157,4.5348125,7.264451069586032
4.250001224352001,14.1862625,40.194421995985905
2.7036972053955304,5.74124375,10.348389788246372
3.0750816707573354,7.426825,15.225395619614899
2.7811599480782414,6.0749375,11.263581908052371
4.554390491299029,16.2911,49.46402062186773
3.596020439243632,10.156268749999999,24.34810000763425
2.472169378188552,4.80005625,7.911034716555048
3.45385301668022,9.36909375,21.57298180799819
2.8006770994423777,6.1605,11.502380847409844
2.1056878764049,3.48239375,4.888556200162131
2.0131135034881087,3.182925,4.271726198726592
2.5331122751238446,5.039631249999999,8.510634520981817
2.9392287411376654,6.78510625,13.295319534448533
2.5545252703642416,5.12519375,8.728291299925248
2.0479868173492943,3.29415625,4.4975923828591915
3.7064174795483225,10.78943125,26.66009105292327
2.1339534079355196,3.5765124999999998,5.088074025265988
2.350178082253045,4.33801875,6.796744391101834
2.0691552022198847,3.36260625,4.638502810136398
2.2434571546708417,3.9529875,5.9122387261329346
2.199319258193377,3.798975,5.570105919263456
2.0346447416596565,3.251375,4.410262031275778
2.405160443466083,4.54336875,7.285020531719961
2.9056790578703255,6.63109375,12.845220160099865
2.567287341155513,5.17653125,8.859762099480616
2.966897020550142,6.91345,13.674329471148251
3.6306925763708895,10.3530625,25.059191440969226
2.2434571546708417,3.9529875,5.9122387261329346
2.0265973347459454,3.22570625,4.358138459282225
2.090109207125488,3.4310562499999997,4.780854838860301
2.6875314568626867,5.672793749999999,10.163874434279359
2.2771952456495144,4.072775,6.1830025777334665
2.146678347240876,3.6192937499999998,5.179639683619488
2.2676070125553482,4.03855,6.105229533703601
2.411945112637907,4.569037499999999,7.346845111722878
2.4388950565027536,4.6717125,7.595877681101414
2.569408190208785,5.1850875,8.881737526299462
2.6384399919488617,5.46744375,9.6170148291539
2.097913002313169,3.456725,4.834605548613991
2.507175288671978,4.93695625,8.251876474169784
2.6834748032946383,5.65568125,10.117918753227285
2.031965813912392,3.2428187499999996,4.392864560476078
2.7237694720754178,5.82680625,10.580584655632162
2.029283349622228,3.2342625,4.375490026371708
2.0744135466639464,3.37971875,4.673956239276093
2.181913405357276,3.73908125,5.4389010020633615
2.1262818909250245,3.55084375,5.033396508752869
2.1056878764049,3.48239375,4.888556200162131
2.709734497331338,5.7669125,10.417867829560873
2.9206376074726053,6.69954375,13.04462628610536
2.0691552022198847,3.36260625,4.638502810136398
2.654904675869217,5.53589375,9.798180134660118
2.380117863554854,4.44925,7.059826269614289
3.420573546626883,9.1894125,20.955374204361604
2.108273129528813,3.4909499999999998,4.906584054352405
2.2867432759772823,4.107,6.261103089625798
3.053751367019267,7.3241499999999995,14.910755383169443
4.4233362877961095,15.367025,45.315679545313344
2.097913002313169,3.456725,4.834605548613991
2.3104407304178385,4.1925625,6.457778109881625
3.697589160192557,10.738093749999999,26.470039367420963
2.707723562362465,5.758356249999999,10.394691265734776
2.8354694533224114,6.314512499999999,11.936404870915021
2.118582595064865,3.525175,4.978916266371856
3.5945053684204344,10.147712499999999,24.317338038958102
2.9094259054073643,6.648206249999999,12.894975658827429
2.5481202658755295,5.099525,8.662801999225938
2.340888804468089,4.30379375,6.71646840407649
2.5926230274208835,5.27920625,9.124661126836168
2.0848904494005085,3.41394375,4.745132479443704
2.3824053392039657,4.45780625,7.080200940757871
2.875528524232013,6.49419375,12.449492913342837
2.0559505031980736,3.319825,4.550263919519697
3.131252188690047,7.700625,16.075065923687525
2.0506448156351045,3.3027124999999997,4.51512684377217
2.2891240608761145,4.11555625,6.280679223842714
2.3245432462962605,4.2439,6.576752721971133
6.303252049686174,31.20464375,131.12715645127628
2.605198475633069,5.3305437499999995,9.258082967863588
2.0927137055902736,3.4396125,4.798749480446416
2.8161934347942243,6.228949999999999,11.694618730440986
2.3478592083955885,4.3294625,6.776645598685589
2.071786042700417,3.3711625,4.656218276783363
2.1262818909250245,3.55084375,5.033396508752869
3.016060367204973,7.14446875,14.365432694406303
2.118582595064865,3.525175,4.978916266371856
2.2652036128206112,4.02999375,6.085837601429653
2.1492142941939174,3.62785,5.1980180514609335
2.6834748032946383,5.65568125,10.117918753227285
4.542414687001684,16.2055375,49.074847700504364
3.034066857729242,7.23003125,14.624265463981143
2.0744135466639464,3.37971875,4.673956239276093
4.693397824399989,17.3007375,54.13282916201019
2.1744111020949703,3.7134125,5.382990244438828
2.226396396390658,3.89309375,5.778379930540662
2.50282632566028,4.91984375,8.20900963709013
3.97585464335443,12.41511875,32.907138353322765
2.0691552022198847,3.36260625,4.638502810136398
2.541699121021538,5.0738562499999995,8.597477313876423
2.015817485235409,3.19148125,4.288962471700639
3.4443774075590525,9.31775625,21.39591274442811
2.38925462599353,4.483474999999999,7.141442256184227
2.7634766606763312,5.99793125,11.05009534781081
2.5799862843017562,5.22786875,8.99188644741984
2.2458838261803367,3.9615437499999997,5.931444689887197
3.3740765948773377,8.94128125,20.112378529227062
4.1039450473019015,13.2279625,36.19122079184685
4.657280784598316,17.03549375,52.89271846534647
3.1727275347384585,7.905975,16.72233638096925
2.60101341513872,5.31343125,9.213537307778198
2.3221987744478114,4.23534375,6.5568733770767995
2.4962886749841684,4.894175,8.144849083927095
2.154277232409223,3.6449624999999997,5.234839817823602
2.8849844146797636,6.536975,12.572713996100829
3.3022795173175266,8.56480625,18.85558949944542
2.291502372230191,4.1241125,6.300275718062787
2.3478592083955885,4.3294625,6.776645598685589
2.8603340795849035,6.42574375,12.253182556536464
2.707723562362465,5.758356249999999,10.394691265734776
2.3778281873504405,4.440693749999999,7.039471180093952
2.1134341485843597,3.5080625,4.9427060552454805
2.8084459828808406,6.194725,11.598367027534342
3.1503295039689507,7.794743749999999,16.370674141001718
2.3245432462962605,4.2439,6.576752721971133
2.6875314568626867,5.672793749999999,10.163874434279359
2.5736446451717576,5.2021999999999995,8.925742782075009
2.116009937655572,3.5166187499999997,4.960800147963944
2.0373201468149107,3.2599312499999997,4.42768240857101
2.343214576332837,4.3123499999999995,6.73650758549927
2.970566653394364,6.9305625,13.725131901176988
3.937306665876187,12.17554375,31.959233045028096
2.0131135034881087,3.182925,4.271726198726592
2.3846906206303164,4.4663625,7.100595174723314
2.3221987744478114,4.23534375,6.5568733770767995
2.0185178447651753,3.2000374999999996,4.306221865111826
2.5136846253441054,4.962625,8.316316109232192
2.5438413035518352,5.082412499999999,8.619233892792094
2.00497967829159,3.1572562499999997,4.220156413606076
3.039448003295157,7.2557,14.702215251672442
2.00497967829159,3.1572562499999997,4.220156413606076
2.015817485235409,3.19148125,4.288962471700639
2.340888804468089,4.30379375,6.71646840407649
2.5587863663539365,5.14230625,8.772042082744425
2.0506448156351045,3.3027124999999997,4.51512684377217
2.6239486466264217,5.40755,9.459422336043138
2.483161737327308,4.8428375,8.01703252006256
2.116009937655572,3.5166187499999997,4.960800147963944
2.146678347240876,3.6192937499999998,5.179639683619488
2.5545252703642416,5.12519375,8.728291299925248
2.588417634502544,5.26209375,9.080330837937082
2.79093558436374,6.11771875,11.382772636336172
2.116009937655572,3.5166187499999997,4.960800147963944
3.1120579292126247,7.60650625,15.781258725945255
3.2574388409331014,8.3337875,18.09786872972184
2.0638834606547753,3.3454937499999997,4.60313947889928
2.0927137055902736,3.4396125,4.798749480446416
2.391533362444715,4.49203125,7.161895066346158
2.0822761656770727,3.4053875,4.7273048174297525
2.0373201468149107,3.2599312499999997,4.42768240857101
2.530961011657125,5.0310749999999995,8.48896978114858
2.537409330418011,5.05674375,8.554019181855306
2.350178082253045,4.33801875,6.796744391101834
2.4962886749841684,4.894175,8.144849083927095
2.045325364870306,3.2855999999999996,4.480080679211918
2.352494670378073,4.346575,6.816863014599048
2.359430787652217,4.37224375,6.877337676579988
2.0744135466639464,3.37971875,4.673956239276093
2.291502372230191,4.1241125,6.300275718062787
2.359430787652217,4.37224375,6.877337676579988
2.0399920432375636,3.2684875,4.445125662280955
2.2042671142966195,3.8160874999999996,5.607784121018934
2.769383635697071,6.0236,11.121106178656586
2.2867432759772823,4.107,6.261103089625798
2.3104407304178385,4.1925625,6.457778109881625
3.5210153880067874,9.737012499999999,22.856113897142954
2.2067368821461666,3.82464375,5.626654949463213
2.598918357678237,5.304875,9.19129134845889
2.0131135034881087,3.182925,4.271726198726592
2.1844084472306053,3.7476374999999997,5.457580674772125
2.3571210163813228,4.3636875,6.857159676780315
2.2165884350602267,3.8588687499999996,5.702349229110207
5.360856568174618,22.5713875,80.66798062145963
3.992261265916681,12.51779375,33.31620208190594
2.079658595609427,3.39683125,4.7094995379314755
2.642565780226557,5.48455625,9.662200443985126
3.217055806464697,8.1284375,17.433091371240252
3.0555345796483273,7.332706249999999,14.936891672852271
5.44153614459301,23.2558875,84.36516827055915
2.2434571546708417,3.9529875,5.9122387261329346
3.933154117701102,12.149875,31.858220590535772
2.0744135466639464,3.37971875,4.673956239276093
2.0076946147800685,3.1658125,4.237323138435617
2.291502372230191,4.1241125,6.300275718062787
2.061242533839648,3.3369375,4.585491671843028
3.3302027956302838,8.710262499999999,19.337960352115743
2.2361613397248123,3.92731875,5.854745571684249
2.8316247472105505,6.2974,11.887915788722479
2.1365044589455597,3.58506875,5.106343580000922
2.272406186204278,4.0556624999999995,6.144075036104471
2.1237185604079127,3.5422875,5.015214473367296
2.3869737141361322,4.47491875,7.121008952763276
2.1365044589455597,3.58506875,5.106343580000922
6.047452455706226,28.723331249999998,115.80198673591723
3.046608079184699,7.289924999999999,14.806362934433674
4.970708750100337,19.405575,64.30630763548554
2.2042671142966195,3.8160874999999996,5.607784121018934
2.400626677995703,4.526256249999999,7.243901003463192
3.27578135974009,8.42790625,18.405318796924668
2.5736446451717576,5.2021999999999995,8.925742782075009
2.118582595064865,3.525175,4.978916266371856
2.669227964961913,5.5957875,9.95762165398954
2.0506448156351045,3.3027124999999997,4.51512684377217
4.242304264414054,14.134924999999999,39.97643506978187
3.3821389160370465,8.9840625,20.256898270239386
2.3268853559546496,4.25245625,6.596652116641882
2.077037726772803,3.3882749999999997,4.691716669120746
2.3960843339489126,4.50914375,7.202859132599101
2.045325364870306,3.2855999999999996,4.480080679211918
2.669227964961913,5.5957875,9.95762165398954
2.3846906206303164,4.4663625,7.100595174723314
3.0178658509746983,7.1530249999999995,14.391246585778863
2.0506448156351045,3.3027124999999997,4.51512684377217
2.0076946147800685,3.1658125,4.237323138435617
2.359430787652217,4.37224375,6.877337676579988
2.8065057781705867,6.186168749999999,11.57434556107554
2.1339534079355196,3.5765124999999998,5.088074025265988
2.0691552022198847,3.36260625,4.638502810136398
3.4380458260885147,9.28353125,21.27813724361653
4.171087016577388,13.66433125,37.99674311139178
2.8142585713333896,6.2203937499999995,11.670530952004095
3.8745511698381585,11.7905125,30.455295999910945
3.3805279900509047,8.97550625,20.227966735334554
2.5331122751238446,5.039631249999999,8.510634520981817
2.935519933677921,6.76799375,13.245053709421722
7.378955953350847,42.7641375,210.36979133035945
2.8297004352334847,6.28884375,11.863695930993586
2.420961761324711,4.6032625,7.429548326559994
2.100507824581783,3.46528125,4.852566920001027
2.3869737141361322,4.47491875,7.121008952763276
2.6239486466264217,5.40755,9.459422336043138
2.0559505031980736,3.319825,4.550263919519697
2.1237185604079127,3.5422875,5.015214473367296
2.693604982025092,5.6984625,10.232937986588771
2.2458838261803367,3.9615437499999997,5.931444689887197
2.1262818909250245,3.55084375,5.033396508752869
2.2042671142966195,3.8160874999999996,5.607784121018934
2.5180148346267974,4.9797375,8.359368598364908
2.1056878764049,3.48239375,4.888556200162131
2.118582595064865,3.525175,4.978916266371856
2.146678347240876,3.6192937499999998,5.179639683619488
2.4875450800810937,4.8599499999999995,8.059563141293408
2.253148159412148,3.9872124999999996,5.989187003706738
6.572315266604953,33.92553125,148.6461913080389
2.272406186204278,4.0556624999999995,6.144075036104471
2.0346447416596565,3.251375,4.410262031275778
2.279586002471368,4.08133125,6.202497059299313
2.2676070125553482,4.03855,6.105229533703601
2.450036709093717,4.71449375,7.700455168195265
2.1441394009387964,3.6107375,5.161283026798166
2.226396396390658,3.89309375,5.778379930540662
6.872922215893328,37.0999,169.98981794494722
2.4743717566905366,4.8086125,7.932196639246047
2.605198475633069,5.3305437499999995,9.258082967863588
2.8239196315753485,6.2631749999999995,11.791135225661286
2.9000497098812397,6.605424999999999,12.770707236594857
2.50282632566028,4.91984375,8.20900963709013
2.116009937655572,3.5166187499999997,4.960800147963944
2.6072884867799933,5.3391,9.280382639844706
2.6915819963983556,5.68990625,10.209899482462987
2.5115167209948446,4.954068749999999,8.294817668388685
3.3578938800314466,8.85571875,19.824375862603155
2.73773249752281,5.886699999999999,10.744139928778349
2.411945112637907,4.569037499999999,7.346845111722878
2.0346447416596565,3.251375,4.410262031275778
2.146678347240876,3.6192937499999998,5.179639683619488
2.4299449527129227,4.6374875,7.51255956259618
2.0479868173492943,3.29415625,4.4975923828591915
3.3530238355831474,8.83005,19.738245412927313
6.667761996561275,34.91805625,155.21685897169257
3.3837490750980463,8.99261875,20.28584358534789
2.4589136827724007,4.74871875,7.7844596733419005
2.0559505031980736,3.319825,4.550263919519697
2.845058487974842,6.357293749999999,12.057915029324608
3.480560487961665,9.51455,22.077311193823775
3.1207972273200273,7.6492875,15.91458348064916
2.5438413035518352,5.082412499999999,8.619233892792094
2.3824053392039657,4.45780625,7.080200940757871
2.50282632566028,4.91984375,8.20900963709013
2.5905211843292046,5.27065,9.102486986789815
2.0848904494005085,3.41394375,4.745132479443704
2.4962886749841684,4.894175,8.144849083927095
2.7237694720754178,5.82680625,10.580584655632162
2.5158506616144725,4.97118125,8.337833091211975
2.5968216099729116,5.29631875,9.169063322203144
2.296251605039368,4.1412249999999995,6.339529702052771
3.2724540035134724,8.41079375,18.349290453275728
2.843143268311158,6.3487374999999995,12.033580190266404
2.0426604446963794,3.27704375,4.462591762442995
2.2603891469891355,4.0128812499999995,6.047115483770798
2.291502372230191,4.1241125,6.300275718062787
2.2361613397248123,3.92731875,5.854745571684249
3.167572815599297,7.880306249999999,16.640962570731485
2.3778281873504405,4.440693749999999,7.039471180093952
4.054538344207897,12.91138125,34.89979356987458
2.4655504389262153,4.7743875,7.847662130819225
2.3175027154973598,4.21823125,6.517174917647214
2.128842134948089,3.5593999999999997,5.051600463422816
2.2843600097998285,4.0984437499999995,6.241547336609362
2.0399920432375636,3.2684875,4.445125662280955
2.380117863554854,4.44925,7.059826269614289
2.077037726772803,3.3882749999999997,4.691716669120746
2.9187719812155017,6.690987499999999,13.019644561108773
2.1769147426503643,3.72196875,5.401605762372631
2.5115167209948446,4.954068749999999,8.294817668388685
2.6590049171939327,5.55300625,9.843647282639093
4.747631879500626,17.70288125,56.03117558767593
2.3127971213723777,4.20111875,6.477556901029015
2.4299449527129227,4.6374875,7.51255956259618
2.628097184626533,5.4246625,9.504360162532752
2.298622541762896,4.14978125,6.359187149756672
2.141597444620146,3.6021812499999997,5.1429481067057345
2.1844084472306053,3.7476374999999997,5.457580674772125
3.6261889245529892,10.327393749999999,24.966053890498507
2.352494670378073,4.346575,6.816863014599048
2.1943602456640945,3.7818625,5.532512483045218
2.8219900654931465,6.25461875,11.766981317298107
5.607185907074218,24.6933375,92.30675601908484
2.6651434515285355,5.578675,9.911979429637302
2.2190444894813144,3.867425,5.721325423154848
2.061242533839648,3.3369375,4.585491671843028
3.6426750926965488,10.4215125,25.308122674650498
2.8603340795849035,6.42574375,12.253182556536464
2.071786042700417,3.3711625,4.656218276783363
3.2339433545525544,8.214,17.709073809529787
2.257978064546162,4.004325,6.0277853422092065
2.0131135034881087,3.182925,4.271726198726592
2.0076946147800685,3.1658125,4.237323138435617
2.1134341485843597,3.5080625,4.9427060552454805
2.0532993731421074,3.31126875,4.532684032453365
2.121152132207027,3.5337312499999998,4.997054383722734
2.159328299677013,3.6620749999999997,5.271748122026462
2.315151113962757,4.209675,6.497355843780778
2.0532993731421074,3.31126875,4.532684032453365
2.2676070125553482,4.03855,6.105229533703601
2.6031067864354367,5.3219875,9.235801185716376
2.370945891620971,4.415025,6.9785235901025855
3.0768525212759816,7.43538125,15.251714363807107
7.06905176846476,39.24751875,184.9618278850275
2.3104407304178385,4.1925625,6.457778109881625
2.3869737141361322,4.47491875,7.121008952763276
2.0346447416596565,3.251375,4.410262031275778
2.9906691486454386,7.0246812499999995,14.005664995628715
2.0744135466639464,3.37971875,4.673956239276093
2.2165884350602267,3.8588687499999996,5.702349229110207
2.765447054267618,6.0064874999999995,11.07374877558018
3.1830119297318724,7.9573125,16.88548041073636
2.199319258193377,3.798975,5.570105919263456
2.3175027154973598,4.21823125,6.517174917647214
2.0927137055902736,3.4396125,4.798749480446416
6.000432076074687,28.27840625,113.12177061518058
2.62187191607027,5.39899375,9.436980058775939
2.6610526686851115,5.5615625,9.866407155122694
2.3245432462962605,4.2439,6.576752721971133
2.0131135034881087,3.182925,4.271726198726592
2.405160443466083,4.54336875,7.285020531719961
2.1568042446943068,3.65351875,5.253283165380156
2.584205397969454,5.2449812499999995,9.036072572332381
2.3315625171685785,4.2695687499999995,6.636510974649534
2.0479868173492943,3.29415625,4.4975923828591915
2.679412007924111,5.63856875,10.072032544170428
2.1968411511999735,3.7904187499999997,5.551298593519976
2.5201771491812353,4.9882937499999995,8.380922614769048
2.409685678781207,4.56048125,7.326217570983477
2.1769147426503643,3.72196875,5.401605762372631
2.5587863663539365,5.14230625,8.772042082744425
2.2165884350602267,3.8588687499999996,5.702349229110207
2.0691552022198847,3.36260625,4.638502810136398
5.78128620308978,26.250574999999998,101.17472471378234
2.416457642518728,4.58615,7.3881581448248435
3.8843797263754642,11.850406249999999,30.68765185787539
2.8142585713333896,6.2203937499999995,11.670530952004095
2.6956264494630995,5.70701875,10.255993793387887
2.0426604446963794,3.27704375,4.462591762442995
2.2652036128206112,4.02999375,6.085837601429653
2.0691552022198847,3.36260625,4.638502810136398
2.916905161720899,6.68243125,12.994678803980026
2.1390524675540097,3.593625,5.124634949142516
2.128842134948089,3.5593999999999997,5.051600463422816
2.0131135034881087,3.182925,4.271726198726592
2.199319258193377,3.798975,5.570105919263456
2.0691552022198847,3.36260625,4.638502810136398
2.0399920432375636,3.2684875,4.445125662280955
2.3938099297021815,4.5005875,7.182367364662343
2.2938782177332855,4.13266875,6.319892551154697
2.50282632566028,4.91984375,8.20900963709013
2.0076946147800685,3.1658125,4.237323138435617
2.029283349622228,3.2342625,4.375490026371708
2.4544792090413092,4.73160625,7.742419443996611
2.8736336123133897,6.485637499999999,12.42489727818679
2.972399770911247,6.93911875,13.750556655217297
2.305720723995956,4.17545,6.41828106467261
2.681444175078526,5.647125,10.094966958126879
2.100507824581783,3.46528125,4.852566920001027
2.045325364870306,3.2855999999999996,4.480080679211918
2.2141296562279513,3.8503125,5.683394061330122
2.370945891620971,4.415025,6.9785235901025855
2.5545252703642416,5.12519375,8.728291299925248
2.0212145965953465,3.20859375,4.323504348029735
2.2652036128206112,4.02999375,6.085837601429653
2.65079809231917,5.51878125,9.752783206284535
2.0638834606547753,3.3454937499999997,4.60313947889928
3.1778738925972974,7.931643749999999,16.803842399005013
2.8065057781705867,6.186168749999999,11.57434556107554
2.1108552163869168,3.49950625,4.924634015060745
2.7117439410612056,5.77546875,10.441061593067223
2.0585982190449528,3.32838125,4.567866475701742
3.1624096942932196,7.8546375,16.55972118343937
3.103294020150519,7.563725,15.64830837504199
2.2361613397248123,3.92731875,5.854745571684249
2.1869006425046074,3.75619375,5.476281683497861
2.00497967829159,3.1572562499999997,4.220156413606076
2.1943602456640945,3.7818625,5.532512483045218
2.535261713164489,5.0481875,8.532317659750372
2.366346574212045,4.3979124999999994,6.93799011870622
6.238975786828282,30.571481249999998,127.15648752414988
2.550257054733938,5.10808125,8.684613495977766
2.456697446465619,4.740162499999999,7.763430073054724
2.0927137055902736,3.4396125,4.798749480446416
2.6093768239083728,5.34765625,9.30270018731917
2.097913002313169,3.456725,4.834605548613991
2.7397214062468325,5.89525625,10.767573162290283
2.1134341485843597,3.5080625,4.9427060552454805
2.877422188266188,6.50275,12.474104756498635
4.859889905425845,18.54995,60.10047650076944
2.1492142941939174,3.62785,5.1980180514609335
2.090109207125488,3.4310562499999997,4.780854838860301
3.0608779843356384,7.358375,15.01539202532383
2.375536304227667,4.4321375,7.0191356910525675
3.179587494173755,7.9402,16.831040414158963
2.2042671142966195,3.8160874999999996,5.607784121018934
3.0997815187191318,7.546612499999999,15.595233304289852
2.681444175078526,5.647125,10.094966958126879
2.5459816836558233,5.09096875,8.641008793042786
2.0399920432375636,3.2684875,4.445125662280955
2.1030994453386973,3.4738374999999997,4.870550479631178
3.27578135974009,8.42790625,18.405318796924668
2.5115167209948446,4.954068749999999,8.294817668388685
3.3138058334002247,8.624699999999999,19.05372078088461
2.095314966638671,3.44816875,4.816666392913839
2.270007867661439,4.04710625,6.124642019174521
2.3033570937242436,4.16689375,6.398562851905141
2.8412267576327683,6.34018125,12.009261743827713
2.2017945760935342,3.80753125,5.58893443637109
2.862237796321168,6.4342999999999995,12.27766443524619
2.679412007924111,5.63856875,10.072032544170428
7.157116795785743,40.2314875,191.96096993712945
2.3104407304178385,4.1925625,6.457778109881625
2.015817485235409,3.19148125,4.288962471700639
4.004522121056447,12.5948,33.62410347352115
3.0268771157337127,7.1958062499999995,14.520547511585747
2.1030994453386973,3.4738374999999997,4.870550479631178
3.0286761513253735,7.204362499999999,14.546453926168558
2.613548492157631,5.36476875,9.347388851557914
2.090109207125488,3.4310562499999997,4.780854838860301
2.0399920432375636,3.2684875,4.445125662280955
3.1050487808336613,7.57228125,15.674868442294724
2.161849407715686,3.67063125,5.290234662503457
2.1492142941939174,3.62785,5.1980180514609335
2.253148159412148,3.9872124999999996,5.989187003706738
5.469492844573625,23.4954625,85.67217601579861
2.2819742545695014,4.0898875,6.22201198605708
3.3724618177593064,8.932725,20.08351599402933
2.3778281873504405,4.440693749999999,7.039471180093952
3.756052692889053,11.080343749999999,27.745569986882597
5.669978300403216,25.24949375,95.44272110577774
2.1056878764049,3.48239375,4.888556200162131
3.6605753237991823,10.5241875,25.683054043690532
4.212668974321261,13.93813125,39.144488717928404
2.0559505031980736,3.319825,4.550263919519697
2.2867432759772823,4.107,6.261103089625798
2.0076946147800685,3.1658125,4.237323138435617
2.1108552163869168,3.49950625,4.924634015060745
3.9676258908767017,12.363781249999999,32.70323906442393
4.015389229560137,12.66325,33.898585107484934
2.1492142941939174,3.62785,5.1980180514609335
2.4787706432861216,4.825724999999999,7.9745769750479445
2.2190444894813144,3.867425,5.721325423154848
2.359430787652217,4.37224375,6.877337676579988
2.5331122751238446,5.039631249999999,8.510634520981817
2.2555644047814263,3.99576875,6.008475841491981
2.0239077551471385,3.2171499999999997,4.340809889647745
2.907553085190505,6.63965,12.870089894723424
3.81504812837261,11.431149999999999,29.07359160843103
2.3960843339489126,4.50914375,7.202859132599101
2.65079809231917,5.51878125,9.752783206284535
2.1693951528489643,3.6963,5.345823535650418
3.591473309366789,10.1306,24.255853005247456
2.1134341485843597,3.5080625,4.9427060552454805
2.1693951528489643,3.6963,5.345823535650418
2.4853543750501683,4.85139375,8.038288454435692
2.146678347240876,3.6192937499999998,5.179639683619488
2.118582595064865,3.525175,4.978916266371856
2.0479868173492943,3.29415625,4.4975923828591915
2.2938782177332855,4.13266875,6.319892551154697
2.0399920432375636,3.2684875,4.445125662280955
2.1056878764049,3.48239375,4.888556200162131
2.0426604446963794,3.27704375,4.462591762442995
2.0506448156351045,3.3027124999999997,4.51512684377217
2.6093768239083728,5.34765625,9.30270018731917
3.2238214412908768,8.1626625,17.54331092368066
2.3198519332475245,4.2267874999999995,6.537014102200981
2.4655504389262153,4.7743875,7.847662130819225
4.348822204189941,14.85365,43.06392195551062
2.963222843263738,6.8963375,13.623589876570895
2.1693951528489643,3.6963,5.345823535650418
2.0638834606547753,3.3454937499999997,4.60313947889928
2.524496222014313,5.00540625,8.424086111847886
2.0185178447651753,3.2000374999999996,4.306221865111826
2.411945112637907,4.569037499999999,7.346845111722878
2.916905161720899,6.68243125,12.994678803980026
2.1313993035996277,3.56795625,5.069826311015959
3.194968550048326,8.01720625,17.07648121866725
2.411945112637907,4.569037499999999,7.346845111722878
2.340888804468089,4.30379375,6.71646840407649
2.6239486466264217,5.40755,9.459422336043138
2.4589136827724007,4.74871875,7.7844596733419005
2.6322391843354946,5.441775,9.549368924891523
2.274801976206745,4.06421875,6.163528562824337
2.031965813912392,3.2428187499999996,4.392864560476078
2.199319258193377,3.798975,5.570105919263456
2.528807918105647,5.02251875,8.467323455889382
4.035686187340035,12.791593749999999,34.415238807293406
2.1968411511999735,3.7904187499999997,5.551298593519976
2.405160443466083,4.54336875,7.285020531719961
2.118582595064865,3.525175,4.978916266371856
2.0479868173492943,3.29415625,4.4975923828591915
2.2141296562279513,3.8503125,5.683394061330122
2.2938782177332855,4.13266875,6.319892551154697
2.159328299677013,3.6620749999999997,5.271748122026462
4.309818526592692,14.588406249999998,41.91558901980708
2.233724105932787,3.9187624999999997,5.8356228411169555
3.436461107946664,9.274975,21.248727243118402
2.250729320111086,3.97865625,5.969918851012149
2.253148159412148,3.9872124999999996,5.989187003706738
2.128842134948089,3.5593999999999997,5.051600463422816
2.6528521787121107,5.5273375,9.775472886234766
2.642565780226557,5.48455625,9.662200443985126
5.49532528873976,23.717924999999997,86.89180869928863
2.0346447416596565,3.251375,4.410262031275778
2.1492142941939174,3.62785,5.1980180514609335
2.1568042446943068,3.65351875,5.253283165380156
3.174443914379685,7.91453125,16.74949037448689
2.141597444620146,3.6021812499999997,5.1429481067057345
2.922502042777378,6.7081,13.069623968769953
2.1390524675540097,3.593625,5.124634949142516
2.1056878764049,3.48239375,4.888556200162131
2.3846906206303164,4.4663625,7.100595174723314
2.061242533839648,3.3369375,4.585491671843028
2.2555644047814263,3.99576875,6.008475841491981
2.4388950565027536,4.6717125,7.595877681101414
2.0532993731421074,3.31126875,4.532684032453365
2.8736336123133897,6.485637499999999,12.42489727818679
2.2190444894813144,3.867425,5.721325423154848
3.2271989397984226,8.179775,17.598507471859758
2.0638834606547753,3.3454937499999997,4.60313947889928
2.924365289407701,6.71665625,13.094637598922194
3.826453379911544,11.4996,29.335122191753857
2.6197935392742973,5.3904375,9.414555557574595
2.505001750952038,4.9284,8.230433752928015
2.3245432462962605,4.2439,6.576752721971133
2.7496443702996074,5.9380375,10.88499425500197
2.5093469437250118,4.9455124999999995,8.273337784685895
3.1485999789942536,7.7861875,16.34372653263021
2.528807918105647,5.02251875,8.467323455889382
2.090109207125488,3.4310562499999997,4.780854838860301
2.4544792090413092,4.73160625,7.742419443996611
3.0376553472835393,7.247143749999999,14.67621664314665
2.154277232409223,3.6449624999999997,5.234839817823602
2.3362303146682177,4.28668125,6.6764497903799
3.5426074499647218,9.8568,23.27918207520817
2.4142024319084197,4.57759375,7.367491975692523
2.2603891469891355,4.0128812499999995,6.047115483770798
3.2641207737824516,8.368012499999999,18.209468957680816
2.333897582868648,4.278125,6.656470397806621
4.7853438336710745,17.9852375,57.37703024515651
2.6610526686851115,5.5615625,9.866407155122694
2.100507824581783,3.46528125,4.852566920001027
2.1869006425046074,3.75619375,5.476281683497861
2.4478124356355675,4.7059375,7.679501555882501
2.090109207125488,3.4310562499999997,4.780854838860301
2.8981708307012584,6.59686875,12.745901723476447
2.2555644047814263,3.99576875,6.008475841491981
2.097913002313169,3.456725,4.834605548613991
2.2483078785062047,3.9701,5.950671405638324
2.0212145965953465,3.20859375,4.323504348029735
2.0691552022198847,3.36260625,4.638502810136398
2.2555644047814263,3.99576875,6.008475841491981
2.095314966638671,3.44816875,4.816666392913839
2.6031067864354367,5.3219875,9.235801185716376
2.858429094971603,6.4171875,12.228716971925389
5.079110263007497,20.2612,68.60591257389832
2.416457642518728,4.58615,7.3881581448248435
2.087501459126698,3.4225,4.762982495907414
2.3127971213723777,4.20111875,6.477556901029015
2.5459816836558233,5.09096875,8.641008793042786
2.615631831262586,5.3733249999999995,9.36975993981269
2.0346447416596565,3.251375,4.410262031275778
2.1441394009387964,3.6107375,5.161283026798166
2.948480349604336,6.8278875,13.421261415372717
3.16413167084026,7.86319375,16.58678691888546
2.154277232409223,3.6449624999999997,5.234839817823602
2.1668828240931584,3.6877437499999997,5.327272394354595
2.91316793384191,6.66531875,12.944795234223491
2.1441394009387964,3.6107375,5.161283026798166
2.500649007870456,4.911287499999999,8.187604142827714
2.100507824581783,3.46528125,4.852566920001027
3.72254835389715,10.88355,27.00969409137155
2.010405884907704,3.1743687499999997,4.254513077244742
2.526652989790877,5.0139625,8.445695560882895
2.719766869660104,5.80969375,10.534008389414245
2.1134341485843597,3.5080625,4.9427060552454805
2.0265973347459454,3.22570625,4.358138459282225
2.350178082253045,4.33801875,6.796744391101834
2.2190444894813144,3.867425,5.721325423154848
7.275623911232418,41.57481875,201.65516360176923
2.0265973347459454,3.22570625,4.358138459282225
2.922502042777378,6.7081,13.069623968769953
2.079658595609427,3.39683125,4.7094995379314755
2.0691552022198847,3.36260625,4.638502810136398
2.1744111020949703,3.7134125,5.382990244438828
2.097913002313169,3.456725,4.834605548613991
2.253148159412148,3.9872124999999996,5.989187003706738
2.1390524675540097,3.593625,5.124634949142516
2.5331122751238446,5.039631249999999,8.510634520981817
3.203481670787442,8.0599875,17.21334814868393
6.377137587144565,31.940481249999998,135.79256235390747
2.300991035479094,4.1583375,6.37886487333103
2.2627976603490003,4.0214375,6.06646624415982
2.045325364870306,3.2855999999999996,4.480080679211918
2.0185178447651753,3.2000374999999996,4.306221865111826
2.2938782177332855,4.13266875,6.319892551154697
2.2214978285274163,3.8759812499999997,5.740322620191986
2.3033570937242436,4.16689375,6.398562851905141
2.373242207792749,4.42358125,6.998819821400406
2.0426604446963794,3.27704375,4.462591762442995
2.296251605039368,4.1412249999999995,6.339529702052771
2.2214978285274163,3.8759812499999997,5.740322620191986
2.3198519332475245,4.2267874999999995,6.537014102200981
3.44753883769458,9.33486875,21.454881706937638
2.97972096370311,6.97334375,13.852412372655369
3.830721594712985,11.525268749999999,29.433397256997146
2.350178082253045,4.33801875,6.796744391101834
3.414197821518995,9.1551875,20.838414145398623
2.118582595064865,3.525175,4.978916266371856
3.605097493076408,10.20760625,24.532943801457378
2.4411274551911886,4.68026875,7.616755028865561
2.743694898409151,5.91236875,10.814490651259124
5.072671498200947,20.2098625,68.34532899087341
2.62187191607027,5.39899375,9.436980058775939
2.370945891620971,4.415025,6.9785235901025855
2.5566567060878826,5.13375,8.75015757658578
2.535261713164489,5.0481875,8.532317659750372
2.3221987744478114,4.23534375,6.5568733770767995
2.128842134948089,3.5593999999999997,5.051600463422816
2.1693951528489643,3.6963,5.345823535650418
3.003391590792335,7.084575,14.185168652891734
2.1108552163869168,3.49950625,4.924634015060745
3.2051815815840676,8.06854375,17.2407652118035
2.291502372230191,4.1241125,6.300275718062787
2.4655504389262153,4.7743875,7.847662130819225
2.359430787652217,4.37224375,6.877337676579988
2.0927137055902736,3.4396125,4.798749480446416
2.5331122751238446,5.039631249999999,8.510634520981817
2.5180148346267974,4.9797375,8.359368598364908
2.50282632566028,4.91984375,8.20900963709013
2.43442411771743,4.654599999999999,7.554180332218365
2.077037726772803,3.3882749999999997,4.691716669120746
2.015817485235409,3.19148125,4.288962471700639
2.500649007870456,4.911287499999999,8.187604142827714
2.00497967829159,3.1572562499999997,4.220156413606076
2.0239077551471385,3.2171499999999997,4.340809889647745
2.38925462599353,4.483474999999999,7.141442256184227
2.22884164303253,3.9016499999999996,5.797439997691914
2.8316247472105505,6.2974,11.887915788722479
2.0532993731421074,3.31126875,4.532684032453365
2.1108552163869168,3.49950625,4.924634015060745
2.571527290107306,5.19364375,8.903731092146831
2.400626677995703,4.526256249999999,7.243901003463192
2.1693951528489643,3.6963,5.345823535650418
3.0909828023655335,7.503831249999999,15.462808897068708
2.4743717566905366,4.8086125,7.932196639246047
2.045325364870306,3.2855999999999996,4.480080679211918
2.015817485235409,3.19148125,4.288962471700639
4.696878283035071,17.326406249999998,54.2533474924454
2.598918357678237,5.304875,9.19129134845889
2.594723167925177,5.2877624999999995,9.146853243490636
3.1624096942932196,7.8546375,16.55972118343937
2.128842134948089,3.5593999999999997,5.051600463422816
2.5223376100573645,4.996849999999999,8.402495124543426
2.179415507108074,3.7305249999999996,5.420242689769564
2.250729320111086,3.97865625,5.969918851012149
2.709734497331338,5.7669125,10.417867829560873
2.0399920432375636,3.2684875,4.445125662280955
2.0426604446963794,3.27704375,4.462591762442995
3.4173871709501005,9.1723,20.896866898737066
2.2165884350602267,3.8588687499999996,5.702349229110207
2.0585982190449528,3.32838125,4.567866475701742
2.1056878764049,3.48239375,4.888556200162131
2.0131135034881087,3.182925,4.271726198726592
2.118582595064865,3.525175,4.978916266371856
2.498469792634855,4.9027312499999995,8.166217286354616
2.0239077551471385,3.2171499999999997,4.340809889647745
2.409685678781207,4.56048125,7.326217570983477
2.061242533839648,3.3369375,4.585491671843028
3.18984977204789,7.9915375,16.994536048458105
2.1769147426503643,3.72196875,5.401605762372631
2.3104407304178385,4.1925625,6.457778109881625
2.128842134948089,3.5593999999999997,5.051600463422816
3.1778738925972974,7.931643749999999,16.803842399005013
2.0076946147800685,3.1658125,4.237323138435617
2.257978064546162,4.004325,6.0277853422092065
2.3175027154973598,4.21823125,6.517174917647214
2.5223376100573645,4.996849999999999,8.402495124543426
2.2555644047814263,3.99576875,6.008475841491981
2.3846906206303164,4.4663625,7.100595174723314
3.913717303488357,12.030087499999999,31.388241074152663
3.1572381295993206,7.82896875,16.478612435294355
3.716690681733391,10.849325,26.882390087064742
2.079658595609427,3.39683125,4.7094995379314755
2.7772400589587654,6.057824999999999,11.21602284010792
2.3869737141361322,4.47491875,7.121008952763276
2.1108552163869168,3.49950625,4.924634015060745
3.1983765174705714,8.034318749999999,17.13118428258234
2.343214576332837,4.3123499999999995,6.73650758549927
2.373242207792749,4.42358125,6.998819821400406
2.0426604446963794,3.27704375,4.462591762442995
3.0519671124894843,7.31559375,14.884634355555741
2.43442411771743,4.654599999999999,7.554180332218365
2.997945726673215,7.05890625,14.108145218116224
2.1968411511999735,3.7904187499999997,5.551298593519976
2.5223376100573645,4.996849999999999,8.402495124543426
3.802176326672343,11.354143749999999,28.780304383923163
2.550257054733938,5.10808125,8.684613495977766
2.159328299677013,3.6620749999999997,5.271748122026462
2.1365044589455597,3.58506875,5.106343580000922
3.2691232606621106,8.39368125,18.293319077972278
2.071786042700417,3.3711625,4.656218276783363
2.1262818909250245,3.55084375,5.033396508752869
2.1668828240931584,3.6877437499999997,5.327272394354595
2.9833748227872863,6.990456249999999,13.903434117364016
2.467758724580645,4.782943749999999,7.8687674454939796
2.5587863663539365,5.14230625,8.772042082744425
5.876603956300743,27.123312499999997,106.2619770303209
3.5210153880067874,9.737012499999999,22.856113897142954
2.031965813912392,3.2428187499999996,4.392864560476078
2.164367579108341,3.6791875,5.308742761640446
3.9524953504784923,12.269662499999999,32.33052265546021
2.1339534079355196,3.5765124999999998,5.088074025265988
3.092744548192451,7.5123875,15.48926365635608
6.189010582065204,30.083775,124.1258678823124
2.4187107503671883,4.59470625,7.408843601102873
2.097913002313169,3.456725,4.834605548613991
2.061242533839648,3.3369375,4.585491671843028
3.115556590159205,7.6236187499999994,15.83454375828252
2.00497967829159,3.1572562499999997,4.220156413606076
2.171904575495715,3.7048562499999997,5.364396160619264
2.146678347240876,3.6192937499999998,5.179639683619488
3.3998087242921904,9.07818125,20.576053209637188
2.2042671142966195,3.8160874999999996,5.607784121018934
2.199319258193377,3.798975,5.570105919263456
2.2891240608761145,4.11555625,6.280679223842714
2.0399920432375636,3.2684875,4.445125662280955
2.380117863554854,4.44925,7.059826269614289
2.368647349256474,4.40646875,6.9582470161793255
2.2042671142966195,3.8160874999999996,5.607784121018934
2.0585982190449528,3.32838125,4.567866475701742
2.2361613397248123,3.92731875,5.854745571684249
3.45385301668022,9.36909375,21.57298180799819
6.990792742165662,38.383337499999996,178.88663814339674
2.6301689998356665,5.43321875,9.52685568371726
2.368647349256474,4.40646875,6.9582470161793255
2.4299449527129227,4.6374875,7.51255956259618
2.279586002471368,4.08133125,6.202497059299313
5.390242449493854,22.81951875,82.00182576218062
2.0022610605282236,3.1487,4.203012934190144
3.486814869444391,9.548775,22.196540436652583
2.315151113962757,4.209675,6.497355843780778
2.4388950565027536,4.6717125,7.595877681101414
2.370945891620971,4.415025,6.9785235901025855
4.663125034337157,17.078274999999998,53.09208779719627
2.79093558436374,6.11771875,11.382772636336172
2.0638834606547753,3.3454937499999997,4.60313947889928
2.0212145965953465,3.20859375,4.323504348029735
2.031965813912392,3.2428187499999996,4.392864560476078
2.8412267576327683,6.34018125,12.009261743827713
2.257978064546162,4.004325,6.0277853422092065
2.3362303146682177,4.28668125,6.6764497903799
2.524496222014313,5.00540625,8.424086111847886
2.061242533839648,3.3369375,4.585491671843028
2.2555644047814263,3.99576875,6.008475841491981
2.0239077551471385,3.2171499999999997,4.340809889647745
2.391533362444715,4.49203125,7.161895066346158
2.3104407304178385,4.1925625,6.457778109881625
2.3983565813385725,4.5177,7.223370351675513
2.090109207125488,3.4310562499999997,4.780854838860301
2.0559505031980736,3.319825,4.550263919519697
4.4147077846615606,15.30713125,45.051007660140826
2.146678347240876,3.6192937499999998,5.179639683619488
2.1441394009387964,3.6107375,5.161283026798166
2.061242533839648,3.3369375,4.585491671843028
2.2312842099496395,3.91020625,5.81652097551426
2.2017945760935342,3.80753125,5.58893443637109
2.8006770994423777,6.1605,11.502380847409844
3.0750816707573354,7.426825,15.225395619614899
2.5545252703642416,5.12519375,8.728291299925248
3.3821389160370465,8.9840625,20.256898270239386
2.1365044589455597,3.58506875,5.106343580000922
2.159328299677013,3.6620749999999997,5.271748122026462
2.9410813910166356,6.7936625,13.320476237065035
3.1485999789942536,7.7861875,16.34372653263021
3.486814869444391,9.548775,22.196540436652583
2.00497967829159,3.1572562499999997,4.220156413606076
2.1968411511999735,3.7904187499999997,5.551298593519976
2.8354694533224114,6.314512499999999,11.936404870915021
3.1138077510709956,7.6150625,15.80789375826005
2.159328299677013,3.6620749999999997,5.271748122026462
2.926227349634205,6.7252125,13.119667166401214
2.3617382999764818,4.3808,6.897535429691315
2.5223376100573645,4.996849999999999,8.402495124543426
2.179415507108074,3.7305249999999996,5.420242689769564
2.1237185604079127,3.5422875,5.015214473367296
2.2116681438980548,3.84175625,5.664459943164168
2.1262818909250245,3.55084375,5.033396508752869
2.366346574212045,4.3979124999999994,6.93799011870622
2.725768569204774,5.8353625,10.603898461610793
2.0848904494005085,3.41394375,4.745132479443704
2.095314966638671,3.44816875,4.816666392913839
2.370945891620971,4.415025,6.9785235901025855
2.741708872163812,5.9038125,10.79102340722774
2.721768906640562,5.81825,10.557287960707633
2.061242533839648,3.3369375,4.585491671843028
2.0373201468149107,3.2599312499999997,4.42768240857101
2.575760259705065,5.21075625,8.947772581173192
2.2141296562279513,3.8503125,5.683394061330122
2.0479868173492943,3.29415625,4.4975923828591915
2.179415507108074,3.7305249999999996,5.420242689769564
2.450036709093717,4.71449375,7.700455168195265
5.036029669253595,19.91895,66.87494878691926
2.2938782177332855,4.13266875,6.319892551154697
2.1668828240931584,3.6877437499999997,5.327272394354595
2.1968411511999735,3.7904187499999997,5.551298593519976
3.27578135974009,8.42790625,18.405318796924668
2.077037726772803,3.3882749999999997,4.691716669120746
2.010405884907704,3.1743687499999997,4.254513077244742
2.146678347240876,3.6192937499999998,5.179639683619488
2.0506448156351045,3.3027124999999997,4.51512684377217
6.28941013992558,31.067743749999998,130.26518837723972
4.512336123597465,15.99163125,48.106410243083374
5.219797294192106,21.399181249999998,74.46625892445097
2.3938099297021815,4.5005875,7.182367364662343
2.128842134948089,3.5593999999999997,5.051600463422816
3.3497732057975873,8.8129375,19.68089460124585
2.1769147426503643,3.72196875,5.401605762372631
2.1134341485843597,3.5080625,4.9427060552454805
2.6239486466264217,5.40755,9.459422336043138
2.298622541762896,4.14978125,6.359187149756672
2.4187107503671883,4.59470625,7.408843601102873
2.146678347240876,3.6192937499999998,5.179639683619488
2.0265973347459454,3.22570625,4.358138459282225
2.340888804468089,4.30379375,6.71646840407649
2.5459816836558233,5.09096875,8.641008793042786
2.550257054733938,5.10808125,8.684613495977766
2.3617382999764818,4.3808,6.897535429691315
3.8164756487699485,11.439706249999999,29.106240221470927
2.305720723995956,4.17545,6.41828106467261
2.010405884907704,3.1743687499999997,4.254513077244742
2.8103848481327556,6.20328125,11.622405089137347
2.469965035906082,4.7915,7.88989164636266
2.2017945760935342,3.80753125,5.58893443637109
2.5115167209948446,4.954068749999999,8.294817668388685
2.6996648434119224,5.72413125,10.302157263133696
2.031965813912392,3.2428187499999996,4.392864560476078
2.272406186204278,4.0556624999999995,6.144075036104471
2.1943602456640945,3.7818625,5.532512483045218
2.1313993035996277,3.56795625,5.069826311015959
2.2458838261803367,3.9615437499999997,5.931444689887197
2.095314966638671,3.44816875,4.816666392913839
2.5863123737764364,5.2535375,9.058192694899017
2.4277022711527803,4.62893125,7.491777939090051
2.340888804468089,4.30379375,6.71646840407649
4.308554464818446,14.579849999999999,41.878718542588814
2.4787706432861216,4.825724999999999,7.9745769750479445
2.352494670378073,4.346575,6.816863014599048
2.2483078785062047,3.9701,5.950671405638324
2.146678347240876,3.6192937499999998,5.179639683619488
2.3080819337534524,4.1840062499999995,6.438019490891021
2.2603891469891355,4.0128812499999995,6.047115483770798
2.4388950565027536,4.6717125,7.595877681101414
2.090109207125488,3.4310562499999997,4.780854838860301
2.199319258193377,3.798975,5.570105919263456
3.44753883769458,9.33486875,21.454881706937638
2.4411274551911886,4.68026875,7.616755028865561
2.2891240608761145,4.11555625,6.280679223842714
2.3175027154973598,4.21823125,6.517174917647214
2.9336637716626264,6.7594375,13.219944607045194
2.0506448156351045,3.3027124999999997,4.51512684377217
2.141597444620146,3.6021812499999997,5.1429481067057345
3.0412396026274484,7.26425625,14.728229194089304
2.72776620125686,5.843918749999999,10.627229366094156
2.7811599480782414,6.0749375,11.263581908052371
2.8698400349336577,6.468525,12.375754674646158
2.2385959200209644,3.935875,5.873889144475008
2.031965813912392,3.2428187499999996,4.392864560476078
4.709617959033144,17.420524999999998,54.69601159719056
2.443357814226735,4.688825,7.637651468861113
2.1365044589455597,3.58506875,5.106343580000922
2.0265973347459454,3.22570625,4.358138459282225
2.0426604446963794,3.27704375,4.462591762442995
2.2214978285274163,3.8759812499999997,5.740322620191986
2.5136846253441054,4.962625,8.316316109232192
3.7415224539233627,10.994781249999999,27.424813948567046
2.0506448156351045,3.3027124999999997,4.51512684377217
2.450036709093717,4.71449375,7.700455168195265
2.2819742545695014,4.0898875,6.22201198605708
2.118582595064865,3.525175,4.978916266371856
2.9833748227872863,6.990456249999999,13.903434117364016
2.2116681438980548,3.84175625,5.664459943164168
2.0848904494005085,3.41394375,4.745132479443704
2.1744111020949703,3.7134125,5.382990244438828
2.1568042446943068,3.65351875,5.253283165380156
2.1441394009387964,3.6107375,5.161283026798166
2.2361613397248123,3.92731875,5.854745571684249
2.6260237348484248,5.4161062499999995,9.481882375307265
2.9410813910166356,6.7936625,13.320476237065035
2.0479868173492943,3.29415625,4.4975923828591915
3.1658527107667243,7.87175,16.613867383985305
2.575760259705065,5.21075625,8.947772581173192
2.528807918105647,5.02251875,8.467323455889382
2.315151113962757,4.209675,6.497355843780778
2.1339534079355196,3.5765124999999998,5.088074025265988
2.061242533839648,3.3369375,4.585491671843028
5.85896621410052,26.96074375,105.3080578255145
2.9833748227872863,6.990456249999999,13.903434117364016
3.2102759131404364,8.0942125,17.32310361639349
3.3513989148017105,8.82149375,19.70956305378671
3.8717384281463234,11.773399999999999,30.389016806625275
2.223948461184896,3.8845375,5.759340797026682
5.1663025311985535,20.9628125,72.20015418652712
2.1769147426503643,3.72196875,5.401605762372631
2.2458838261803367,3.9615437499999997,5.931444689887197
2.6590049171939327,5.55300625,9.843647282639093
2.045325364870306,3.2855999999999996,4.480080679211918
3.4157928684742718,9.16374375,20.86763369985045
2.0346447416596565,3.251375,4.410262031275778
2.648742412993063,5.510225,9.730111108423133
2.483161737327308,4.8428375,8.01703252006256
2.375536304227667,4.4321375,7.0191356910525675
3.6605753237991823,10.5241875,25.683054043690532
2.097913002313169,3.456725,4.834605548613991
3.7283968231025173,10.917774999999999,27.137198416898727
2.2434571546708417,3.9529875,5.9122387261329346
2.4299449527129227,4.6374875,7.51255956259618
2.305720723995956,4.17545,6.41828106467261
2.0559505031980736,3.319825,4.550263919519697
2.3617382999764818,4.3808,6.897535429691315
2.2092038889334833,3.8331999999999997,5.645546898039886
2.937374922762681,6.776549999999999,13.270178688564963
2.3960843339489126,4.50914375,7.202859132599101
2.00497967829159,3.1572562499999997,4.220156413606076
2.681444175078526,5.647125,10.094966958126879
2.6197935392742973,5.3904375,9.414555557574595
2.480967161788268,4.83428125,7.995795354732492
3.7444330124762524,11.011893749999999,27.48886565825394
2.298622541762896,4.14978125,6.359187149756672
2.4765721766511173,4.8171687499999996,7.953377397655494
3.078622353186081,7.4439375,15.278048255480071
2.5566567060878826,5.13375,8.75015757658578
2.257978064546162,4.004325,6.0277853422092065
2.4853543750501683,4.85139375,8.038288454435692
5.690116975949684,25.429174999999997,96.46332023459686
2.2141296562279513,3.8503125,5.683394061330122
3.021473581911402,7.1701375,14.442920689948176
2.090109207125488,3.4310562499999997,4.780854838860301
2.411945112637907,4.569037499999999,7.346845111722878
3.0679880473054593,7.3926,15.120272292340227
2.066521012479421,3.35405,4.620809867937733
2.3960843339489126,4.50914375,7.202859132599101
5.7567371061926735,26.0281125,99.89133402193822
2.0822761656770727,3.4053875,4.7273048174297525
2.9392287411376654,6.78510625,13.295319534448533
2.141597444620146,3.6021812499999997,5.1429481067057345
2.6301689998356665,5.43321875,9.52685568371726
5.742526427627128,25.89976875,99.15340434420412
2.2555644047814263,3.99576875,6.008475841491981
2.296251605039368,4.1412249999999995,6.339529702052771
3.0250770102425157,7.18725,14.494656494577011
2.741708872163812,5.9038125,10.79102340722774
2.3315625171685785,4.2695687499999995,6.636510974649534
2.4254575159144154,4.620375,7.471015513395376
2.2771952456495144,4.072775,6.1830025777334665
3.702005951526472,10.7637625,26.565008557211637
2.6712678796386844,5.60434375,9.98046896388587
2.6177135123173256,5.38188125,9.392148846541506
2.066521012479421,3.35405,4.620809867937733
2.380117863554854,4.44925,7.059826269614289
2.350178082253045,4.33801875,6.796744391101834
2.1769147426503643,3.72196875,5.401605762372631
2.8123223766966707,6.2118375,11.646459734435668
3.670976817168691,10.584081249999999,25.902611266519877
2.5587863663539365,5.14230625,8.772042082744425
3.1468695034697536,7.77763125,16.31679372657222
2.315151113962757,4.209675,6.497355843780778
2.6996648434119224,5.72413125,10.302157263133696
2.3292251105487503,4.2610125,6.616571540908072
3.103294020150519,7.563725,15.64830837504199
2.4388950565027536,4.6717125,7.595877681101414
2.611463491034249,5.3562125,9.325035595980852
2.272406186204278,4.0556624999999995,6.144075036104471
2.1030994453386973,3.4738374999999997,4.870550479631178
2.709734497331338,5.7669125,10.417867829560873
2.3315625171685785,4.2695687499999995,6.636510974649534
2.1693951528489643,3.6963,5.345823535650418
2.010405884907704,3.1743687499999997,4.254513077244742
2.0744135466639464,3.37971875,4.673956239276093
2.015817485235409,3.19148125,4.288962471700639
2.480967161788268,4.83428125,7.995795354732492
2.450036709093717,4.71449375,7.700455168195265
2.411945112637907,4.569037499999999,7.346845111722878
2.1693951528489643,3.6963,5.345823535650418
3.310516695286112,8.6075875,18.9970414165907
2.2092038889334833,3.8331999999999997,5.645546898039886
6.32826334168052,31.452775,132.69429535108367
2.0822761656770727,3.4053875,4.7273048174297525
2.2116681438980548,3.84175625,5.664459943164168
2.5459816836558233,5.09096875,8.641008793042786
2.2410278554692598,3.9444312499999996,5.893053536822288
2.1492142941939174,3.62785,5.1980180514609335
2.74766264436988,5.929481249999999,10.861476087411079
2.9888472361104363,7.016125,13.980083876303558
2.450036709093717,4.71449375,7.700455168195265
2.1108552163869168,3.49950625,4.924634015060745
2.079658595609427,3.39683125,4.7094995379314755
2.528807918105647,5.02251875,8.467323455889382
2.38925462599353,4.483474999999999,7.141442256184227
2.916905161720899,6.68243125,12.994678803980026
2.274801976206745,4.06421875,6.163528562824337
2.161849407715686,3.67063125,5.290234662503457
2.8717374500400727,6.4770812499999995,12.400317861718246
2.0506448156351045,3.3027124999999997,4.51512684377217
2.2843600097998285,4.0984437499999995,6.241547336609362
2.333897582868648,4.278125,6.656470397806621
2.3960843339489126,4.50914375,7.202859132599101
2.4388950565027536,4.6717125,7.595877681101414
2.4277022711527803,4.62893125,7.491777939090051
2.483161737327308,4.8428375,8.01703252006256
2.571527290107306,5.19364375,8.903731092146831
2.4321855663311647,4.64604375,7.533360366195412
2.0426604446963794,3.27704375,4.462591762442995
2.2771952456495144,4.072775,6.1830025777334665
2.0131135034881087,3.182925,4.271726198726592
2.0265973347459454,3.22570625,4.358138459282225
2.0426604446963794,3.27704375,4.462591762442995
2.4321855663311647,4.64604375,7.533360366195412
2.5331122751238446,5.039631249999999,8.510634520981817
2.373242207792749,4.42358125,6.998819821400406
3.1761593664986107,7.923087499999999,16.776659049808703
2.970566653394364,6.9305625,13.725131901176988
2.5201771491812353,4.9882937499999995,8.380922614769048
2.354808979516572,4.3551312499999995,6.83700144964882
2.5459816836558233,5.09096875,8.641008793042786
2.0076946147800685,3.1658125,4.237323138435617
2.7317570829831412,5.86103125,10.673942420515354
2.2652036128206112,4.02999375,6.085837601429653
2.2214978285274163,3.8759812499999997,5.740322620191986
2.0848904494005085,3.41394375,4.745132479443704
2.121152132207027,3.5337312499999998,4.997054383722734
2.0532993731421074,3.31126875,4.532684032453365
3.553354279484109,9.91669375,23.491684116597202
3.9497381158558875,12.25255,32.26290916762003
5.238547374782321,21.55319375,75.27161769149147
3.3756905995593978,8.9498375,20.14125487755612
4.171087016577388,13.66433125,37.99674311139178
4.15013980561935,13.52743125,37.42715393226941
6.158129304423761,29.78430625,122.27707275337121
3.174443914379685,7.91453125,16.74949037448689
3.471157785989006,9.4632125,21.89886916656232
2.697646402125319,5.715574999999999,10.279066889884946
3.2221313644034044,8.15410625,17.515734331201884
2.077037726772803,3.3882749999999997,4.691716669120746
2.709734497331338,5.7669125,10.417867829560873
2.1668828240931584,3.6877437499999997,5.327272394354595
4.264076233065558,14.28038125,40.5950895248267
2.4875450800810937,4.8599499999999995,8.059563141293408
3.2923677005108396,8.51346875,18.68631302120559
2.5566567060878826,5.13375,8.75015757658578
2.2676070125553482,4.03855,6.105229533703601
2.866041436266883,6.4514125,12.326677031633416
2.8469724192293,6.36585,12.082266249967224
2.567287341155513,5.17653125,8.859762099480616
2.785074320104196,6.0920499999999995,11.311208007860511
2.646685137022096,5.501668749999999,9.707456606295954
2.771349829509325,6.03215625,11.144810130007404
4.299695627055998,14.51995625,41.62092826211292
3.23899244951552,8.23966875,17.792149911839324
3.5333698659237065,9.805462499999999,23.09755047929662
2.0426604446963794,3.27704375,4.462591762442995
7.51935295657697,44.4069375,222.60762452210247
3.8420803197014917,11.593718749999999,29.69599909435278
2.798731509003021,6.15194375,11.4784258764928
4.26535347623725,14.2889375,40.63157949157453
3.3334725095211213,8.727375,19.394976428521264
2.8084459828808406,6.194725,11.598367027534342
2.181913405357276,3.73908125,5.4389010020633615
4.2857375994014655,14.4258375,41.21690278440376
2.644626260680142,5.4931125,9.68481971358023
2.3960843339489126,4.50914375,7.202859132599101
2.915037146696313,6.673875,12.96972902493857
3.0555345796483273,7.332706249999999,14.936891672852271
6.996244868134518,38.44323125,179.30550623154733
2.4765721766511173,4.8171687499999996,7.953377397655494
3.158962925209863,7.837524999999999,16.50563393360362
2.926227349634205,6.7252125,13.119667166401214
4.626771688160987,16.813031249999998,51.86003798644395
2.3245432462962605,4.2439,6.576752721971133
2.894409413372328,6.57975625,12.69633895179694
3.694641699253693,10.72098125,26.406789588777986
2.974231758617319,6.947674999999999,13.775997089034382
2.924365289407701,6.71665625,13.094637598922194
3.1468695034697536,7.77763125,16.31679372657222
2.2938782177332855,4.13266875,6.319892551154697
2.8736336123133897,6.485637499999999,12.42489727818679
4.514749783103365,16.00874375,48.18364824871324
2.779200694613458,6.06638125,11.239793989193375
3.3546479692872935,8.83860625,19.766941671928315
3.7327771615895937,10.94344375,27.232957932760254
4.845297293949021,18.43871875,59.560716042174704
4.2268682971687195,14.03225,39.541648441963844
3.2923677005108396,8.51346875,18.68631302120559
2.8488850646712613,6.37440625,12.106633841181429
3.463302700596484,9.42043125,21.75053665927234
3.7196206709008783,10.8664375,26.946017029368306
3.046608079184699,7.289924999999999,14.806362934433674
6.764277832074093,35.93625,162.0551861619151
2.0559505031980736,3.319825,4.550263919519697
4.412239398790835,15.29001875,44.975482091333724
5.694901402066939,25.471956249999998,96.70685290767514
2.928088225720302,6.733768749999999,13.14471266106554
3.0250770102425157,7.18725,14.494656494577011
3.3966028690537273,9.06106875,20.517901408628717
2.4765721766511173,4.8171687499999996,7.953377397655494
2.9410813910166356,6.7936625,13.320476237065035
2.045325364870306,3.2855999999999996,4.480080679211918
3.8164756487699485,11.439706249999999,29.106240221470927
3.3998087242921904,9.07818125,20.576053209637188
3.0821589681984745,7.461049999999999,15.330761446451483
2.5863123737764364,5.2535375,9.058192694899017
3.9095396997677683,12.00441875,31.287834450507713
2.2483078785062047,3.9701,5.950671405638324
5.664211241816066,25.19815625,95.1517866028585
3.1658527107667243,7.87175,16.613867383985305
5.487389796818302,23.649475,86.515925210073
3.3692299417723217,8.9156125,20.025832389493047
3.2119722281402594,8.10276875,17.35057879736184
5.021948904906555,19.80771875,66.31556765683969
2.5158506616144725,4.97118125,8.337833091211975
2.6915819963983556,5.68990625,10.209899482462987
3.032271020426169,7.221475,14.598312911488046
5.6651728259400995,25.2067125,95.20025512418974
5.6891596078978255,25.42061875,96.41463826684672
2.250729320111086,3.97865625,5.969918851012149
4.352578205066437,14.87931875,43.17559899832425
2.407424124384527,4.551925,7.305609371592692
4.963031975248756,19.34568125,64.00882308448021
3.1190513266366313,7.64073125,15.887888627857642
2.937374922762681,6.776549999999999,13.270178688564963
3.4774290788815034,9.4974375,22.0177768915731
2.9888472361104363,7.016125,13.980083876303558
3.8434978000373774,11.602274999999999,29.72887895861911
2.8006770994423777,6.1605,11.502380847409844
3.4459584851762006,9.3263125,21.42539046318657
3.0803911682433527,7.4524937499999995,15.304397285925857
2.3268853559546496,4.25245625,6.596652116641882
2.567287341155513,5.17653125,8.859762099480616
2.9000497098812397,6.605424999999999,12.770707236594857
3.064435077905858,7.375487499999999,15.067801741104113
2.996128238948319,7.05035,14.08250181964619
4.267906815871039,14.306049999999999,40.704592202127905
5.824465755015622,26.6441625,103.45867470154758
4.706146922109807,17.39485625,54.57516613432003
2.1030994453386973,3.4738374999999997,4.870550479631178
3.0519671124894843,7.31559375,14.884634355555741
7.226042416931322,41.01010625,197.56051152357355
2.6610526686851115,5.5615625,9.866407155122694
3.0070166875744797,7.1016875,14.236595214959394
3.757502626428057,11.088899999999999,27.777713916132054
3.7806259377632156,11.2258,28.293700434761547
2.121152132207027,3.5337312499999998,4.997054383722734
3.8406623162135567,11.5851625,29.663131360640296
2.0691552022198847,3.36260625,4.638502810136398
4.96412938421192,19.3542375,64.05129272184415
4.193228773795838,13.809787499999999,38.60506553667073
2.489733857521782,4.868506249999999,8.080856564120932
2.4254575159144154,4.620375,7.471015513395376
2.0585982190449528,3.32838125,4.567866475701742
3.3982061747219885,9.069625,20.54697045160861
3.0070166875744797,7.1016875,14.236595214959394
2.883095717642843,6.528418749999999,12.548037427402825
3.1207972273200273,7.6492875,15.91458348064916
2.798731509003021,6.15194375,11.4784258764928
2.359430787652217,4.37224375,6.877337676579988
5.265512952225966,21.775656249999997,76.44000001839689
4.8340422327699315,18.353156249999998,59.14662161141694
4.906738676428053,18.9093125,61.85536999227629
7.605068930146855,45.42513125,230.30750287814533
3.431702562703548,9.24930625,21.1605786409033
2.560914255591823,5.1508625,8.793944803228891
2.3104407304178385,4.1925625,6.457778109881625
3.0376553472835393,7.247143749999999,14.67621664314665
5.021948904906555,19.80771875,66.31556765683969
3.3546479692872935,8.83860625,19.766941671928315
2.7456794881069135,5.9209249999999995,10.837974882079617
2.875528524232013,6.49419375,12.449492913342837
3.713758380936291,10.832212499999999,26.8188133039719
2.7752780381847595,6.0492687499999995,11.192268472634916
3.885781776493807,11.858962499999999,30.720893580415627
3.18984977204789,7.9915375,16.994536048458105
4.618523266519893,16.753137499999998,51.58317022063794
4.438088978962629,15.4697,45.770603385238786
2.901927372564121,6.61398125,12.795528820667238
2.9906691486454386,7.0246812499999995,14.005664995628715
2.8316247472105505,6.2974,11.887915788722479
2.2165884350602267,3.8588687499999996,5.702349229110207
4.235879447363023,14.09214375,39.795081386606846
3.6605753237991823,10.5241875,25.683054043690532
3.1068025504063255,7.5808374999999995,15.701443519477273
3.7005342734911637,10.755206249999999,26.533339564394243
3.010637419394882,7.118799999999999,14.28808377412552
9.01440561100739,63.821068749999995,383.53933349365894
5.16208341858692,20.9285875,72.02340967213031
6.042947163822804,28.68055,115.54336551958541
2.0532993731421074,3.31126875,4.532684032453365
3.603586238558911,10.19905,24.502104150916164
4.577058193695288,16.45366875,50.20626624569041
2.368647349256474,4.40646875,6.9582470161793255
2.0426604446963794,3.27704375,4.462591762442995
3.247390162467662,8.282449999999999,17.93089776742019
4.806922567266082,18.14780625,58.15673293966496
2.3824053392039657,4.45780625,7.080200940757871
3.032271020426169,7.221475,14.598312911488046
2.095314966638671,3.44816875,4.816666392913839
2.0822761656770727,3.4053875,4.7273048174297525
2.077037726772803,3.3882749999999997,4.691716669120746
3.07153690684622,7.4097124999999995,15.172803608579848
2.9206376074726053,6.69954375,13.04462628610536
4.059908596024137,12.945606249999999,35.03865206341253
4.4233362877961095,15.367025,45.315679545313344
2.7967845651089553,6.143387499999999,11.454487558322192
3.913717303488357,12.030087499999999,31.388241074152663
5.315960899680958,22.194912499999997,78.65819134789344
2.159328299677013,3.6620749999999997,5.271748122026462
2.9318064344890074,6.75088125,13.194851391480794
4.462568419899279,15.640825,46.53216780411408
3.6813489216824387,10.643975,26.12279059244322
2.368647349256474,4.40646875,6.9582470161793255
3.194968550048326,8.01720625,17.07648121866725
2.3221987744478114,4.23534375,6.5568733770767995
4.375046495364694,15.03333125,43.84768213264602
2.4321855663311647,4.64604375,7.533360366195412
8.373457295553884,55.068025,307.4065037919958
2.948480349604336,6.8278875,13.421261415372717
2.2141296562279513,3.8503125,5.683394061330122
5.120764898149401,20.59489375,70.30773933074433
2.270007867661439,4.04710625,6.124642019174521
2.9595441046098214,6.879225,13.57291319535633
3.4695881916125813,9.45465625,21.869175787170725
5.934711945667784,27.66235625,109.44541072146197
6.92188539696431,37.6303875,173.64881981223886
2.858429094971603,6.4171875,12.228716971925389
4.620881460835677,16.77025,51.662224879053
2.4478124356355675,4.7059375,7.679501555882501
3.851991728186861,11.6536125,29.92641263566333
2.7733146293516726,6.0407125,11.168530898638341
3.167572815599297,7.880306249999999,16.640962570731485
11.594562658688792,105.584125,816.1345020502198
3.193263202422134,8.00865,17.04915156405202
2.7337503390549767,5.8695875,10.697324545491899
4.998029549201371,19.61948125,65.37249801833484
3.1138077510709956,7.6150625,15.80789375826005
3.0962650325970817,7.5295,15.54221837529315
7.74488361020675,47.1107125,243.24465673760812
2.3846906206303164,4.4663625,7.100595174723314
2.974231758617319,6.947674999999999,13.775997089034382
2.582096702883109,5.236425,9.013970484929787
4.001800732960244,12.5776875,33.55559937096326
4.698037862927577,17.3349625,54.29354011828644
2.43442411771743,4.654599999999999,7.554180332218365
3.7064174795483225,10.78943125,26.66009105292327
2.924365289407701,6.71665625,13.094637598922194
4.219129136028209,13.980912499999999,39.32485018467398
4.1052721112160695,13.23651875,36.226340849309054
3.670976817168691,10.584081249999999,25.902611266519877
2.2067368821461666,3.82464375,5.626654949463213
4.554390491299029,16.2911,49.46402062186773
2.924365289407701,6.71665625,13.094637598922194
3.433289477268227,9.2578625,21.189947935497408
10.60473341897151,88.32616875,624.450315675228
3.1120579292126247,7.60650625,15.781258725945255
2.524496222014313,5.00540625,8.424086111847886
4.338790305697929,14.7852,42.76658828520334
3.880170536344093,11.8247375,30.5879986983354
4.082653359960844,13.0910625,35.63084686738828
2.079658595609427,3.39683125,4.7094995379314755
2.7575570323275067,5.972262499999999,10.979236303853904
4.675956672196926,17.172393749999998,53.53157942193685
2.0691552022198847,3.36260625,4.638502810136398
3.1606867795947604,7.846081249999999,16.532670185667556
6.423096466776952,32.40251875,138.74966913186594
2.3571210163813228,4.3636875,6.857159676780315
3.0015774005991376,7.076018749999999,14.159478644143839
6.706859885505998,35.32875625,157.96334539862949
2.963222843263738,6.8963375,13.623589876570895
7.2448632083467706,41.2240125,199.10822097445157
3.6066081143424005,10.2161625,24.56379637996037
2.0532993731421074,3.31126875,4.532684032453365
2.0239077551471385,3.2171499999999997,4.340809889647745
5.5769897763038685,24.42809375,90.82348606556161
3.989531514304579,12.50068125,33.24790786476757
2.526652989790877,5.0139625,8.445695560882895
4.86884823543486,18.618399999999998,60.43344265774692
6.6029093383349,34.2421125,150.73170959370947
4.594874758499167,16.582012499999998,50.79484712091178
2.079658595609427,3.39683125,4.7094995379314755
3.206880591288111,8.0771,17.2681968159288
6.798816315450692,36.304168749999995,164.55024987758344
3.0803911682433527,7.4524937499999995,15.304397285925857
2.755580996937714,5.9637062499999995,10.95565040921245
3.312161672627518,8.616143749999999,19.025374063066085
4.302228584935227,14.53706875,41.694528478279075
2.62187191607027,5.39899375,9.436980058775939
2.594723167925177,5.2877624999999995,9.146853243490636
3.2641207737824516,8.368012499999999,18.209468957680816
3.7458874436876273,11.02045,27.52091018585821
4.497826966665895,15.88895625,47.643850595616414
2.6712678796386844,5.60434375,9.98046896388587
3.9813310297564484,12.449343749999999,33.043305714652995
2.443357814226735,4.688825,7.637651468861113
4.954243952461813,19.27723125,63.66940422701359
4.234593314208323,14.0835875,39.75884364504526
3.0015774005991376,7.076018749999999,14.159478644143839
2.274801976206745,4.06421875,6.163528562824337
5.269649255261489,21.80988125,76.620282990936
3.1485999789942536,7.7861875,16.34372653263021
4.864371132662329,18.584175,60.266882929563295
2.409685678781207,4.56048125,7.326217570983477
2.837389852765942,6.32306875,11.960674073060948
5.253084501490883,21.67298125,75.90000127031833
3.021473581911402,7.1701375,14.442920689948176
2.191876532083033,3.7733062499999996,5.51374761182482
3.2051815815840676,8.06854375,17.2407652118035
3.336739019378399,8.7444875,19.452048430477774
3.0178658509746983,7.1530249999999995,14.391246585778863
3.863287915863523,11.7220625,30.190468270164633
2.892526870465286,6.571199999999999,12.671581714134321
3.328566734221971,8.701706249999999,19.309473303147605
4.2448714684398805,14.152037499999999,40.04905346936083
2.045325364870306,3.2855999999999996,4.480080679211918
2.0399920432375636,3.2684875,4.445125662280955
6.0528543794771,28.77466875,116.11258650762689
3.046608079184699,7.289924999999999,14.806362934433674
5.953955252687017,27.8420375,110.51349694575588
6.157244706372162,29.77575,122.22438604384057
3.8449147577998133,11.610831249999999,29.761770948965495
2.0426604446963794,3.27704375,4.462591762442995
2.2627976603490003,4.0214375,6.06646624415982
2.8006770994423777,6.1605,11.502380847409844
3.289057123805811,8.49635625,18.630000700303018
2.5115167209948446,4.954068749999999,8.294817668388685
3.217055806464697,8.1284375,17.433091371240252
2.3846906206303164,4.4663625,7.100595174723314
2.997945726673215,7.05890625,14.108145218116224
3.2406737330180566,8.248225,17.81987073434857
3.94697895511688,12.2354375,32.19534287943193
4.5865689742235745,16.52211875,50.51989149812505
2.1134341485843597,3.5080625,4.9427060552454805
2.8717374500400727,6.4770812499999995,12.400317861718246
4.0370356895303505,12.800149999999999,34.449774920894605
5.4254962094943835,23.1189875,83.62131936573203
2.845058487974842,6.357293749999999,12.057915029324608
4.966323474654616,19.37135,64.13626016050048
2.8123223766966707,6.2118375,11.646459734435668
3.5194680289393094,9.728456249999999,22.825993828539865
7.723050129589688,46.845468749999995,241.19326900025146
2.4544792090413092,4.73160625,7.742419443996611
4.050505982848093,12.885712499999999,34.79577038300697
2.8812057825215924,6.5198624999999995,12.523377024163793
3.0608779843356384,7.358375,15.01539202532383
3.139938064428885,7.74340625,16.20921068847435
2.9094259054073643,6.648206249999999,12.894975658827429
3.9676258908767017,12.363781249999999,32.70323906442393
9.123121764475766,65.36975,397.58412597555974
4.450345530825214,15.5552625,46.150861965125365
2.4589136827724007,4.74871875,7.7844596733419005
2.443357814226735,4.688825,7.637651468861113
2.3571210163813228,4.3636875,6.857159676780315
3.2406737330180566,8.248225,17.81987073434857
3.92761055734534,12.115649999999999,31.723703232734042
5.1747304365257225,21.0312625,72.55407611820802
3.2524183825048816,8.30811875,18.01431876435565
4.26663033705802,14.29749375,40.66808038509828
3.171010226068806,7.89741875,16.69519707719835
3.3088709001581544,8.59903125,18.968722848450394
2.611463491034249,5.3562125,9.325035595980852
2.7967845651089553,6.143387499999999,11.454487558322192
3.225510632625697,8.17121875,17.5709019730903
2.8239196315753485,6.2631749999999995,11.791135225661286
5.1015819445281405,20.44088125,69.52055381016254
2.843143268311158,6.3487374999999995,12.033580190266404
2.843143268311158,6.3487374999999995,12.033580190266404
4.4233362877961095,15.367025,45.315679545313344
4.622060106808381,16.77880625,51.70176733866142
3.1830119297318724,7.9573125,16.88548041073636
4.768239011273887,17.856893749999998,56.76395826594857
2.405160443466083,4.54336875,7.285020531719961
3.27578135974009,8.42790625,18.405318796924668
3.769082014821496,11.15735,28.035311478712412
3.0839257547971104,7.46960625,15.357140728378976
2.3080819337534524,4.1840062499999995,6.438019490891021
6.085165219607612,29.082693749999997,117.98199766666643
3.5101695502636487,9.67711875,22.645551713690278
2.1313993035996277,3.56795625,5.069826311015959
2.045325364870306,3.2855999999999996,4.480080679211918
3.0768525212759816,7.43538125,15.251714363807107
7.508478976980839,44.27859375,221.64326020143343
2.569408190208785,5.1850875,8.881737526299462
2.50282632566028,4.91984375,8.20900963709013
4.368816894461211,14.990549999999999,43.660645398177
3.428526530035434,9.23219375,21.10188080153488
2.997945726673215,7.05890625,14.108145218116224
2.8546153119590207,6.400074999999999,12.179834728457422
2.883095717642843,6.528418749999999,12.548037427402825
4.6244164975333675,16.79591875,51.78088250581999
2.7733146293516726,6.0407125,11.168530898638341
3.152058079958537,7.803299999999999,16.397636543560303
2.7177633578820064,5.801137499999999,10.510745954356816
3.5701767953322814,10.0108125,23.82691365994823
6.179321667506397,29.98965625,123.54382177779577
5.193643219945823,21.185275,73.35250657762515
3.023275832940679,7.17869375,14.468780884304861
5.536800030248305,24.0772875,88.87408410553142
5.7330330727678165,25.814206249999998,98.6624654523331
3.1207972273200273,7.6492875,15.91458348064916
3.2641207737824516,8.368012499999999,18.209468957680816
4.737294698512948,17.625875,55.665976129434604
3.414197821518995,9.1551875,20.838414145398623
2.4743717566905366,4.8086125,7.932196639246047
2.1968411511999735,3.7904187499999997,5.551298593519976
3.685785174252072,10.669643749999999,26.217343165534185
2.141597444620146,3.6021812499999997,5.1429481067057345
5.215621455688351,21.36495625,74.28768281156195
7.064426938549716,39.196181249999995,184.59903914051816
3.81504812837261,11.431149999999999,29.07359160843103
2.72776620125686,5.843918749999999,10.627229366094156
3.18984977204789,7.9915375,16.994536048458105
9.196859575715333,66.430725,407.3026995586414
9.55473840886736,71.701375,456.72525445406785
3.7093555834417673,10.80654375,26.72354226451348
2.8006770994423777,6.1605,11.502380847409844
2.963222843263738,6.8963375,13.623589876570895
4.572295384711558,16.41944375,50.04969791843736
3.019670255232163,7.161581249999999,14.417075920702247
3.362756871544026,8.881387499999999,19.91063122964681
3.9908966235025463,12.5092375,33.28204913422762
3.5732269255727878,10.027925,23.888034411749665
2.9888472361104363,7.016125,13.980083876303558
5.085540875749198,20.312537499999998,68.86682649762562
2.2458838261803367,3.9615437499999997,5.931444689887197
4.398638516386754,15.1959,44.56084735410765
2.354808979516572,4.3551312499999995,6.83700144964882
2.3198519332475245,4.2267874999999995,6.537014102200981
2.8981708307012584,6.59686875,12.745901723476447
2.066521012479421,3.35405,4.620809867937733
3.6769073167008894,10.61830625,26.02835196106386
2.0131135034881087,3.182925,4.271726198726592
3.6798689823576347,10.63541875,26.091298381673205
3.1329912902896573,7.709181249999999,16.10186514100955
3.5854014989224674,10.096375,24.133038705788877
2.9094259054073643,6.648206249999999,12.894975658827429
4.887830171888753,18.76385625,61.143028479822235
3.3138058334002247,8.624699999999999,19.05372078088461
2.4366606125554147,4.66315625,7.575019443044407
4.685266699676773,17.24084375,53.85196739747028
3.7005342734911637,10.755206249999999,26.533339564394243
6.631719775833613,34.54158125,152.71339164279232
4.92114910004414,19.020543749999998,62.401954505108456
5.39428311156766,22.85374375,82.18637596447998
3.1260290788174525,7.674956249999999,15.99475761076783
3.5701767953322814,10.0108125,23.82691365994823
3.0997815187191318,7.546612499999999,15.595233304289852
2.9094259054073643,6.648206249999999,12.894975658827429
7.381908126284861,42.798362499999996,210.62238662029017
3.030474118922932,7.21291875,14.572375729179296
6.6840805770038125,35.089181249999996,156.3592765707276
5.377089327713944,22.708287499999997,81.40299357793997
2.015817485235409,3.19148125,4.288962471700639
2.154277232409223,3.6449624999999997,5.234839817823602
7.232070399140745,41.07855625,198.0553404633753
5.611070345300465,24.727562499999998,92.4987284368759
3.3088709001581544,8.59903125,18.968722848450394
3.0997815187191318,7.546612499999999,15.595233304289852
3.206880591288111,8.0771,17.2681968159288
2.6405036919061016,5.476,9.639598811251876
3.0376553472835393,7.247143749999999,14.67621664314665
4.177611480156293,13.7071125,38.17532702652921
3.433289477268227,9.2578625,21.189947935497408
3.016060367204973,7.14446875,14.365432694406303
4.520778293978271,16.051524999999998,48.37692387016639
3.0697629899169425,7.40115625,15.146530359228313
2.2385959200209644,3.935875,5.873889144475008
2.713751896864708,5.784025,10.464272543508597
2.9997621132237864,7.0674624999999995,14.133804162753243
3.343262464548795,8.7787125,19.56635999221021
2.5459816836558233,5.09096875,8.641008793042786
2.3104407304178385,4.1925625,6.457778109881625
2.420961761324711,4.6032625,7.429548326559994
3.2741181043093106,8.41935,18.37729750767773
2.3080819337534524,4.1840062499999995,6.438019490891021
2.1365044589455597,3.58506875,5.106343580000922
3.07153690684622,7.4097124999999995,15.172803608579848
3.7327771615895937,10.94344375,27.232957932760254
4.73269314842409,17.591649999999998,55.50392094964976
2.879314606878036,6.51130625,12.4987327969875
2.8527065084610888,6.3915187499999995,12.155418091384053
2.066521012479421,3.35405,4.620809867937733
2.9943096480439215,7.04179375,14.056873976773588
2.274801976206745,4.06421875,6.163528562824337
3.4062113829285243,9.11240625,20.692521263079346
2.077037726772803,3.3882749999999997,4.691716669120746
3.809332697255622,11.396925,28.943119367113347
4.70267332321943,17.3691875,54.454409801497576
5.143054580214612,20.774575,71.22984873717465
4.0194568205705945,12.68891875,34.00170734356907
5.523009722333708,23.9575,88.21167028187318
2.2676070125553482,4.03855,6.105229533703601
2.8219900654931465,6.25461875,11.766981317298107
2.3938099297021815,4.5005875,7.182367364662343
2.1693951528489643,3.6963,5.345823535650418
2.4765721766511173,4.8171687499999996,7.953377397655494
4.0140324499202675,12.65469375,33.86423423753545
2.0559505031980736,3.319825,4.550263919519697
3.3933939851356385,9.043956249999999,20.45980449371991
2.164367579108341,3.6791875,5.308742761640446
7.561251875526431,44.9032,226.34960347809238
3.5793193885230354,10.062149999999999,24.010432390151372
2.62187191607027,5.39899375,9.436980058775939
2.045325364870306,3.2855999999999996,4.480080679211918
2.199319258193377,3.798975,5.570105919263456
3.129512120654204,7.69206875,16.048281590686955
2.3617382999764818,4.3808,6.897535429691315
4.129086329021466,13.390531249999999,36.86043968180648
2.779200694613458,6.06638125,11.239793989193375
3.3756905995593978,8.9498375,20.14125487755612
6.111069159296655,29.330824999999997,119.49513338281817
3.0662120772305563,7.38404375,15.094029416699204
2.8200591791463125,6.2460625,11.742843924431044
6.3067077802361755,31.238868749999998,131.34294439426782
2.066521012479421,3.35405,4.620809867937733
4.55199785100188,16.2739875,49.38610408482097
3.2187485483900202,8.13699375,17.460624547380775
2.735742142844943,5.87814375,10.720723719050405
4.573486551954565,16.428,50.08882471700638
2.8546153119590207,6.400074999999999,12.179834728457422
3.458581085993934,9.394762499999999,21.661698593270053
3.656108482203936,10.498518749999999,25.589148968301373
4.26535347623725,14.2889375,40.63157949157453
5.801977386274298,26.438812499999997,102.26492816329748
3.0430301471467875,7.2728125,14.754258461363992
3.030474118922932,7.21291875,14.572375729179296
2.3960843339489126,4.50914375,7.202859132599101
3.215362173387873,8.119881249999999,17.405572682434293
2.181913405357276,3.73908125,5.4389010020633615
3.846331193566337,11.6193875,29.794675060923183
2.1968411511999735,3.7904187499999997,5.551298593519976
4.316133282399282,14.6311875,42.1001035531829
2.896290732656682,6.5883125,12.721112291730778
5.249972791571381,21.647312499999998,75.76520109042872
2.1365044589455597,3.58506875,5.106343580000922
3.030474118922932,7.21291875,14.572375729179296
3.0015774005991376,7.076018749999999,14.159478644143839
3.136466600609695,7.72629375,16.155508195582957
2.0506448156351045,3.3027124999999997,4.51512684377217
3.16413167084026,7.86319375,16.58678691888546
6.472937773294777,32.9073375,142.00476528153976
5.929202386740062,27.61101875,109.14087884854976
2.161849407715686,3.67063125,5.290234662503457
2.7177633578820064,5.801137499999999,10.510745954356816
2.6855038960634254,5.6642375,10.140887916319038
2.0585982190449528,3.32838125,4.567866475701742
2.944783194106763,6.810775,13.370837172561659
2.89064310154489,6.562643749999999,12.646840589222792
4.0058821218160015,12.60335625,33.65837298450198
3.7152248206305334,10.840768749999999,26.850595423143893
5.4365287485342115,23.21310625,84.13247964726945
3.0358616327207075,7.2385874999999995,14.650233377561134
3.636688769682284,10.3872875,25.183554532474105
3.2187485483900202,8.13699375,17.460624547380775
2.9429328746063828,6.80221875,13.345648786425956
2.9038038211097428,6.6225375,12.820366465295043
4.292087784539902,14.46861875,41.40038786402666
5.444538371659812,23.281556249999998,84.50488423672084
3.131252188690047,7.700625,16.075065923687525
2.4633401736330716,4.76583125,7.826575719253945
2.8006770994423777,6.1605,11.502380847409844
3.1277710845691584,7.6835125,16.021512150283787
7.118961513857648,39.803675,188.90722029006517
3.919280514972453,12.0643125,31.522283271859067
2.2771952456495144,4.072775,6.1830025777334665
2.22884164303253,3.9016499999999996,5.797439997691914
3.003391590792335,7.084575,14.185168652891734
3.394998806216192,9.052512499999999,20.48884608717144
3.8064717635458054,11.3798125,28.8779566371304
3.344891337953375,8.787268749999999,19.59497275076225
2.6733062377221195,5.6129,10.00333372114032
3.6798689823576347,10.63541875,26.091298381673205
2.2017945760935342,3.80753125,5.58893443637109
2.199319258193377,3.798975,5.570105919263456
2.159328299677013,3.6620749999999997,5.271748122026462
3.2000791401716646,8.042875,17.15855767633878
2.8412267576327683,6.34018125,12.009261743827713
2.010405884907704,3.1743687499999997,4.254513077244742
2.100507824581783,3.46528125,4.852566920001027
4.239735505919725,14.1178125,39.90386061477821
2.8354694533224114,6.314512499999999,11.936404870915021
3.5823617344939076,10.079262499999999,24.071709527946265
2.937374922762681,6.776549999999999,13.270178688564963
5.5789428458003725,24.44520625,90.91893901503471
2.928088225720302,6.733768749999999,13.14471266106554
2.7752780381847595,6.0492687499999995,11.192268472634916
4.215254227080287,13.95524375,39.21660013808217
7.73080455182747,46.939587499999995,241.92051780393584
3.478995135740391,9.50599375,22.047537344419037
2.8641402477085682,6.442856249999999,12.302162597217132
2.338560719551536,4.2952375,6.696449132429825
3.0358616327207075,7.2385874999999995,14.650233377561134
2.3983565813385725,4.5177,7.223370351675513
3.1329912902896573,7.709181249999999,16.10186514100955
5.3139111749470835,22.177799999999998,78.56723950382761
5.381139866388324,22.7425125,81.58709378372319
4.383753064166066,15.093224999999999,44.10998089459856
2.498469792634855,4.9027312499999995,8.166217286354616
2.91316793384191,6.66531875,12.944795234223491
4.168474371775743,13.647218749999999,37.925387736928265
3.053751367019267,7.3241499999999995,14.910755383169443
3.726935566208021,10.909218749999999,27.10530357261227
2.031965813912392,3.2428187499999996,4.392864560476078
5.211442271158543,21.33073125,74.10924967398165
2.077037726772803,3.3882749999999997,4.691716669120746
3.039448003295157,7.2557,14.702215251672442
4.519573235102009,16.04296875,48.33824811605195
3.1778738925972974,7.931643749999999,16.803842399005013
3.4443774075590525,9.31775625,21.39591274442811
3.217055806464697,8.1284375,17.433091371240252
4.324958450946932,14.69108125,42.358877337157004
3.328566734221971,8.701706249999999,19.309473303147605
3.8050404900364563,11.37125625,28.845393635886744
3.0892200518358752,7.4952749999999995,15.436369216016095
2.4299449527129227,4.6374875,7.51255956259618
4.998029549201371,19.61948125,65.37249801833484
3.958004057472991,12.3038875,32.465891098460816
2.4142024319084197,4.57759375,7.367491975692523
2.154277232409223,3.6449624999999997,5.234839817823602
3.359515659348425,8.864275,19.853113780847174
2.5223376100573645,4.996849999999999,8.402495124543426
2.3571210163813228,4.3636875,6.857159676780315
4.585381205467617,16.5135625,50.48065274854323
3.553354279484109,9.91669375,23.491684116597202
4.9056284289477405,18.90075625,61.813391459074445
4.097303280451742,13.18518125,36.015790925983865
3.3805279900509047,8.97550625,20.227966735334554
6.453553891639057,32.71054375,140.73283794362806
4.0773130655103,13.056837499999999,35.49120942199655
4.823890225275814,18.276149999999998,58.774760893783025
2.0479868173492943,3.29415625,4.4975923828591915
4.030283659901446,12.75736875,34.27720987764156
2.0373201468149107,3.2599312499999997,4.42768240857101
4.171087016577388,13.66433125,37.99674311139178
2.4743717566905366,4.8086125,7.932196639246047
3.3088709001581544,8.59903125,18.968722848450394
4.067950681018456,12.99694375,35.247284119314024
3.2085787013310147,8.08565625,17.295642953355998
7.665707839458104,46.1524125,235.86060687410279
5.168410795938908,20.979924999999998,72.28858057865905
2.1869006425046074,3.75619375,5.476281683497861
3.2339433545525544,8.214,17.709073809529787
3.4062113829285243,9.11240625,20.692521263079346
3.0733097998693664,7.418268749999999,15.199092031626448
3.0286761513253735,7.204362499999999,14.546453926168558
2.987024212314047,7.00756875,13.954518350470188
4.550801059118173,16.26543125,49.347161173009226
2.368647349256474,4.40646875,6.9582470161793255
2.992489951948757,7.033237499999999,14.031261698946132
2.8239196315753485,6.2631749999999995,11.791135225661286
5.845004085554756,26.8324,104.55699175015963
3.023275832940679,7.17869375,14.468780884304861
2.141597444620146,3.6021812499999997,5.1429481067057345
4.19452759023516,13.818343749999999,38.640949407152384
3.851991728186861,11.6536125,29.92641263566333
6.51069584840247,33.29236875,144.5043246694061
5.154691661919997,20.86869375,71.71445444552464
4.915611628840509,18.9777625,62.19154002291553
2.961384045169655,6.88778125,13.598243666912465
3.9689985343673007,12.372337499999999,32.73719293613172
4.898961660165594,18.849418749999998,61.56171984843763
4.175002918253396,13.69,38.10385996725931
3.531827919585419,9.79690625,23.06732467954059
2.7889831982665525,6.1091625,11.358901045320057
4.02487388073838,12.72314375,34.139365973503175
4.912286149852035,18.95209375,62.06540509254822
2.550257054733938,5.10808125,8.684613495977766
5.058692726638959,20.09863125,67.78186647984897
2.1030994453386973,3.4738374999999997,4.870550479631178
2.6875314568626867,5.672793749999999,10.163874434279359
3.010637419394882,7.118799999999999,14.28808377412552
3.010637419394882,7.118799999999999,14.28808377412552
3.531827919585419,9.79690625,23.06732467954059
4.094643557172141,13.16806875,35.945698578391536
5.823530473475266,26.63560625,103.4088431175755
5.5672141513014815,24.34253125,90.34672296899902
2.9206376074726053,6.69954375,13.04462628610536
2.7733146293516726,6.0407125,11.168530898638341
2.467758724580645,4.782943749999999,7.8687674454939796
2.0848904494005085,3.41394375,4.745132479443704
2.0822761656770727,3.4053875,4.7273048174297525
4.001800732960244,12.5776875,33.55559937096326
6.054653949720363,28.79178125,116.21618137653144
2.2891240608761145,4.11555625,6.280679223842714
2.926227349634205,6.7252125,13.119667166401214
2.9815484529664165,6.9818999999999996,13.877915429177477
2.4366606125554147,4.66315625,7.575019443044407
2.743694898409151,5.91236875,10.814490651259124
3.2707890560622697,8.4022375,18.32129764095734
3.6216796723325553,10.301725,24.873032014973397
2.9429328746063828,6.80221875,13.345648786425956
2.598918357678237,5.304875,9.19129134845889
6.901394742839096,37.407925,172.11123795701278
2.843143268311158,6.3487374999999995,12.033580190266404
2.1365044589455597,3.58506875,5.106343580000922
2.0346447416596565,3.251375,4.410262031275778
2.825847880097457,6.271731249999999,11.81530563823565
2.350178082253045,4.33801875,6.796744391101834
2.9206376074726053,6.69954375,13.04462628610536
3.039448003295157,7.2557,14.702215251672442
2.8507964268887416,6.3829625,12.131017791976552
2.8045642312220718,6.1776124999999995,11.550340701233573
3.4899378569664794,9.565887499999999,22.25623528115495
4.186728647776942,13.76700625,38.42581297399948
3.1864326850766362,7.974424999999999,16.939978976461504
2.4478124356355675,4.7059375,7.679501555882501
3.425347552504349,9.215081249999999,21.043237337210805
2.9833748227872863,6.990456249999999,13.903434117364016
2.368647349256474,4.40646875,6.9582470161793255
3.0803911682433527,7.4524937499999995,15.304397285925857
4.223000489467893,14.00658125,39.433199649681185
3.503956855924391,9.642893749999999,22.5255224441753
2.89064310154489,6.562643749999999,12.646840589222792
3.171010226068806,7.89741875,16.69519707719835
3.0268771157337127,7.1958062499999995,14.520547511585747
3.2356272616463824,8.22255625,17.736751441947227
3.761849073949893,11.11456875,27.87422010635995
4.597245083525792,16.599125,50.87349719805338
4.2023120588994605,13.86968125,38.85648584664449
3.250743173337603,8.2995625,17.986497425709175
2.3268853559546496,4.25245625,6.596652116641882
5.182093609892452,21.091156249999997,72.86423068557885
2.491920712451529,4.8770625,8.102168706447088
3.669492694683467,10.575524999999999,25.87120781996158
3.7049475538591228,10.780875,26.62838430647398
6.309298336016092,31.2645375,131.50486295004183
2.922502042777378,6.7081,13.069623968769953
5.00782854912005,19.6964875,65.7577549465908
5.392263159011695,22.83663125,82.09408357687346
3.046608079184699,7.289924999999999,14.806362934433674
2.97972096370311,6.97334375,13.852412372655369
2.191876532083033,3.7733062499999996,5.51374761182482
2.333897582868648,4.278125,6.656470397806621
5.9512100184277985,27.81636875,110.36070158752126
3.531827919585419,9.79690625,23.06732467954059
3.019670255232163,7.161581249999999,14.417075920702247
3.3170917100958537,8.6418125,19.110456402635144
2.2141296562279513,3.8503125,5.683394061330122
2.4142024319084197,4.57759375,7.367491975692523
4.743040358233534,17.668656249999998,55.868766446336785
4.977279418864477,19.456912499999998,64.56166009393132
2.8084459828808406,6.194725,11.598367027534342
3.053751367019267,7.3241499999999995,14.910755383169443
3.032271020426169,7.221475,14.598312911488046
2.5201771491812353,4.9882937499999995,8.380922614769048
3.670976817168691,10.584081249999999,25.902611266519877
3.295674951671708,8.53058125,18.742681965883552
4.444221480131559,15.512481249999999,45.96060158759203
2.2483078785062047,3.9701,5.950671405638324
5.5955164128287604,24.5906625,91.73163708072181
3.0892200518358752,7.4952749999999995,15.436369216016095
2.9595441046098214,6.879225,13.57291319535633
2.2410278554692598,3.9444312499999996,5.893053536822288
5.349667973822291,22.47726875,80.16394984724772
2.901927372564121,6.61398125,12.795528820667238
3.0733097998693664,7.418268749999999,15.199092031626448
5.219797294192106,21.399181249999998,74.46625892445097
2.0559505031980736,3.319825,4.550263919519697
2.029283349622228,3.2342625,4.375490026371708
4.494192358422478,15.863287499999998,47.52844364130588
2.0532993731421074,3.31126875,4.532684032453365
4.160626593798503,13.59588125,37.71159006325096
2.2434571546708417,3.9529875,5.9122387261329346
4.65611105438155,17.0269375,52.85287461067583
2.0076946147800685,3.1658125,4.237323138435617
3.122542151821655,7.65784375,15.941293267626007
3.2724540035134724,8.41079375,18.349290453275728
3.249067100437661,8.291006249999999,17.958690424265352
3.557950126560511,9.9423625,23.58295327679032
4.3625783979266775,14.94776875,43.47387536396897
5.281007383812203,21.904,77.116790490015
2.966897020550142,6.91345,13.674329471148251
2.1237185604079127,3.5422875,5.015214473367296
3.1485999789942536,7.7861875,16.34372653263021
2.100507824581783,3.46528125,4.852566920001027
3.0768525212759816,7.43538125,15.251714363807107
2.015817485235409,3.19148125,4.288962471700639
4.267906815871039,14.306049999999999,40.704592202127905
2.6610526686851115,5.5615625,9.866407155122694
3.5333698659237065,9.805462499999999,23.09755047929662
4.2268682971687195,14.03225,39.541648441963844
2.8679413645075416,6.45996875,12.35120772770072
3.8364051610353873,11.55949375,29.564600987637526
3.1503295039689507,7.794743749999999,16.370674141001718
5.8412752149452105,26.798175,104.35701028884289
2.8679413645075416,6.45996875,12.35120772770072
6.40186022380656,32.1886125,137.37799868218178
3.6754255889289733,10.60975,25.99689776142611
2.108273129528813,3.4909499999999998,4.906584054352405
4.094643557172141,13.16806875,35.945698578391536
4.225579421304888,14.02369375,39.50548781378799
3.7093555834417673,10.80654375,26.72354226451348
5.083398242043076,20.295424999999998,68.77981851101138
3.9840664000755335,12.46645625,33.11145964909108
2.8123223766966707,6.2118375,11.646459734435668
3.1915569435760687,8.00009375,17.021836504714663
2.0532993731421074,3.31126875,4.532684032453365
2.2312842099496395,3.91020625,5.81652097551426
2.948480349604336,6.8278875,13.421261415372717
6.575629596249099,33.95975625,148.87118551927017
3.1761593664986107,7.923087499999999,16.776659049808703
5.820723727160664,26.609937499999997,103.25939638967488
3.016060367204973,7.14446875,14.365432694406303
2.338560719551536,4.2952375,6.696449132429825
2.2361613397248123,3.92731875,5.854745571684249
2.4142024319084197,4.57759375,7.367491975692523
2.654904675869217,5.53589375,9.798180134660118
5.0994460508006405,20.42376875,69.43327126310203
3.0142538019831635,7.1359125,14.33963425582945
2.416457642518728,4.58615,7.3881581448248435
2.2771952456495144,4.072775,6.1830025777334665
2.970566653394364,6.9305625,13.725131901176988
2.896290732656682,6.5883125,12.721112291730778
2.937374922762681,6.776549999999999,13.270178688564963
5.523995886027369,23.966056249999998,88.25893075286699
2.2434571546708417,3.9529875,5.9122387261329346
2.480967161788268,4.83428125,7.995795354732492
5.158916819729321,20.902918749999998,71.89094608054026
2.233724105932787,3.9187624999999997,5.8356228411169555
2.911297520850472,6.6567625,12.919877442093592
3.3072242860227665,8.590475,18.940418365647616
4.069289483319313,13.0055,35.28209625020622
4.079984086475127,13.07395,35.56100529824764
3.1120579292126247,7.60650625,15.781258725945255
3.5163712680854204,9.71134375,22.76579342466728
3.620175340108847,10.29316875,24.842050453552673
2.825847880097457,6.271731249999999,11.81530563823565
3.8829771700104145,11.841849999999999,30.654422133791883
2.298622541762896,4.14978125,6.359187149756672
2.9595441046098214,6.879225,13.57291319535633
3.6321925527110106,10.36161875,25.09026297185385
9.14756859058688,65.72055625,400.7888640722655
4.815979424221937,18.21625625,58.4860768575695
3.1242861017771166,7.666399999999999,15.968017980442722
3.6665226474994057,10.5584125,25.80843903526054
2.843143268311158,6.3487374999999995,12.033580190266404
8.065296312477109,51.08936875,274.7005982574388
3.39178840473578,9.0354,20.43077663476644
5.492350822871643,23.69225625,86.75078874024888
2.6177135123173256,5.38188125,9.392148846541506
2.4366606125554147,4.66315625,7.575019443044407
2.8527065084610888,6.3915187499999995,12.155418091384053
2.364043559968902,4.38935625,6.917752916814497
2.9056790578703255,6.63109375,12.845220160099865
2.0185178447651753,3.2000374999999996,4.306221865111826
3.620175340108847,10.29316875,24.842050453552673
2.6712678796386844,5.60434375,9.98046896388587
5.570148640208392,24.368199999999998,90.48966406288409
2.785074320104196,6.0920499999999995,11.311208007860511
3.0178658509746983,7.1530249999999995,14.391246585778863
2.3778281873504405,4.440693749999999,7.039471180093952
2.400626677995703,4.526256249999999,7.243901003463192
3.019670255232163,7.161581249999999,14.417075920702247
4.7853438336710745,17.9852375,57.37703024515651
3.452275554612699,9.3605375,21.543436526190312
3.023275832940679,7.17869375,14.468780884304861
2.0559505031980736,3.319825,4.550263919519697
3.9123252645670368,12.021531249999999,31.354760285438104
2.2771952456495144,4.072775,6.1830025777334665
3.5070645788021677,9.66000625,22.585510500255033
3.3138058334002247,8.624699999999999,19.05372078088461
3.2923677005108396,8.51346875,18.68631302120559
2.667186490120268,5.587231249999999,9.934791804785185
2.507175288671978,4.93695625,8.251876474169784
3.5117210064942155,9.685675,22.675592239717233
3.2271989397984226,8.179775,17.598507471859758
2.1441394009387964,3.6107375,5.161283026798166
4.345062956516457,14.827981249999999,42.95234136619706
2.121152132207027,3.5337312499999998,4.997054383722734
2.924365289407701,6.71665625,13.094637598922194
2.9336637716626264,6.7594375,13.219944607045194
4.111901006396147,13.2793,36.402111356157576
3.7327771615895937,10.94344375,27.232957932760254
8.090919758008551,51.414506249999995,277.32709631091933
3.1190513266366313,7.64073125,15.887888627857642
3.2691232606621106,8.39368125,18.293319077972278
7.6806154670623155,46.33209375,237.23933058508746
2.907553085190505,6.63965,12.870089894723424
3.899774554134863,11.944524999999999,31.053969770818487
2.3221987744478114,4.23534375,6.5568733770767995
2.6177135123173256,5.38188125,9.392148846541506
6.179321667506397,29.98965625,123.54382177779577
4.1553865078479495,13.561656249999999,37.56928227021455
2.1769147426503643,3.72196875,5.401605762372631
3.9621305615207305,12.32955625,32.56754108540928
7.732213611267191,46.9567,242.05282325346008
4.849792004835699,18.47294375,59.72662326968638
4.407298479661156,15.255793749999999,44.824557733599434
3.568650752605869,10.00225625,23.7963728628795
3.3138058334002247,8.624699999999999,19.05372078088461
3.1778738925972974,7.931643749999999,16.803842399005013
3.1138077510709956,7.6150625,15.80789375826005
2.550257054733938,5.10808125,8.684613495977766
3.1260290788174525,7.674956249999999,15.99475761076783
3.2791053396513377,8.44501875,18.461404051053776
3.139938064428885,7.74340625,16.20921068847435
2.333897582868648,4.278125,6.656470397806621
3.215362173387873,8.119881249999999,17.405572682434293
2.681444175078526,5.647125,10.094966958126879
2.6197935392742973,5.3904375,9.414555557574595
5.530894108535236,24.025949999999998,88.58999020464144
2.2652036128206112,4.02999375,6.085837601429653
2.5201771491812353,4.9882937499999995,8.380922614769048
2.9650605010175877,6.904893749999999,13.64895181456547
6.507348446716727,33.258143749999995,144.28155338149608
3.0997815187191318,7.546612499999999,15.595233304289852
4.720015754501174,17.497531249999998,55.05908210991774
3.3072242860227665,8.590475,18.940418365647616
4.601982070958188,16.63335,51.03091898664824
3.1485999789942536,7.7861875,16.34372653263021
5.908956719601351,27.42278125,108.02668502489693
3.3805279900509047,8.97550625,20.227966735334554
2.0022610605282236,3.1487,4.203012934190144
3.414197821518995,9.1551875,20.838414145398623
3.1864326850766362,7.974424999999999,16.939978976461504
4.186728647776942,13.76700625,38.42581297399948
5.450537864798658,23.33289375,84.7845472531326
3.4758623164325746,9.48888125,21.988029841319083
3.310516695286112,8.6075875,18.9970414165907
2.97972096370311,6.97334375,13.852412372655369
3.482125136495612,9.52310625,22.10709843376231
3.297327333300556,8.539137499999999,18.770887654374523
2.985200075220372,6.9990125,13.928968427645552
4.755656374700881,17.762774999999998,56.315769440751616
3.97585464335443,12.41511875,32.907138353322765
3.0178658509746983,7.1530249999999995,14.391246585778863
3.044819638714064,7.2813687499999995,14.78030304447925
2.4142024319084197,4.57759375,7.367491975692523
3.2923677005108396,8.51346875,18.68631302120559
3.1572381295993206,7.82896875,16.478612435294355
4.159317191218854,13.587325,37.675996303451804
2.996128238948319,7.05035,14.08250181964619
3.1068025504063255,7.5808374999999995,15.701443519477273
3.46487514231228,9.4289875,21.78017627061547
7.122021458771725,39.8379,189.15091911493468
4.401114530383223,15.2130125,44.63614024310106
3.0662120772305563,7.38404375,15.094029416699204
3.9799626396044103,12.440787499999999,33.00924630483837
3.4412130730301977,9.300643749999999,21.336997906731067
8.563845935877062,57.600674999999995,328.8555376683503
2.461127923367652,4.757275,7.80550822775923
7.1768773767383705,40.45395,193.55535903647012
3.203481670787442,8.0599875,17.21334814868393
2.333897582868648,4.278125,6.656470397806621
10.271801178575776,82.86728124999999,567.4641581394136
9.183820263192475,66.2424875,405.57273265784943
5.744423215929105,25.91688125,99.25168955798516
3.478995135740391,9.50599375,22.047537344419037
3.809332697255622,11.396925,28.943119367113347
3.247390162467662,8.282449999999999,17.93089776742019
3.6635501924931737,10.5413,25.74572109608552
2.0346447416596565,3.251375,4.410262031275778
6.018560310961317,28.44953125,114.1501464311358
4.651429191906022,16.9927125,52.69359931477757
3.5610107293858624,9.959475,23.643864889366835
4.68875319404466,17.266512499999997,53.972277089591365
3.654618321766163,10.489962499999999,25.557872764759985
5.501269395711373,23.7692625,87.17407756658665
3.3724618177593064,8.932725,20.08351599402933
2.467758724580645,4.782943749999999,7.8687674454939796
2.2603891469891355,4.0128812499999995,6.047115483770798
2.291502372230191,4.1241125,6.300275718062787
5.171571581554468,21.00559375,72.42128779411875
2.9056790578703255,6.63109375,12.845220160099865
2.571527290107306,5.19364375,8.903731092146831
3.6665226474994057,10.5584125,25.80843903526054
4.127766921309551,13.381974999999999,36.82511583119424
2.6834748032946383,5.65568125,10.117918753227285
3.280766066696093,8.453574999999999,18.48946800151361
3.545681296486591,9.8739125,23.339831249596767
6.280743455169323,30.98218125,129.7274214085381
2.767416044943746,6.015043749999999,11.097419056525732
5.555460695225535,24.23985625,89.775712436528
5.82633586768382,26.661275,103.55836187378793
4.900073418187434,18.857975,61.60364134556212
5.277912136471683,21.87833125,76.9812733534151
2.100507824581783,3.46528125,4.852566920001027
2.537409330418011,5.05674375,8.554019181855306
3.8548188784596973,11.670725,29.99235403687436
2.896290732656682,6.5883125,12.721112291730778
12.318027550847141,119.17145,978.6381362496015
2.0212145965953465,3.20859375,4.323504348029735
3.508617408003253,9.6685625,22.615524465244963
3.1120579292126247,7.60650625,15.781258725945255
3.0124461533636278,7.12735625,14.313851279309809
3.7820664506513673,11.23435625,28.326054578527003
2.537409330418011,5.05674375,8.554019181855306
2.489733857521782,4.868506249999999,8.080856564120932
3.2102759131404364,8.0942125,17.32310361639349
2.6733062377221195,5.6129,10.00333372114032
2.9906691486454386,7.0246812499999995,14.005664995628715
3.237310292845576,8.2311125,17.76444347854659
4.314871070562846,14.62263125,42.063179037422145
2.926227349634205,6.7252125,13.119667166401214
5.830074293392626,26.6955,103.75783219950856
2.9595441046098214,6.879225,13.57291319535633
3.0839257547971104,7.46960625,15.357140728378976
3.1881416863714414,7.98298125,16.967250203097723
2.5545252703642416,5.12519375,8.728291299925248
2.1744111020949703,3.7134125,5.382990244438828
2.087501459126698,3.4225,4.762982495907414
3.5838819389902956,10.08781875,24.102367614621777
2.2042671142966195,3.8160874999999996,5.607784121018934
5.446538936993416,23.298668749999997,84.59807101799115
2.845058487974842,6.357293749999999,12.057915029324608
5.0994460508006405,20.42376875,69.43327126310203
3.40301155941066,9.09529375,20.63425984499035
2.5223376100573645,4.996849999999999,8.402495124543426
3.0501818142305486,7.3070375,14.858528598933766
2.2891240608761145,4.11555625,6.280679223842714
3.433289477268227,9.2578625,21.189947935497408
3.0750816707573354,7.426825,15.225395619614899
3.1606867795947604,7.846081249999999,16.532670185667556
2.944783194106763,6.810775,13.370837172561659
5.207259732546433,21.29650625,73.93095962636562
2.400626677995703,4.526256249999999,7.243901003463192
2.3315625171685785,4.2695687499999995,6.636510974649534
2.461127923367652,4.757275,7.80550822775923
4.121163546546549,13.33919375,36.64866601521437
2.646685137022096,5.501668749999999,9.707456606295954
8.38905518047032,55.273374999999994,309.12759525721907
5.339476179513632,22.39170625,79.70665476036098
3.1068025504063255,7.5808374999999995,15.701443519477273
6.462831697227668,32.8046625,141.3406750812372
2.3478592083955885,4.3294625,6.776645598685589
7.582114510144023,45.15133125,228.22837588196288
2.9906691486454386,7.0246812499999995,14.005664995628715
5.11437857486041,20.543556249999998,70.04501595762643
3.531827919585419,9.79690625,23.06732467954059
5.92828362910121,27.602462499999998,109.09015104108671
5.9667496455745725,27.961824999999997,111.22747293891213
3.3611366561420746,8.872831249999999,19.88186557209194
3.3643763066831878,8.88994375,19.93941074683086
3.0768525212759816,7.43538125,15.251714363807107
2.7575570323275067,5.972262499999999,10.979236303853904
2.095314966638671,3.44816875,4.816666392913839
3.678388447603539,10.6268625,26.059818836180842
2.9521728749706018,6.845,13.471748886115844
3.1277710845691584,7.6835125,16.021512150283787
3.3187334284394217,8.65036875,19.138845292635153
3.472726670944136,9.471768749999999,21.92857597276013
3.7415224539233627,10.994781249999999,27.424813948567046
5.445538746196809,23.2901125,84.55147334802173
4.159317191218854,13.587325,37.675996303451804
2.4411274551911886,4.68026875,7.616755028865561
2.9410813910166356,6.7936625,13.320476237065035
4.0194568205705945,12.68891875,34.00170734356907
2.524496222014313,5.00540625,8.424086111847886
3.6635501924931737,10.5413,25.74572109608552
4.358831014216148,14.922099999999999,43.36194151815651
2.0346447416596565,3.251375,4.410262031275778
5.043595336720121,19.97884375,67.17680211370661
5.780343934938613,26.24201875,101.12526261473857
2.2042671142966195,3.8160874999999996,5.607784121018934
2.787029444472822,6.100606249999999,11.335046165256616
3.048395470408674,7.29848125,14.832438122241756
3.497733126577982,9.60866875,22.405705992793102
3.010637419394882,7.118799999999999,14.28808377412552
3.761849073949893,11.11456875,27.87422010635995
2.409685678781207,4.56048125,7.326217570983477
4.355080406023366,14.89643125,43.25010390436609
2.4633401736330716,4.76583125,7.826575719253945
4.169780898801017,13.655775,37.961059835549634
4.000439344680345,12.56913125,33.521364787300826
2.6733062377221195,5.6129,10.00333372114032
2.894409413372328,6.57975625,12.69633895179694
2.845058487974842,6.357293749999999,12.057915029324608
3.2707890560622697,8.4022375,18.32129764095734
4.928891108134539,19.0804375,62.69693248871119
2.4142024319084197,4.57759375,7.367491975692523
3.2238214412908768,8.1626625,17.54331092368066
2.296251605039368,4.1412249999999995,6.339529702052771
3.1485999789942536,7.7861875,16.34372653263021
5.326197691175495,22.280475,79.11347633552889
3.171010226068806,7.89741875,16.69519707719835
2.3127971213723777,4.20111875,6.477556901029015
2.3846906206303164,4.4663625,7.100595174723314
2.171904575495715,3.7048562499999997,5.364396160619264
4.0558815737773655,12.9199375,34.93449096040347
3.7531511453776845,11.06323125,27.681319358343796
3.8505773746498537,11.64505625,29.893460081849906
2.071786042700417,3.3711625,4.656218276783363
4.0518505491864865,12.89426875,34.83043327736375
3.756052692889053,11.080343749999999,27.745569986882597
3.903962607485078,11.97019375,31.15412586956772
5.9685751770982645,27.978937499999997,111.32959456272255
4.501458640222172,15.914625,47.75935080809719
2.1844084472306053,3.7476374999999997,5.457580674772125
2.571527290107306,5.19364375,8.903731092146831
4.863251212966893,18.57561875,60.22526694503204
3.1468695034697536,7.77763125,16.31679372657222
2.456697446465619,4.740162499999999,7.763430073054724
2.3315625171685785,4.2695687499999995,6.636510974649534
3.2221313644034044,8.15410625,17.515734331201884
5.080182597076873,20.26975625,68.64937529882678
3.1068025504063255,7.5808374999999995,15.701443519477273
3.545681296486591,9.8739125,23.339831249596767
3.61113618657679,10.241831249999999,24.65643162912533
3.758952000686945,11.097456249999999,27.809870248982225
3.0803911682433527,7.4524937499999995,15.304397285925857
3.1260290788174525,7.674956249999999,15.99475761076783
3.7531511453776845,11.06323125,27.681319358343796
2.100507824581783,3.46528125,4.852566920001027
5.23438649455886,21.51896875,75.09239960122277
5.181042368658409,21.0826,72.81989589431852
6.239848798206908,30.5800375,127.20987349566475
2.944783194106763,6.810775,13.370837172561659
4.721169651536992,17.5060875,55.09947268143406
3.2051815815840676,8.06854375,17.2407652118035
3.139938064428885,7.74340625,16.20921068847435
2.8084459828808406,6.194725,11.598367027534342
6.5598716165660536,33.7971875,147.803474000674
2.2116681438980548,3.84175625,5.664459943164168
2.7117439410612056,5.77546875,10.441061593067223
2.364043559968902,4.38935625,6.917752916814497
3.899774554134863,11.944524999999999,31.053969770818487
2.2017945760935342,3.80753125,5.58893443637109
2.970566653394364,6.9305625,13.725131901176988
6.991571877608836,38.39189375,178.94645644709763
3.021473581911402,7.1701375,14.442920689948176
2.0346447416596565,3.251375,4.410262031275778
4.411004687867319,15.2814625,44.9377351499791
2.9577030194521066,6.87066875,13.547598471686815
3.2840850013502747,8.4706875,18.545638513250168
3.167572815599297,7.880306249999999,16.640962570731485
2.8812057825215924,6.5198624999999995,12.523377024163793
2.8316247472105505,6.2974,11.887915788722479
5.849661831202295,26.875181249999997,104.80714797651238
3.8406623162135567,11.5851625,29.663131360640296
2.1568042446943068,3.65351875,5.253283165380156
2.9943096480439215,7.04179375,14.056873976773588
2.894409413372328,6.57975625,12.69633895179694
3.0573167521997657,7.3412625,14.963043215697288
2.1492142941939174,3.62785,5.1980180514609335
3.860466967757637,11.70495,30.124381889503166
2.944783194106763,6.810775,13.370837172561659
2.987024212314047,7.00756875,13.954518350470188
2.291502372230191,4.1241125,6.300275718062787
6.398455884175338,32.1543875,137.15895326761927
2.8698400349336577,6.468525,12.375754674646158
3.6441701369182047,10.43006875,25.339296709835857
4.521983031719571,16.06008125,48.41560993369174
2.954017406781285,6.85355625,13.497016307236443
3.757502626428057,11.088899999999999,27.777713916132054
2.7772400589587654,6.057824999999999,11.21602284010792
3.315449178819063,8.633256249999999,19.082081563064698
2.159328299677013,3.6620749999999997,5.271748122026462
2.963222843263738,6.8963375,13.623589876570895
4.176307402871467,13.69855625,38.139587917017465
3.344891337953375,8.787268749999999,19.59497275076225
3.0358616327207075,7.2385874999999995,14.650233377561134
2.270007867661439,4.04710625,6.124642019174521
3.7878230239230013,11.268581249999999,28.455594337131352
5.811358115740651,26.524375,102.76176128079892
6.825204058080729,36.586525,166.47366593404803
3.530285299760974,9.78835,23.03711207594355
2.582096702883109,5.236425,9.013970484929787
3.568650752605869,10.00225625,23.7963728628795
2.9778923529364105,6.9647875,13.82692495738473
5.038192447824096,19.9360625,66.96114635123278
7.232070399140745,41.07855625,198.0553404633753
3.0573167521997657,7.3412625,14.963043215697288
3.7400663252619015,10.986225,27.392806776166957
2.2017945760935342,3.80753125,5.58893443637109
2.937374922762681,6.776549999999999,13.270178688564963
2.1668828240931584,3.6877437499999997,5.327272394354595
4.523187448582511,16.068637499999998,48.454306303881495
2.91316793384191,6.66531875,12.944795234223491
2.954017406781285,6.85355625,13.497016307236443
2.0022610605282236,3.1487,4.203012934190144
5.794461868370626,26.3703625,101.86803997424046
2.9318064344890074,6.75088125,13.194851391480794
2.315151113962757,4.209675,6.497355843780778
3.3740765948773377,8.94128125,20.112378529227062
3.152058079958537,7.803299999999999,16.397636543560303
2.9888472361104363,7.016125,13.980083876303558
3.761849073949893,11.11456875,27.87422010635995
4.673626267530778,17.155281249999998,53.45158205125213
2.9056790578703255,6.63109375,12.845220160099865
2.226396396390658,3.89309375,5.778379930540662
3.370846267095218,8.92416875,20.05466727857687
2.9650605010175877,6.904893749999999,13.64895181456547
5.697770129342523,25.497625,96.85307072945143
2.100507824581783,3.46528125,4.852566920001027
4.123806165315412,13.35630625,36.719212039727175
8.794180599242377,60.740818749999995,356.11048655556493
2.2938782177332855,4.13266875,6.319892551154697
2.0022610605282236,3.1487,4.203012934190144
4.396161107845319,15.178787499999999,44.48559684783245
6.210097561667323,30.289125,125.39894753835779
2.1769147426503643,3.72196875,5.401605762372631
3.783506415086047,11.2429125,28.358421045334065
2.450036709093717,4.71449375,7.700455168195265
3.431702562703548,9.24930625,21.1605786409033
3.44911846611089,9.343425,21.484386469481425
4.929996116803984,19.08899375,62.73911004079701
3.602074349992865,10.19049375,24.4712774337584
3.541069526102377,9.84824375,23.248877219168797
2.3869737141361322,4.47491875,7.121008952763276
2.9206376074726053,6.69954375,13.04462628610536
3.0250770102425157,7.18725,14.494656494577011
2.8698400349336577,6.468525,12.375754674646158
3.463302700596484,9.42043125,21.75053665927234
3.1329912902896573,7.709181249999999,16.10186514100955
2.223948461184896,3.8845375,5.759340797026682
4.583004744460382,16.49645,50.4022057445023
3.0874562948826023,7.48671875,15.40994462180207
2.3315625171685785,4.2695687499999995,6.636510974649534
4.283194889240292,14.408724999999999,41.143584853645876
3.249067100437661,8.291006249999999,17.958690424265352
3.989531514304579,12.50068125,33.24790786476757
4.0518505491864865,12.89426875,34.83043327736375
7.23508250689281,41.11278125,198.30290962105715
2.4388950565027536,4.6717125,7.595877681101414
2.6996648434119224,5.72413125,10.302157263133696
2.97972096370311,6.97334375,13.852412372655369
5.84407209095654,26.823843749999998,104.50698442103602
3.919280514972453,12.0643125,31.522283271859067
2.1769147426503643,3.72196875,5.401605762372631
2.598918357678237,5.304875,9.19129134845889
3.0768525212759816,7.43538125,15.251714363807107
3.3220144311472457,8.66748125,19.19566519613211
7.029643728998512,38.81115,181.8857048084804
2.9000497098812397,6.605424999999999,12.770707236594857
3.0250770102425157,7.18725,14.494656494577011
5.7035032551893705,25.5489625,97.14572719030744
3.8207550098400596,11.465375,29.204259313963306
3.10855533054599,7.589393749999999,15.728033598116612
2.116009937655572,3.5166187499999997,4.960800147963944
2.0848904494005085,3.41394375,4.745132479443704
8.438903768960945,55.93220625,314.671004086284
5.051149672259518,20.0387375,67.47910823707969
2.1313993035996277,3.56795625,5.069826311015959
3.030474118922932,7.21291875,14.572375729179296
7.95170928670886,49.660475,263.2571068265821
5.016522702452262,19.7649375,66.10083845420003
4.135677053613492,13.4333125,37.03722817351286
3.046608079184699,7.289924999999999,14.806362934433674
2.526652989790877,5.0139625,8.445695560882895
2.697646402125319,5.715574999999999,10.279066889884946
6.014033375148959,28.40675,113.89276171967515
4.246154488408258,14.160593749999999,40.08537914005895
3.0286761513253735,7.204362499999999,14.546453926168558
3.0803911682433527,7.4524937499999995,15.304397285925857
2.00497967829159,3.1572562499999997,4.220156413606076
4.173698025920148,13.68144375,38.068143180741686
4.647914700137211,16.96704375,52.57424804233079
4.640877732134704,16.91570625,52.33581630597123
6.134200381624925,29.5532875,120.8571916405141
2.866041436266883,6.4514125,12.326677031633416
2.3869737141361322,4.47491875,7.121008952763276
2.343214576332837,4.3123499999999995,6.73650758549927
4.146200421907062,13.5017625,37.320675582659305
3.7122913619649927,10.823656249999999,26.78704373450227
3.6231833799631903,10.31028125,24.904026445164074
3.344891337953375,8.787268749999999,19.59497275076225
4.232019875311144,14.066474999999999,39.68640118371155
4.9344136769347715,19.12321875,62.90791476467698
2.97972096370311,6.97334375,13.852412372655369
3.748794613270498,11.0375625,27.5850365624243
6.5896969002068655,34.1052125,149.82867539476425
2.031965813912392,3.2428187499999996,4.392864560476078
5.048992444028626,20.021625,67.39268889478309
2.954017406781285,6.85355625,13.497016307236443
5.717810920253952,25.677306249999997,97.87865471930337
4.0558815737773655,12.9199375,34.93449096040347
2.7967845651089553,6.143387499999999,11.454487558322192
9.75278805095568,74.70461875,485.7188753974663
3.046608079184699,7.289924999999999,14.806362934433674
2.948480349604336,6.8278875,13.421261415372717
2.3175027154973598,4.21823125,6.517174917647214
2.9595441046098214,6.879225,13.57291319535633
3.6605753237991823,10.5241875,25.683054043690532
4.8856008307593815,18.74674375,61.05940455935549
2.4633401736330716,4.76583125,7.826575719253945
3.0412396026274484,7.26425625,14.728229194089304
4.53160940351183,16.128531249999998,48.725469251556255
7.270381297202674,41.514925,201.21955618318114
2.128842134948089,3.5593999999999997,5.051600463422816
6.610329729518943,34.31911875,151.2404606426773
2.9833748227872863,6.990456249999999,13.903434117364016
7.668549621887308,46.186637499999996,236.12301435791406
3.062657047539806,7.3669312499999995,15.041589274369151
3.0803911682433527,7.4524937499999995,15.304397285925857
3.6276907630620068,10.33595,24.997086894980498
3.624686463778091,10.318837499999999,24.935033738783837
2.015817485235409,3.19148125,4.288962471700639
3.1572381295993206,7.82896875,16.478612435294355
2.963222843263738,6.8963375,13.623589876570895
5.110116591974458,20.50933125,69.87004927395016
4.206198890677395,13.895349999999999,38.964403837049424
2.858429094971603,6.4171875,12.228716971925389
5.4365287485342115,23.21310625,84.13247964726945
8.917810142567161,62.460625,371.34133009072264
3.4078101679886,9.1209625,20.72167249956181
2.253148159412148,3.9872124999999996,5.989187003706738
3.245712358086759,8.27389375,17.903119462581202
3.656108482203936,10.498518749999999,25.589148968301373
4.585381205467617,16.5135625,50.48065274854323
5.431516736084475,23.170325,83.90000534534431
5.319034005766525,22.22058125,78.79468486443201
3.039448003295157,7.2557,14.702215251672442
3.1830119297318724,7.9573125,16.88548041073636
2.837389852765942,6.32306875,11.960674073060948
4.975090160162187,19.439799999999998,64.47650513034726
3.3220144311472457,8.66748125,19.19566519613211
5.227096984315262,21.459075,74.77911081246332
2.1693951528489643,3.6963,5.345823535650418
6.639107966276372,34.6185875,153.22436003499038
7.846895493787757,48.359925,252.9835183749426
5.99316542844838,28.209956249999998,112.71128969036086
3.1138077510709956,7.6150625,15.80789375826005
2.467758724580645,4.782943749999999,7.8687674454939796
2.992489951948757,7.033237499999999,14.031261698946132
2.9687324039737817,6.92200625,13.699722836589356
3.4758623164325746,9.48888125,21.988029841319083
2.450036709093717,4.71449375,7.700455168195265
4.177611480156293,13.7071125,38.17532702652921
5.173677699166334,21.02270625,72.50980433449979
3.129512120654204,7.69206875,16.048281590686955
3.179587494173755,7.9402,16.831040414158963
3.1537857085234147,7.81185625,16.424613732192878
3.524108067907378,9.754125,22.916393738584706
3.7806259377632156,11.2258,28.293700434761547
2.845058487974842,6.357293749999999,12.057915029324608
3.3022795173175266,8.56480625,18.85558949944542
4.45768328606506,15.606599999999998,46.37951998153531
2.2843600097998285,4.0984437499999995,6.241547336609362
3.0124461533636278,7.12735625,14.313851279309809
2.1568042446943068,3.65351875,5.253283165380156
2.00497967829159,3.1572562499999997,4.220156413606076
2.296251605039368,4.1412249999999995,6.339529702052771
3.503956855924391,9.642893749999999,22.5255224441753
3.757502626428057,11.088899999999999,27.777713916132054
2.8981708307012584,6.59686875,12.745901723476447
2.8887581042126773,6.5540875,12.622115587562671
3.094505291032602,7.52094375,15.51573348528905
3.2607815189197926,8.3509,18.153640257564863
5.853385359161273,26.90940625,105.00741637831521
3.1468695034697536,7.77763125,16.31679372657222
2.375536304227667,4.4321375,7.0191356910525675
3.4742948474390283,9.480324999999999,21.958296199698268
3.1624096942932196,7.8546375,16.55972118343937
8.247612330630824,53.425225,293.7536963178174
3.754602199421993,11.0717875,27.71343846602195
2.010405884907704,3.1743687499999997,4.254513077244742
3.830721594712985,11.525268749999999,29.433397256997146
3.285743211504587,8.47924375,18.573745060170133
2.031965813912392,3.2428187499999996,4.392864560476078
3.1606867795947604,7.846081249999999,16.532670185667556
5.5857732112653515,24.5051,91.25328741291904
3.4930580523657295,9.583,22.315983543880524
3.4774290788815034,9.4974375,22.0177768915731
4.724629651746033,17.53175625,55.22070361728922
3.0070166875744797,7.1016875,14.236595214959394
2.8181269698210425,6.23750625,11.718723058368205
4.373801285009215,15.024775,43.81025346798289
3.901171071477436,11.95308125,31.087343191679558
3.1572381295993206,7.82896875,16.478612435294355
2.654904675869217,5.53589375,9.798180134660118
9.576377393584773,72.0265125,459.83537736250054
3.206880591288111,8.0771,17.2681968159288
4.54720879354656,16.239762499999998,49.23039389673845
4.843048374220562,18.42160625,59.477820133062544
3.048395470408674,7.29848125,14.832438122241756
3.2774437710928424,8.4364625,18.433354313788893
3.7458874436876273,11.02045,27.52091018585821
4.438088978962629,15.4697,45.770603385238786
4.3009622924619,14.5285125,41.65772295204092
8.184629762559991,52.61238125,287.0752409719355
2.950327189966826,6.83644375,13.446497252202512
5.501269395711373,23.7692625,87.17407756658665
4.900073418187434,18.857975,61.60364134556212
3.6306925763708895,10.3530625,25.059191440969226
6.159898119426323,29.80141875,122.38246887624094
3.2051815815840676,8.06854375,17.2407652118035
3.3611366561420746,8.872831249999999,19.88186557209194
6.051054274045625,28.75755625,116.00902243844662
3.2724540035134724,8.41079375,18.349290453275728
4.378780001800366,15.059,43.9600320314078
2.2867432759772823,4.107,6.261103089625798
3.1050487808336613,7.57228125,15.674868442294724
2.8469724192293,6.36585,12.082266249967224
2.837389852765942,6.32306875,11.960674073060948
4.784205414757934,17.97668125,57.33609051708493
5.81510617038101,26.5586,102.9607191577874
2.391533362444715,4.49203125,7.161895066346158
4.941032611737022,19.17455625,63.1614051645573
5.816979292082151,26.575712499999998,103.06024618988582
2.409685678781207,4.56048125,7.326217570983477
5.324151907466004,22.2633625,79.02234928065472
4.340045561128703,14.79375625,42.803717430155
5.9071127636445775,27.40566875,107.92558377956021
2.963222843263738,6.8963375,13.623589876570895
3.9963523972370836,12.543462499999999,33.4187309543523
4.460126521812254,15.6237125,46.45582299361308
2.8603340795849035,6.42574375,12.253182556536464
3.6650367213401034,10.54985625,25.77707370740627
2.095314966638671,3.44816875,4.816666392913839
5.98770965542093,28.15861875,112.40375558179458
2.9410813910166356,6.7936625,13.320476237065035
3.72254835389715,10.88355,27.00969409137155
3.0821589681984745,7.461049999999999,15.330761446451483
4.623238452297712,16.7873625,51.74131988177376
2.0691552022198847,3.36260625,4.638502810136398
3.756052692889053,11.080343749999999,27.745569986882597
2.100507824581783,3.46528125,4.852566920001027
2.2067368821461666,3.82464375,5.626654949463213
3.16413167084026,7.86319375,16.58678691888546
2.359430787652217,4.37224375,6.877337676579988
2.333897582868648,4.278125,6.656470397806621
5.345593587874161,22.443043749999998,79.98092717491951
2.8736336123133897,6.485637499999999,12.42489727818679
3.131252188690047,7.700625,16.075065923687525
2.8045642312220718,6.1776124999999995,11.550340701233573
2.907553085190505,6.63965,12.870089894723424
2.416457642518728,4.58615,7.3881581448248435
2.8469724192293,6.36585,12.082266249967224
2.992489951948757,7.033237499999999,14.031261698946132
2.164367579108341,3.6791875,5.308742761640446
8.559392392130157,57.540781249999995,328.34275017898375
2.8641402477085682,6.442856249999999,12.302162597217132
4.341300453611522,14.8023125,42.84085731383299
2.3938099297021815,4.5005875,7.182367364662343
3.758952000686945,11.097456249999999,27.809870248982225
4.238450542863719,14.10925625,39.86758987481055
2.634307741970522,5.45033125,9.571899872119248
2.4321855663311647,4.64604375,7.533360366195412
2.0927137055902736,3.4396125,4.798749480446416
4.134359749215172,13.42475625,37.00184792201655
2.233724105932787,3.9187624999999997,5.8356228411169555
5.119701064150563,20.5863375,70.26392933714176
4.59606007381838,16.59056875,50.83416708920927
2.892526870465286,6.571199999999999,12.671581714134321
4.0058821218160015,12.60335625,33.65837298450198
2.5180148346267974,4.9797375,8.359368598364908
5.23438649455886,21.51896875,75.09239960122277
4.612622506136003,16.71035625,51.38571021620029
2.4411274551911886,4.68026875,7.616755028865561
2.4478124356355675,4.7059375,7.679501555882501
4.474757922036538,15.7263875,46.91451803376093
2.615631831262586,5.3733249999999995,9.36975993981269
3.0430301471467875,7.2728125,14.754258461363992
3.00520468579043,7.09313125,14.210874179617692
5.420473995875703,23.07620625,83.38931726772623
3.1778738925972974,7.931643749999999,16.803842399005013
3.0768525212759816,7.43538125,15.251714363807107
3.386967096819243,9.00973125,20.34377552995608
2.391533362444715,4.49203125,7.161895066346158
5.291311798261883,21.989562499999998,77.56908766324469
2.6093768239083728,5.34765625,9.30270018731917
5.102649556121816,20.4494375,69.56420878821054
2.9000497098812397,6.605424999999999,12.770707236594857
3.1050487808336613,7.57228125,15.674868442294724
2.352494670378073,4.346575,6.816863014599048
2.272406186204278,4.0556624999999995,6.144075036104471
2.9577030194521066,6.87066875,13.547598471686815
2.8045642312220718,6.1776124999999995,11.550340701233573
2.4633401736330716,4.76583125,7.826575719253945
4.24102007965195,14.12636875,39.9401423475452
5.98770965542093,28.15861875,112.40375558179458
2.0822761656770727,3.4053875,4.7273048174297525
5.536800030248305,24.0772875,88.87408410553142
2.1568042446943068,3.65351875,5.253283165380156
2.613548492157631,5.36476875,9.347388851557914
3.3901820639377838,9.02684375,20.401762516812592
6.508185458546894,33.2667,144.3372354625613
2.0185178447651753,3.2000374999999996,4.306221865111826
4.003161658261603,12.58624375,33.58984560102315
2.5799862843017562,5.22786875,8.99188644741984
3.6665226474994057,10.5584125,25.80843903526054
6.2118515788077,30.306237499999998,125.50523284139739
2.0239077551471385,3.2171499999999997,4.340809889647745
3.0268771157337127,7.1958062499999995,14.520547511585747
3.580840884612378,10.070706249999999,24.04106445128093
3.23899244951552,8.23966875,17.792149911839324
4.293356694481752,14.477174999999999,41.437117468955904
3.046608079184699,7.289924999999999,14.806362934433674
2.571527290107306,5.19364375,8.903731092146831
5.36796444059789,22.63128125,80.98927533011316
2.743694898409151,5.91236875,10.814490651259124
3.7748583891146734,11.191575,28.164407184104032
3.2824259535043883,8.462131249999999,18.517546157973683
2.2867432759772823,4.107,6.261103089625798
2.741708872163812,5.9038125,10.79102340722774
2.996128238948319,7.05035,14.08250181964619
2.1390524675540097,3.593625,5.124634949142516
3.098023774592127,7.5380562499999995,15.568718317808514
3.169291986860519,7.888862499999999,16.668072471129623
2.928088225720302,6.733768749999999,13.14471266106554
2.257978064546162,4.004325,6.0277853422092065
2.6177135123173256,5.38188125,9.392148846541506
3.237310292845576,8.2311125,17.76444347854659
2.045325364870306,3.2855999999999996,4.480080679211918
2.7057111328296375,5.7498,10.371531914362567
2.498469792634855,4.9027312499999995,8.166217286354616
2.159328299677013,3.6620749999999997,5.271748122026462
2.097913002313169,3.456725,4.834605548613991
2.0239077551471385,3.2171499999999997,4.340809889647745
2.146678347240876,3.6192937499999998,5.179639683619488
2.1869006425046074,3.75619375,5.476281683497861
4.769381241260633,17.86545,56.804761397786514
2.929947919922214,6.742325,13.169774072793027
3.6005618265795523,10.1819375,24.440463655412557
4.928891108134539,19.0804375,62.69693248871119
2.1844084472306053,3.7476374999999997,5.457580674772125
3.58995631951691,10.12204375,24.225129951159428
4.9244685939123585,19.0462125,62.52831685948731
2.411945112637907,4.569037499999999,7.346845111722878
3.3334725095211213,8.727375,19.394976428521264
3.1778738925972974,7.931643749999999,16.803842399005013
2.879314606878036,6.51130625,12.4987327969875
2.223948461184896,3.8845375,5.759340797026682
5.523009722333708,23.9575,88.21167028187318
2.4299449527129227,4.6374875,7.51255956259618
3.3966028690537273,9.06106875,20.517901408628717
5.220840731942498,21.4077375,74.51092527915523
3.8036086779481186,11.3627,28.812842883280727
2.338560719551536,4.2952375,6.696449132429825
3.062657047539806,7.3669312499999995,15.041589274369151
2.5968216099729116,5.29631875,9.169063322203144
2.565164738608946,5.167975,8.837804826675042
3.053751367019267,7.3241499999999995,14.910755383169443
3.2989788872900654,8.547693749999999,18.799107477514166
2.3983565813385725,4.5177,7.223370351675513
4.01131751389785,12.63758125,33.79556733428804
2.359430787652217,4.37224375,6.877337676579988
2.066521012479421,3.35405,4.620809867937733
3.9621305615207305,12.32955625,32.56754108540928
3.059097886491369,7.34981875,14.989210002813088
2.7948362649316416,6.1348312499999995,11.430565904490608
2.6197935392742973,5.3904375,9.414555557574595
3.466446870740727,9.43754375,21.809829333110798
2.333897582868648,4.278125,6.656470397806621
3.2791053396513377,8.44501875,18.461404051053776
2.97972096370311,6.97334375,13.852412372655369
2.1108552163869168,3.49950625,4.924634015060745
2.6384399919488617,5.46744375,9.6170148291539
2.4962886749841684,4.894175,8.144849083927095
3.179587494173755,7.9402,16.831040414158963
2.613548492157631,5.36476875,9.347388851557914
2.4299449527129227,4.6374875,7.51255956259618
2.5093469437250118,4.9455124999999995,8.273337784685895
2.582096702883109,5.236425,9.013970484929787
2.4455861391898446,4.697381249999999,7.658566983660178
2.0076946147800685,3.1658125,4.237323138435617
4.752218964512179,17.73710625,56.19374179787831
2.015817485235409,3.19148125,4.288962471700639
3.97585464335443,12.41511875,32.907138353322765
2.4875450800810937,4.8599499999999995,8.059563141293408
2.8849844146797636,6.536975,12.572713996100829
2.0744135466639464,3.37971875,4.673956239276093
3.6171647987647617,10.27605625,24.780125958417738
2.7752780381847595,6.0492687499999995,11.192268472634916
2.472169378188552,4.80005625,7.911034716555048
5.219797294192106,21.399181249999998,74.46625892445097
2.8181269698210425,6.23750625,11.718723058368205
2.6590049171939327,5.55300625,9.843647282639093
3.973113619489594,12.39800625,32.83912499092807
4.147513965555382,13.51031875,37.35615712981982
2.7317570829831412,5.86103125,10.673942420515354
2.4589136827724007,4.74871875,7.7844596733419005
2.8297004352334847,6.28884375,11.863695930993586
2.6384399919488617,5.46744375,9.6170148291539
2.291502372230191,4.1241125,6.300275718062787
4.698037862927577,17.3349625,54.29354011828644
2.1844084472306053,3.7476374999999997,5.457580674772125
3.2574388409331014,8.3337875,18.09786872972184
3.259110608474992,8.34234375,18.125747343446697
2.077037726772803,3.3882749999999997,4.691716669120746
2.1693951528489643,3.6963,5.345823535650418
4.389961469860365,15.13600625,44.29765616337712
2.405160443466083,4.54336875,7.285020531719961
2.8161934347942243,6.228949999999999,11.694618730440986
2.097913002313169,3.456725,4.834605548613991
2.416457642518728,4.58615,7.3881581448248435
4.891172278379689,18.789524999999998,61.26853586928142
2.0638834606547753,3.3454937499999997,4.60313947889928
4.454015919515765,15.580931249999999,46.265143885587094
2.5331122751238446,5.039631249999999,8.510634520981817
2.3983565813385725,4.5177,7.223370351675513
2.827774813754789,6.2802875,11.83949254375935
2.584205397969454,5.2449812499999995,9.036072572332381
4.151452102823884,13.5359875,37.462669180448536
2.5115167209948446,4.954068749999999,8.294817668388685
2.00497967829159,3.1572562499999997,4.220156413606076
2.8084459828808406,6.194725,11.598367027534342
4.982748357355115,19.49969375,64.77471133449353
6.877675822605186,37.1512375,170.3427786224088
2.669227964961913,5.5957875,9.95762165398954
2.5201771491812353,4.9882937499999995,8.380922614769048
5.882162782033271,27.17465,106.56380989652028
3.926223444267523,12.107093749999999,31.690103548796525
2.8469724192293,6.36585,12.082266249967224
3.39178840473578,9.0354,20.43077663476644
3.3578938800314466,8.85571875,19.824375862603155
3.919280514972453,12.0643125,31.522283271859067
5.468496852059754,23.48690625,85.62538192849836
3.8321432765562196,11.533825,29.46617995115069
2.489733857521782,4.868506249999999,8.080856564120932
2.411945112637907,4.569037499999999,7.346845111722878
3.2339433545525544,8.214,17.709073809529787
3.048395470408674,7.29848125,14.832438122241756
4.309818526592692,14.588406249999998,41.91558901980708
5.691074182950476,25.43773125,96.51201039313835
2.5566567060878826,5.13375,8.75015757658578
3.8646976177589574,11.73061875,30.223529558642362
4.250001224352001,14.1862625,40.194421995985905
2.364043559968902,4.38935625,6.917752916814497
3.1761593664986107,7.923087499999999,16.776659049808703
2.5136846253441054,4.962625,8.316316109232192
5.273782314136271,21.84410625,76.80070747290907
8.416929102869137,55.641293749999996,312.2192164571104
2.9466323517107234,6.819331249999999,13.396041385521283
2.771349829509325,6.03215625,11.144810130007404
3.88157410684988,11.83329375,30.621204412499004
2.771349829509325,6.03215625,11.144810130007404
2.0131135034881087,3.182925,4.271726198726592
2.7536035435097777,5.95515,10.932081428088166
2.901927372564121,6.61398125,12.795528820667238
2.095314966638671,3.44816875,4.816666392913839
2.886871876062355,6.54553125,12.597406719674845
4.367569908023803,14.981993749999999,43.62327004313379
2.2067368821461666,3.82464375,5.626654949463213
3.267456616016107,8.385125,18.265354771581368
2.654904675869217,5.53589375,9.798180134660118
2.500649007870456,4.911287499999999,8.187604142827714
2.350178082253045,4.33801875,6.796744391101834
2.755580996937714,5.9637062499999995,10.95565040921245
2.569408190208785,5.1850875,8.881737526299462
3.110307122925408,7.59795,15.754638669754064
2.405160443466083,4.54336875,7.285020531719961
3.0856915297799237,7.4781625,15.383535123045236
2.1134341485843597,3.5080625,4.9427060552454805
3.6620630602246775,10.53274375,25.714381206458228
2.560914255591823,5.1508625,8.793944803228891
2.4388950565027536,4.6717125,7.595877681101414
2.725768569204774,5.8353625,10.603898461610793
2.34553804202646,4.32090625,6.756566656936595
2.5395551315037483,5.0653,8.57573907173729
2.2458838261803367,3.9615437499999997,5.931444689887197
3.044819638714064,7.2813687499999995,14.78030304447925
3.0892200518358752,7.4952749999999995,15.436369216016095
2.535261713164489,5.0481875,8.532317659750372
4.525595320698001,16.08575,48.53172995327856
4.138310404439769,13.450425,37.10802248109118
2.5481202658755295,5.099525,8.662801999225938
2.877422188266188,6.50275,12.474104756498635
2.6405036919061016,5.476,9.639598811251876
2.5395551315037483,5.0653,8.57573907173729
2.1108552163869168,3.49950625,4.924634015060745
3.4348756586775266,9.26641875,21.219330804992016
2.985200075220372,6.9990125,13.928968427645552
2.4028946300159157,4.5348125,7.264451069586032
2.8887581042126773,6.5540875,12.622115587562671
2.845058487974842,6.357293749999999,12.057915029324608
3.568650752605869,10.00225625,23.7963728628795
2.5201771491812353,4.9882937499999995,8.380922614769048
2.010405884907704,3.1743687499999997,4.254513077244742
2.5905211843292046,5.27065,9.102486986789815
2.8527065084610888,6.3915187499999995,12.155418091384053
4.329993328613319,14.72530625,42.50698521619201
2.4478124356355675,4.7059375,7.679501555882501
2.071786042700417,3.3711625,4.656218276783363
2.3778281873504405,4.440693749999999,7.039471180093952
4.135677053613492,13.4333125,37.03722817351286
2.0399920432375636,3.2684875,4.445125662280955
3.344891337953375,8.787268749999999,19.59497275076225
2.721768906640562,5.81825,10.557287960707633
2.5201771491812353,4.9882937499999995,8.380922614769048
2.3221987744478114,4.23534375,6.5568733770767995
3.761849073949893,11.11456875,27.87422010635995
2.491920712451529,4.8770625,8.102168706447088
2.7157583680422377,5.79258125,10.487500668168039
2.1313993035996277,3.56795625,5.069826311015959
2.443357814226735,4.688825,7.637651468861113
2.528807918105647,5.02251875,8.467323455889382
4.338790305697929,14.7852,42.76658828520334
3.3236537179142474,8.6760375,19.224096195758953
5.547611223703286,24.17140625,89.3957097367945
2.031965813912392,3.2428187499999996,4.392864560476078
2.0399920432375636,3.2684875,4.445125662280955
5.2187536478167456,21.390625,74.42160149855336
2.0532993731421074,3.31126875,4.532684032453365
4.6102600872839155,16.69324375,51.30679692528444
2.6630988455877476,5.57011875,9.88918454194111
2.985200075220372,6.9990125,13.928968427645552
2.500649007870456,4.911287499999999,8.187604142827714
2.6384399919488617,5.46744375,9.6170148291539
5.873822570664323,27.09764375,106.11116764704732
2.9056790578703255,6.63109375,12.845220160099865
5.315960899680958,22.194912499999997,78.65819134789344
2.65079809231917,5.51878125,9.752783206284535
2.077037726772803,3.3882749999999997,4.691716669120746
2.3778281873504405,4.440693749999999,7.039471180093952
4.409769631231638,15.27290625,44.89999877459858
2.456697446465619,4.740162499999999,7.763430073054724
2.3960843339489126,4.50914375,7.202859132599101
2.7967845651089553,6.143387499999999,11.454487558322192
2.483161737327308,4.8428375,8.01703252006256
2.5180148346267974,4.9797375,8.359368598364908
2.5481202658755295,5.099525,8.662801999225938
2.970566653394364,6.9305625,13.725131901176988
2.6855038960634254,5.6642375,10.140887916319038
3.359515659348425,8.864275,19.853113780847174
2.950327189966826,6.83644375,13.446497252202512
2.164367579108341,3.6791875,5.308742761640446
2.584205397969454,5.2449812499999995,9.036072572332381
3.131252188690047,7.700625,16.075065923687525
2.128842134948089,3.5593999999999997,5.051600463422816
2.1056878764049,3.48239375,4.888556200162131
2.721768906640562,5.81825,10.557287960707633
3.3901820639377838,9.02684375,20.401762516812592
2.250729320111086,3.97865625,5.969918851012149
2.443357814226735,4.688825,7.637651468861113
2.6301689998356665,5.43321875,9.52685568371726
2.128842134948089,3.5593999999999997,5.051600463422816
3.0679880473054593,7.3926,15.120272292340227
3.497733126577982,9.60866875,22.405705992793102
2.368647349256474,4.40646875,6.9582470161793255
2.5459816836558233,5.09096875,8.641008793042786
4.501458640222172,15.914625,47.75935080809719
2.646685137022096,5.501668749999999,9.707456606295954
2.6590049171939327,5.55300625,9.843647282639093
4.097303280451742,13.18518125,36.015790925983865
2.911297520850472,6.6567625,12.919877442093592
2.151747252402591,3.63640625,5.21641810470474
3.305576851656025,8.58191875,18.91212797519521
2.0744135466639464,3.37971875,4.673956239276093
3.377303832912924,8.958393749999999,20.17014503241212
4.042429193190693,12.834375,34.58803478423788
2.7496443702996074,5.9380375,10.88499425500197
2.354808979516572,4.3551312499999995,6.83700144964882
3.65759803552799,10.507075,25.620437919430174
2.7157583680422377,5.79258125,10.487500668168039
2.1339534079355196,3.5765124999999998,5.088074025265988
3.4157928684742718,9.16374375,20.86763369985045
4.540015735322878,16.188425,48.99713615339617
2.719766869660104,5.80969375,10.534008389414245
3.2000791401716646,8.042875,17.15855767633878
3.0962650325970817,7.5295,15.54221837529315
2.3846906206303164,4.4663625,7.100595174723314
2.179415507108074,3.7305249999999996,5.420242689769564
3.941454839106618,12.201212499999999,32.060352034062106
2.354808979516572,4.3551312499999995,6.83700144964882
4.172392725489188,13.6728875,38.0324375609547
3.136466600609695,7.72629375,16.155508195582957
2.494105649927359,4.88561875,8.123499551844024
4.746484415585498,17.694325,55.990558571203245
3.436461107946664,9.274975,21.248727243118402
2.5926230274208835,5.27920625,9.124661126836168
3.81504812837261,11.431149999999999,29.07359160843103
2.223948461184896,3.8845375,5.759340797026682
7.286845382984087,41.7031625,202.58966474597335
2.9906691486454386,7.0246812499999995,14.005664995628715
3.422165621903512,9.19796875,20.984648298395204
2.7575570323275067,5.972262499999999,10.979236303853904
3.1503295039689507,7.794743749999999,16.370674141001718
4.637355243784955,16.8900375,52.21673597889968
2.483161737327308,4.8428375,8.01703252006256
2.2067368821461666,3.82464375,5.626654949463213
4.05722435864242,12.92849375,34.96919984203753
5.4285073074282435,23.14465625,83.76062372069318
2.648742412993063,5.510225,9.730111108423133
2.010405884907704,3.1743687499999997,4.254513077244742
2.5093469437250118,4.9455124999999995,8.273337784685895
4.7223232666187265,17.514643749999998,55.1398731247755
2.34553804202646,4.32090625,6.756566656936595
3.326929868259095,8.69315,19.281000256171033
3.425347552504349,9.215081249999999,21.043237337210805
5.897884336257051,27.32010625,107.42055114450224
2.5136846253441054,4.962625,8.316316109232192
5.450537864798658,23.33289375,84.7845472531326
4.456461165881416,15.598043749999999,46.34138415706289
2.1056878764049,3.48239375,4.888556200162131
2.550257054733938,5.10808125,8.684613495977766
4.0235202994387125,12.714587499999999,34.10493393682646
3.0733097998693664,7.418268749999999,15.199092031626448
3.0608779843356384,7.358375,15.01539202532383
2.4478124356355675,4.7059375,7.679501555882501
2.4411274551911886,4.68026875,7.616755028865561
2.366346574212045,4.3979124999999994,6.93799011870622
2.5180148346267974,4.9797375,8.359368598364908
2.5331122751238446,5.039631249999999,8.510634520981817
5.923687703432398,27.559681249999997,108.83662995409424
2.926227349634205,6.7252125,13.119667166401214
2.491920712451529,4.8770625,8.102168706447088
3.6336919098657727,10.370175,25.121347334261525
2.3938099297021815,4.5005875,7.182367364662343
2.4589136827724007,4.74871875,7.7844596733419005
2.765447054267618,6.0064874999999995,11.07374877558018
2.409685678781207,4.56048125,7.326217570983477
2.845058487974842,6.357293749999999,12.057915029324608
2.368647349256474,4.40646875,6.9582470161793255
2.5093469437250118,4.9455124999999995,8.273337784685895
2.7117439410612056,5.77546875,10.441061593067223
2.010405884907704,3.1743687499999997,4.254513077244742
3.641179434619663,10.412956249999999,25.27696143406286
2.530961011657125,5.0310749999999995,8.48896978114858
2.50282632566028,4.91984375,8.20900963709013
2.4589136827724007,4.74871875,7.7844596733419005
2.015817485235409,3.19148125,4.288962471700639
3.899774554134863,11.944524999999999,31.053969770818487
2.669227964961913,5.5957875,9.95762165398954
2.4765721766511173,4.8171687499999996,7.953377397655494
2.5905211843292046,5.27065,9.102486986789815
2.2116681438980548,3.84175625,5.664459943164168
2.6569555874735418,5.544449999999999,9.820904937978451
5.342535759277369,22.417375,79.84375171108697
5.7282804954171365,25.771424999999997,98.41730077773705
2.667186490120268,5.587231249999999,9.934791804785185
3.0268771157337127,7.1958062499999995,14.520547511585747
2.9429328746063828,6.80221875,13.345648786425956
2.2867432759772823,4.107,6.261103089625798
2.423210681234937,4.611818749999999,7.450272303279704
2.498469792634855,4.9027312499999995,8.166217286354616
2.375536304227667,4.4321375,7.0191356910525675
2.628097184626533,5.4246625,9.504360162532752
2.407424124384527,4.551925,7.305609371592692
6.936035773703253,37.7844,174.71596672527548
2.5093469437250118,4.9455124999999995,8.273337784685895
3.0376553472835393,7.247143749999999,14.67621664314665
2.73773249752281,5.886699999999999,10.744139928778349
4.694558263983652,17.30929375,54.17299201185538
2.5158506616144725,4.97118125,8.337833091211975
4.3274766220196454,14.70819375,42.432909736840294
5.373035735484795,22.674062499999998,81.21903205407713
3.551821008957714,9.908137499999999,23.461287288094507
2.483161737327308,4.8428375,8.01703252006256
4.945440313426836,19.208781249999998,63.33058744369833
3.422165621903512,9.19796875,20.984648298395204
2.1390524675540097,3.593625,5.124634949142516
2.090109207125488,3.4310562499999997,4.780854838860301
2.5331122751238446,5.039631249999999,8.510634520981817
2.4455861391898446,4.697381249999999,7.658566983660178
2.877422188266188,6.50275,12.474104756498635
2.1390524675540097,3.593625,5.124634949142516
2.443357814226735,4.688825,7.637651468861113
3.4836890822903843,9.5316625,22.13689905821777
2.354808979516572,4.3551312499999995,6.83700144964882
3.690216093713252,10.6953125,26.312009543195007
2.0265973347459454,3.22570625,4.358138459282225
2.7036972053955304,5.74124375,10.348389788246372
3.8745511698381585,11.7905125,30.455295999910945
2.6405036919061016,5.476,9.639598811251876
3.3513989148017105,8.82149375,19.70956305378671
2.461127923367652,4.757275,7.80550822775923
2.491920712451529,4.8770625,8.102168706447088
3.431702562703548,9.24930625,21.1605786409033
2.494105649927359,4.88561875,8.123499551844024
2.582096702883109,5.236425,9.013970484929787
2.858429094971603,6.4171875,12.228716971925389
2.7772400589587654,6.057824999999999,11.21602284010792
2.987024212314047,7.00756875,13.954518350470188
4.768239011273887,17.856893749999998,56.76395826594857
2.4589136827724007,4.74871875,7.7844596733419005
2.2434571546708417,3.9529875,5.9122387261329346
4.257684269896178,14.237599999999999,40.41280370738253
3.0697629899169425,7.40115625,15.146530359228313
2.171904575495715,3.7048562499999997,5.364396160619264
2.5630403782125755,5.1594187499999995,8.815865722904702
6.582253248994923,34.02820625,149.3215140976879
2.0212145965953465,3.20859375,4.323504348029735
2.5093469437250118,4.9455124999999995,8.273337784685895
2.5438413035518352,5.082412499999999,8.619233892792094
3.326929868259095,8.69315,19.281000256171033
2.611463491034249,5.3562125,9.325035595980852
5.496316419650289,23.72648125,86.9388323165998
2.5223376100573645,4.996849999999999,8.402495124543426
2.489733857521782,4.868506249999999,8.080856564120932
2.118582595064865,3.525175,4.978916266371856
4.079984086475127,13.07395,35.56100529824764
2.480967161788268,4.83428125,7.995795354732492
4.525595320698001,16.08575,48.53172995327856
2.963222843263738,6.8963375,13.623589876570895
3.1778738925972974,7.931643749999999,16.803842399005013
3.2707890560622697,8.4022375,18.32129764095734
2.472169378188552,4.80005625,7.911034716555048
4.845297293949021,18.43871875,59.560716042174704
3.5777972454014604,10.05359375,23.979813350090225
5.155748275984988,20.87725,71.75856379653837
2.338560719551536,4.2952375,6.696449132429825
2.6384399919488617,5.46744375,9.6170148291539
3.362756871544026,8.881387499999999,19.91063122964681
2.443357814226735,4.688825,7.637651468861113
2.648742412993063,5.510225,9.730111108423133
3.0501818142305486,7.3070375,14.858528598933766
3.591473309366789,10.1306,24.255853005247456
2.866041436266883,6.4514125,12.326677031633416
2.2938782177332855,4.13266875,6.319892551154697
2.594723167925177,5.2877624999999995,9.146853243490636
2.5566567060878826,5.13375,8.75015757658578
3.756052692889053,11.080343749999999,27.745569986882597
3.620175340108847,10.29316875,24.842050453552673
3.0892200518358752,7.4952749999999995,15.436369216016095
4.1369939385548795,13.44186875,37.072619694400174
3.0821589681984745,7.461049999999999,15.330761446451483
2.391533362444715,4.49203125,7.161895066346158
2.500649007870456,4.911287499999999,8.187604142827714
2.179415507108074,3.7305249999999996,5.420242689769564
2.0479868173492943,3.29415625,4.4975923828591915
2.743694898409151,5.91236875,10.814490651259124
2.7016817767103807,5.7326875,10.325264900216927
2.7496443702996074,5.9380375,10.88499425500197
2.2843600097998285,4.0984437499999995,6.241547336609362
2.5093469437250118,4.9455124999999995,8.273337784685895
2.0399920432375636,3.2684875,4.445125662280955
3.2724540035134724,8.41079375,18.349290453275728
2.0744135466639464,3.37971875,4.673956239276093
3.7356945337907574,10.96055625,27.296860046954084
3.206880591288111,8.0771,17.2681968159288
4.520778293978271,16.051524999999998,48.37692387016639
4.650257989774424,16.984156249999998,52.65380553409314
4.082653359960844,13.0910625,35.63084686738828
2.6031067864354367,5.3219875,9.235801185716376
2.366346574212045,4.3979124999999994,6.93799011870622
3.0555345796483273,7.332706249999999,14.936891672852271
2.498469792634855,4.9027312499999995,8.166217286354616
2.4254575159144154,4.620375,7.471015513395376
3.023275832940679,7.17869375,14.468780884304861
2.0744135466639464,3.37971875,4.673956239276093
3.8717384281463234,11.773399999999999,30.389016806625275
3.1503295039689507,7.794743749999999,16.370674141001718
2.4478124356355675,4.7059375,7.679501555882501
2.681444175078526,5.647125,10.094966958126879
2.8887581042126773,6.5540875,12.622115587562671
2.507175288671978,4.93695625,8.251876474169784
3.0070166875744797,7.1016875,14.236595214959394
2.8239196315753485,6.2631749999999995,11.791135225661286
3.6769073167008894,10.61830625,26.02835196106386
2.97972096370311,6.97334375,13.852412372655369
4.022166262617788,12.706031249999999,34.070513483678205
3.3933939851356385,9.043956249999999,20.45980449371991
2.364043559968902,4.38935625,6.917752916814497
3.2102759131404364,8.0942125,17.32310361639349
3.370846267095218,8.92416875,20.05466727857687
2.343214576332837,4.3123499999999995,6.73650758549927
2.4455861391898446,4.697381249999999,7.658566983660178
2.0822761656770727,3.4053875,4.7273048174297525
2.7496443702996074,5.9380375,10.88499425500197
2.4321855663311647,4.64604375,7.533360366195412
2.1313993035996277,3.56795625,5.069826311015959
2.560914255591823,5.1508625,8.793944803228891
2.9056790578703255,6.63109375,12.845220160099865
2.5863123737764364,5.2535375,9.058192694899017
2.721768906640562,5.81825,10.557287960707633
2.707723562362465,5.758356249999999,10.394691265734776
3.6291919800776657,10.34450625,25.028132746908863
2.5459816836558233,5.09096875,8.641008793042786
3.0573167521997657,7.3412625,14.963043215697288
2.0479868173492943,3.29415625,4.4975923828591915
2.642565780226557,5.48455625,9.662200443985126
2.7516246689864814,5.94659375,10.908529372627218
2.0022610605282236,3.1487,4.203012934190144
3.591473309366789,10.1306,24.255853005247456
2.6301689998356665,5.43321875,9.52685568371726
2.498469792634855,4.9027312499999995,8.166217286354616
2.071786042700417,3.3711625,4.656218276783363
2.071786042700417,3.3711625,4.656218276783363
3.0501818142305486,7.3070375,14.858528598933766
3.5210153880067874,9.737012499999999,22.856113897142954
4.865490794579025,18.59273125,60.308508495304515
2.340888804468089,4.30379375,6.71646840407649
2.010405884907704,3.1743687499999997,4.254513077244742
3.478995135740391,9.50599375,22.047537344419037
2.5158506616144725,4.97118125,8.337833091211975
3.494617105356709,9.59155625,22.3458776921607
3.1503295039689507,7.794743749999999,16.370674141001718
3.9963523972370836,12.543462499999999,33.4187309543523
2.1134341485843597,3.5080625,4.9427060552454805
3.65759803552799,10.507075,25.620437919430174
2.65079809231917,5.51878125,9.752783206284535
2.6855038960634254,5.6642375,10.140887916319038
3.458581085993934,9.394762499999999,21.661698593270053
2.233724105932787,3.9187624999999997,5.8356228411169555
2.472169378188552,4.80005625,7.911034716555048
6.574801170469907,33.9512,148.81492633257196
3.039448003295157,7.2557,14.702215251672442
6.649765305180681,34.72981875,153.96342918597563
2.507175288671978,4.93695625,8.251876474169784
5.3139111749470835,22.177799999999998,78.56723950382761
2.4633401736330716,4.76583125,7.826575719253945
2.575760259705065,5.21075625,8.947772581173192
2.359430787652217,4.37224375,6.877337676579988
3.0555345796483273,7.332706249999999,14.936891672852271
4.304760052400487,14.55418125,41.768172026930806
6.890336074134711,37.2881375,171.2851993023635
3.750247352954275,11.04611875,27.617118401737393
2.7456794881069135,5.9209249999999995,10.837974882079617
2.5223376100573645,4.996849999999999,8.402495124543426
3.45385301668022,9.36909375,21.57298180799819
2.966897020550142,6.91345,13.674329471148251
6.413761182576222,32.3084,138.1455745274304
3.8292993850501893,11.516712499999999,29.400626729366547
4.5984297878576665,16.60768125,50.912837444830174
3.605097493076408,10.20760625,24.532943801457378
4.560366600012351,16.33388125,49.65899100071199
3.0555345796483273,7.332706249999999,14.936891672852271
4.507504927219053,15.95740625,47.95205819834072
2.0479868173492943,3.29415625,4.4975923828591915
2.569408190208785,5.1850875,8.881737526299462
4.941032611737022,19.17455625,63.1614051645573
2.352494670378073,4.346575,6.816863014599048
2.5115167209948446,4.954068749999999,8.294817668388685
3.059097886491369,7.34981875,14.989210002813088
2.594723167925177,5.2877624999999995,9.146853243490636
2.364043559968902,4.38935625,6.917752916814497
2.071786042700417,3.3711625,4.656218276783363
3.7849458316932236,11.251468749999999,28.390799830492703
2.4478124356355675,4.7059375,7.679501555882501
4.6350054309947195,16.872925,52.13739934117771
3.6680079717035365,10.56696875,25.83981707449477
2.719766869660104,5.80969375,10.534008389414245
2.5587863663539365,5.14230625,8.772042082744425
6.24508430364331,30.631375,127.53034614100805
2.8717374500400727,6.4770812499999995,12.400317861718246
2.100507824581783,3.46528125,4.852566920001027
4.95094442232394,19.2515625,63.54227732026382
2.669227964961913,5.5957875,9.95762165398954
2.537409330418011,5.05674375,8.554019181855306
3.122542151821655,7.65784375,15.941293267626007
2.9577030194521066,6.87066875,13.547598471686815
3.2221313644034044,8.15410625,17.515734331201884
2.5115167209948446,4.954068749999999,8.294817668388685
2.4962886749841684,4.894175,8.144849083927095
2.0506448156351045,3.3027124999999997,4.51512684377217
2.015817485235409,3.19148125,4.288962471700639
2.9094259054073643,6.648206249999999,12.894975658827429
2.8006770994423777,6.1605,11.502380847409844
3.386967096819243,9.00973125,20.34377552995608
2.0559505031980736,3.319825,4.550263919519697
2.6834748032946383,5.65568125,10.117918753227285
2.4743717566905366,4.8086125,7.932196639246047
2.922502042777378,6.7081,13.069623968769953
4.184125769907838,13.74989375,38.3541898485798
4.2049036792869705,13.886793749999999,38.92842008858286
2.3824053392039657,4.45780625,7.080200940757871
3.769082014821496,11.15735,28.035311478712412
5.421478810787639,23.0847625,83.43570049721005
2.725768569204774,5.8353625,10.603898461610793
2.1769147426503643,3.72196875,5.401605762372631
4.087986678185011,13.125287499999999,35.77066696489883
2.3960843339489126,4.50914375,7.202859132599101
2.5523920547350993,5.1166374999999995,8.706443267973109
3.174443914379685,7.91453125,16.74949037448689
2.452258965069026,4.72305,7.721427803312842
2.1237185604079127,3.5422875,5.015214473367296
2.452258965069026,4.72305,7.721427803312842
4.599614187049968,16.6162375,50.9521878269278
3.1813001727219614,7.94875625,16.858253087366517
3.103294020150519,7.563725,15.64830837504199
2.50282632566028,4.91984375,8.20900963709013
2.121152132207027,3.5337312499999998,4.997054383722734
4.402352015162461,15.22156875,44.6738025736643
4.542414687001684,16.2055375,49.074847700504364
3.471157785989006,9.4632125,21.89886916656232
2.560914255591823,5.1508625,8.793944803228891
3.021473581911402,7.1701375,14.442920689948176
5.575036022600086,24.41098125,90.7280665438435
2.2141296562279513,3.8503125,5.683394061330122
2.755580996937714,5.9637062499999995,10.95565040921245
3.503956855924391,9.642893749999999,22.5255224441753
5.977694472220873,28.0645,111.84067101042847
2.594723167925177,5.2877624999999995,9.146853243490636
2.420961761324711,4.6032625,7.429548326559994
2.3983565813385725,4.5177,7.223370351675513
2.4321855663311647,4.64604375,7.533360366195412
3.9689985343673007,12.372337499999999,32.73719293613172
4.485700153099906,15.80339375,47.25952384258206
2.4875450800810937,4.8599499999999995,8.059563141293408
3.245712358086759,8.27389375,17.903119462581202
2.489733857521782,4.868506249999999,8.080856564120932
2.2116681438980548,3.84175625,5.664459943164168
2.443357814226735,4.688825,7.637651468861113
3.335106164365339,8.73593125,19.4235054422312
2.171904575495715,3.7048562499999997,5.364396160619264
2.628097184626533,5.4246625,9.504360162532752
2.8200591791463125,6.2460625,11.742843924431044
2.644626260680142,5.4931125,9.68481971358023
3.3692299417723217,8.9156125,20.025832389493047
2.5799862843017562,5.22786875,8.99188644741984
2.8849844146797636,6.536975,12.572713996100829
3.724011332280962,10.89210625,27.041551404938865
3.0803911682433527,7.4524937499999995,15.304397285925857
4.176307402871467,13.69855625,38.139587917017465
2.8469724192293,6.36585,12.082266249967224
2.896290732656682,6.5883125,12.721112291730778
7.002470671251376,38.511681249999995,179.78461230247098
2.735742142844943,5.87814375,10.720723719050405
2.498469792634855,4.9027312499999995,8.166217286354616
2.061242533839648,3.3369375,4.585491671843028
3.61113618657679,10.241831249999999,24.65643162912533
5.001298015740912,19.645149999999997,65.50083314262172
3.648651593996112,10.4557375,25.432895530519946
4.511128809562853,15.983075,48.067806731935846
2.3362303146682177,4.28668125,6.6764497903799
2.5968216099729116,5.29631875,9.169063322203144
2.1844084472306053,3.7476374999999997,5.457580674772125
4.475975046476845,15.73494375,46.95281038847785
2.4321855663311647,4.64604375,7.533360366195412
2.9392287411376654,6.78510625,13.295319534448533
2.411945112637907,4.569037499999999,7.346845111722878
2.4277022711527803,4.62893125,7.491777939090051
2.4254575159144154,4.620375,7.471015513395376
3.3740765948773377,8.94128125,20.112378529227062
2.0479868173492943,3.29415625,4.4975923828591915
3.7400663252619015,10.986225,27.392806776166957
3.062657047539806,7.3669312499999995,15.041589274369151
2.359430787652217,4.37224375,6.877337676579988
4.122485067679296,13.34775,36.68393337474422
2.707723562362465,5.758356249999999,10.394691265734776
2.409685678781207,4.56048125,7.326217570983477
2.480967161788268,4.83428125,7.995795354732492
4.1158732188887415,13.304968749999999,36.507709704184414
3.6396831619307917,10.404399999999999,25.245812993328478
2.4299449527129227,4.6374875,7.51255956259618
3.158962925209863,7.837524999999999,16.50563393360362
5.228138965185638,21.46763125,74.82383961890788
3.1864326850766362,7.974424999999999,16.939978976461504
2.0691552022198847,3.36260625,4.638502810136398
3.688739711940334,10.68675625,26.280441447467712
2.0506448156351045,3.3027124999999997,4.51512684377217
2.2361613397248123,3.92731875,5.854745571684249
2.567287341155513,5.17653125,8.859762099480616
2.729762371448094,5.852475,10.650577356560458
2.5481202658755295,5.099525,8.662801999225938
3.7748583891146734,11.191575,28.164407184104032
2.9410813910166356,6.7936625,13.320476237065035
3.38535846832821,9.001175,20.314802674102772
2.0265973347459454,3.22570625,4.358138459282225
3.3756905995593978,8.9498375,20.14125487755612
2.1769147426503643,3.72196875,5.401605762372631
4.085320889392759,13.108175,35.70073409954396
2.6322391843354946,5.441775,9.549368924891523
2.4743717566905366,4.8086125,7.932196639246047
3.1830119297318724,7.9573125,16.88548041073636
2.709734497331338,5.7669125,10.417867829560873
4.058566699244456,12.93705,35.00392021097366
3.262451573584428,8.35945625,18.18154746474845
2.648742412993063,5.510225,9.730111108423133
2.0131135034881087,3.182925,4.271726198726592
2.598918357678237,5.304875,9.19129134845889
2.340888804468089,4.30379375,6.71646840407649
2.646685137022096,5.501668749999999,9.707456606295954
2.924365289407701,6.71665625,13.094637598922194
2.4411274551911886,4.68026875,7.616755028865561
2.5481202658755295,5.099525,8.662801999225938
4.780788531511848,17.9510125,57.21332979268387
4.193228773795838,13.809787499999999,38.60506553667073
2.0585982190449528,3.32838125,4.567866475701742
2.4787706432861216,4.825724999999999,7.9745769750479445
2.8469724192293,6.36585,12.082266249967224
6.346313433372556,31.632456249999997,133.83298801996312
2.1693951528489643,3.6963,5.345823535650418
4.993668266041658,19.58525625,65.20151507861267
2.010405884907704,3.1743687499999997,4.254513077244742
2.199319258193377,3.798975,5.570105919263456
2.5223376100573645,4.996849999999999,8.402495124543426
3.0268771157337127,7.1958062499999995,14.520547511585747
2.605198475633069,5.3305437499999995,9.258082967863588
3.651636176576145,10.47285,25.49535862123698
2.079658595609427,3.39683125,4.7094995379314755
3.2271989397984226,8.179775,17.598507471859758
2.5180148346267974,4.9797375,8.359368598364908
2.100507824581783,3.46528125,4.852566920001027
2.6733062377221195,5.6129,10.00333372114032
2.116009937655572,3.5166187499999997,4.960800147963944
2.6384399919488617,5.46744375,9.6170148291539
3.7458874436876273,11.02045,27.52091018585821
2.6260237348484248,5.4161062499999995,9.481882375307265
2.535261713164489,5.0481875,8.532317659750372
3.2271989397984226,8.179775,17.598507471859758
2.528807918105647,5.02251875,8.467323455889382
2.151747252402591,3.63640625,5.21641810470474
3.3187334284394217,8.65036875,19.138845292635153
5.175782959761773,21.03981875,72.59835690848416
2.1693951528489643,3.6963,5.345823535650418
2.1339534079355196,3.5765124999999998,5.088074025265988
2.0185178447651753,3.2000374999999996,4.306221865111826
6.968159918093982,38.135206249999996,177.15481043966474
2.6569555874735418,5.544449999999999,9.820904937978451
2.565164738608946,5.167975,8.837804826675042
3.9123252645670368,12.021531249999999,31.354760285438104
2.729762371448094,5.852475,10.650577356560458
2.4142024319084197,4.57759375,7.367491975692523
4.969612794018204,19.39701875,64.26378169720732
2.4388950565027536,4.6717125,7.595877681101414
2.89064310154489,6.562643749999999,12.646840589222792
2.450036709093717,4.71449375,7.700455168195265
5.176835269005088,21.048375,72.64264670349665
2.3938099297021815,4.5005875,7.182367364662343
2.2843600097998285,4.0984437499999995,6.241547336609362
2.7948362649316416,6.1348312499999995,11.430565904490608
2.333897582868648,4.278125,6.656470397806621
3.2102759131404364,8.0942125,17.32310361639349
6.731180743335358,35.585443749999996,159.6880358086957
2.4366606125554147,4.66315625,7.575019443044407
3.0358616327207075,7.2385874999999995,14.650233377561134
4.243588060559167,14.143481249999999,40.01273877816163
4.893399081262353,18.8066375,61.35225510942274
3.201780857462994,8.05143125,17.18594563428623
2.159328299677013,3.6620749999999997,5.271748122026462
2.0022610605282236,3.1487,4.203012934190144
2.8546153119590207,6.400074999999999,12.179834728457422
3.285743211504587,8.47924375,18.573745060170133
4.594874758499167,16.582012499999998,50.79484712091178
2.584205397969454,5.2449812499999995,9.036072572332381
2.62187191607027,5.39899375,9.436980058775939
2.461127923367652,4.757275,7.80550822775923
2.6996648434119224,5.72413125,10.302157263133696
3.245712358086759,8.27389375,17.903119462581202
2.907553085190505,6.63965,12.870089894723424
2.489733857521782,4.868506249999999,8.080856564120932
2.095314966638671,3.44816875,4.816666392913839
2.4633401736330716,4.76583125,7.826575719253945
3.2774437710928424,8.4364625,18.433354313788893
2.1056878764049,3.48239375,4.888556200162131
3.7254737361591563,10.9006625,27.073421233656678
2.0265973347459454,3.22570625,4.358138459282225
2.0022610605282236,3.1487,4.203012934190144
2.7733146293516726,6.0407125,11.168530898638341
2.100507824581783,3.46528125,4.852566920001027
2.79093558436374,6.11771875,11.382772636336172
3.6650367213401034,10.54985625,25.77707370740627
2.494105649927359,4.88561875,8.123499551844024
2.407424124384527,4.551925,7.305609371592692
2.50282632566028,4.91984375,8.20900963709013
4.336278704731633,14.7680875,42.69236222390895
2.108273129528813,3.4909499999999998,4.906584054352405
2.359430787652217,4.37224375,6.877337676579988
2.719766869660104,5.80969375,10.534008389414245
2.0022610605282236,3.1487,4.203012934190144
2.735742142844943,5.87814375,10.720723719050405
2.4366606125554147,4.66315625,7.575019443044407
3.485252326292009,9.54021875,22.166713061181422
2.582096702883109,5.236425,9.013970484929787
2.4142024319084197,4.57759375,7.367491975692523
2.2165884350602267,3.8588687499999996,5.702349229110207
3.612644282773908,10.2503875,24.687335865394754
2.2676070125553482,4.03855,6.105229533703601
2.3869737141361322,4.47491875,7.121008952763276
5.117572732707873,20.569225,70.1763366619554
2.0212145965953465,3.20859375,4.323504348029735
2.0131135034881087,3.182925,4.271726198726592
2.34553804202646,4.32090625,6.756566656936595
4.884485778632396,18.7381875,61.017606907398225
2.3245432462962605,4.2439,6.576752721971133
4.242304264414054,14.134924999999999,39.97643506978187
3.4189807299879553,9.18085625,20.926113735692986
5.818851810814729,26.592824999999998,103.15980527061943
2.5158506616144725,4.97118125,8.337833091211975
3.0250770102425157,7.18725,14.494656494577011
5.228138965185638,21.46763125,74.82383961890788
3.3187334284394217,8.65036875,19.138845292635153
3.0250770102425157,7.18725,14.494656494577011
3.89558199830447,11.91885625,30.953921231919146
2.613548492157631,5.36476875,9.347388851557914
2.409685678781207,4.56048125,7.326217570983477
2.4743717566905366,4.8086125,7.932196639246047
2.9038038211097428,6.6225375,12.820366465295043
2.7536035435097777,5.95515,10.932081428088166
5.984979903897514,28.132949999999997,112.25009359156905
2.5968216099729116,5.29631875,9.169063322203144
2.582096702883109,5.236425,9.013970484929787
4.580627050528901,16.4793375,50.32379941819688
3.3740765948773377,8.94128125,20.112378529227062
2.50282632566028,4.91984375,8.20900963709013
3.551821008957714,9.908137499999999,23.461287288094507
2.0822761656770727,3.4053875,4.7273048174297525
2.151747252402591,3.63640625,5.21641810470474
2.646685137022096,5.501668749999999,9.707456606295954
2.189390000900183,3.76475,5.495004003925975
2.7397214062468325,5.89525625,10.767573162290283
2.4787706432861216,4.825724999999999,7.9745769750479445
5.107984266994502,20.49221875,69.78262064720647
2.405160443466083,4.54336875,7.285020531719961
2.926227349634205,6.7252125,13.119667166401214
5.970400150440744,27.99605,111.43174742116442
4.863251212966893,18.57561875,60.22526694503204
3.3901820639377838,9.02684375,20.401762516812592
2.530961011657125,5.0310749999999995,8.48896978114858
5.176835269005088,21.048375,72.64264670349665
2.4388950565027536,4.6717125,7.595877681101414
3.9908966235025463,12.5092375,33.28204913422762
2.300991035479094,4.1583375,6.37886487333103
2.5223376100573645,4.996849999999999,8.402495124543426
4.952044509977185,19.26011875,63.5846435449641
2.74766264436988,5.929481249999999,10.861476087411079
2.4875450800810937,4.8599499999999995,8.059563141293408
2.079658595609427,3.39683125,4.7094995379314755
4.297161176127235,14.502843749999998,41.547371403959666
3.032271020426169,7.221475,14.598312911488046
2.8393089533253995,6.331625,11.984959701065957
3.4742948474390283,9.480324999999999,21.958296199698268
2.483161737327308,4.8428375,8.01703252006256
4.5352140251106965,16.1542,48.84183626962881
2.505001750952038,4.9284,8.230433752928015
2.4411274551911886,4.68026875,7.616755028865561
2.4743717566905366,4.8086125,7.932196639246047
3.2840850013502747,8.4706875,18.545638513250168
3.1260290788174525,7.674956249999999,15.99475761076783
3.1881416863714414,7.98298125,16.967250203097723
2.340888804468089,4.30379375,6.71646840407649
3.44753883769458,9.33486875,21.454881706937638
2.461127923367652,4.757275,7.80550822775923
2.467758724580645,4.782943749999999,7.8687674454939796
2.3960843339489126,4.50914375,7.202859132599101
2.4875450800810937,4.8599499999999995,8.059563141293408
3.315449178819063,8.633256249999999,19.082081563064698
2.4321855663311647,4.64604375,7.533360366195412
2.4366606125554147,4.66315625,7.575019443044407
4.843048374220562,18.42160625,59.477820133062544
4.841923522649422,18.41305,59.43638661247995
2.257978064546162,4.004325,6.0277853422092065
2.535261713164489,5.0481875,8.532317659750372
2.6712678796386844,5.60434375,9.98046896388587
2.467758724580645,4.782943749999999,7.8687674454939796
3.2221313644034044,8.15410625,17.515734331201884
2.8698400349336577,6.468525,12.375754674646158
4.72693491153275,17.54886875,55.301573568187386
2.550257054733938,5.10808125,8.684613495977766
2.567287341155513,5.17653125,8.859762099480616
2.8316247472105505,6.2974,11.887915788722479
2.588417634502544,5.26209375,9.080330837937082
2.541699121021538,5.0738562499999995,8.597477313876423
5.901577438895878,27.354331249999998,107.622469440723
2.6956264494630995,5.70701875,10.255993793387887
4.384995448508472,15.10178125,44.14749469708039
2.3268853559546496,4.25245625,6.596652116641882
2.077037726772803,3.3882749999999997,4.691716669120746
2.0744135466639464,3.37971875,4.673956239276093
2.3938099297021815,4.5005875,7.182367364662343
2.798731509003021,6.15194375,11.4784258764928
2.2385959200209644,3.935875,5.873889144475008
2.3617382999764818,4.3808,6.897535429691315
3.6680079717035365,10.56696875,25.83981707449477
2.423210681234937,4.611818749999999,7.450272303279704
2.4765721766511173,4.8171687499999996,7.953377397655494
6.442571986883755,32.599312499999996,140.01561166944626
3.3756905995593978,8.9498375,20.14125487755612
2.5331122751238446,5.039631249999999,8.510634520981817
2.416457642518728,4.58615,7.3881581448248435
2.5799862843017562,5.22786875,8.99188644741984
3.783506415086047,11.2429125,28.358421045334065
2.1668828240931584,3.6877437499999997,5.327272394354595
2.5926230274208835,5.27920625,9.124661126836168
2.8469724192293,6.36585,12.082266249967224
4.122485067679296,13.34775,36.68393337474422
2.954017406781285,6.85355625,13.497016307236443
2.725768569204774,5.8353625,10.603898461610793
2.1030994453386973,3.4738374999999997,4.870550479631178
2.866041436266883,6.4514125,12.326677031633416
3.9442178642192496,12.218325,32.12782382389111
2.4875450800810937,4.8599499999999995,8.059563141293408
3.194968550048326,8.01720625,17.07648121866725
7.73080455182747,46.939587499999995,241.92051780393584
2.4853543750501683,4.85139375,8.038288454435692
2.4411274551911886,4.68026875,7.616755028865561
3.659086982479762,10.51563125,25.65173961295492
3.4554297586097302,9.37765,21.60254058388436
2.4787706432861216,4.825724999999999,7.9745769750479445
2.911297520850472,6.6567625,12.919877442093592
3.482125136495612,9.52310625,22.10709843376231
2.5158506616144725,4.97118125,8.337833091211975
2.721768906640562,5.81825,10.557287960707633
2.7889831982665525,6.1091625,11.358901045320057
3.030474118922932,7.21291875,14.572375729179296
2.097913002313169,3.456725,4.834605548613991
2.5180148346267974,4.9797375,8.359368598364908
2.5331122751238446,5.039631249999999,8.510634520981817
5.15152051941013,20.843025,71.58218064938553
2.0744135466639464,3.37971875,4.673956239276093
2.1744111020949703,3.7134125,5.382990244438828
2.494105649927359,4.88561875,8.123499551844024
2.6915819963983556,5.68990625,10.209899482462987
2.7157583680422377,5.79258125,10.487500668168039
2.489733857521782,4.868506249999999,8.080856564120932
2.079658595609427,3.39683125,4.7094995379314755
2.8849844146797636,6.536975,12.572713996100829
2.077037726772803,3.3882749999999997,4.691716669120746
2.0076946147800685,3.1658125,4.237323138435617
2.4366606125554147,4.66315625,7.575019443044407
2.4028946300159157,4.5348125,7.264451069586032
5.290282260009456,21.98100625,77.52381828102129
3.386967096819243,9.00973125,20.34377552995608
4.491767652360673,15.846174999999999,47.45155751909758
3.8064717635458054,11.3798125,28.8779566371304
2.4589136827724007,4.74871875,7.7844596733419005
4.477191840041929,15.7435,46.991113155800065
2.494105649927359,4.88561875,8.123499551844024
4.4589050712835805,15.61515625,46.41766626134033
2.015817485235409,3.19148125,4.288962471700639
2.6363746765701705,5.4588874999999994,9.594448511496964
2.0426604446963794,3.27704375,4.462591762442995
4.479624435624857,15.760612499999999,47.067749916943065
3.482125136495612,9.52310625,22.10709843376231
3.5564188374314565,9.93380625,23.552517116596217
2.090109207125488,3.4310562499999997,4.780854838860301
2.505001750952038,4.9284,8.230433752928015
3.6769073167008894,10.61830625,26.02835196106386
3.356271317056773,8.8471625,19.795651824060194
2.4142024319084197,4.57759375,7.367491975692523
2.5905211843292046,5.27065,9.102486986789815
2.491920712451529,4.8770625,8.102168706447088
2.74766264436988,5.929481249999999,10.861476087411079
3.1242861017771166,7.666399999999999,15.968017980442722
2.5136846253441054,4.962625,8.316316109232192
2.5331122751238446,5.039631249999999,8.510634520981817
2.467758724580645,4.782943749999999,7.8687674454939796
2.605198475633069,5.3305437499999995,9.258082967863588
2.6093768239083728,5.34765625,9.30270018731917
2.5180148346267974,4.9797375,8.359368598364908
2.272406186204278,4.0556624999999995,6.144075036104471
2.644626260680142,5.4931125,9.68481971358023
3.6231833799631903,10.31028125,24.904026445164074
2.9094259054073643,6.648206249999999,12.894975658827429
2.4655504389262153,4.7743875,7.847662130819225
3.8036086779481186,11.3627,28.812842883280727
2.5180148346267974,4.9797375,8.359368598364908
2.5331122751238446,5.039631249999999,8.510634520981817
2.4277022711527803,4.62893125,7.491777939090051
3.9067521488252837,11.98730625,31.220956300542834
2.8679413645075416,6.45996875,12.35120772770072
2.416457642518728,4.58615,7.3881581448248435
3.748794613270498,11.0375625,27.5850365624243
2.3869737141361322,4.47491875,7.121008952763276
3.2356272616463824,8.22255625,17.736751441947227
2.5523920547350993,5.1166374999999995,8.706443267973109
2.061242533839648,3.3369375,4.585491671843028
2.5136846253441054,4.962625,8.316316109232192
2.3571210163813228,4.3636875,6.857159676780315
2.071786042700417,3.3711625,4.656218276783363
2.4962886749841684,4.894175,8.144849083927095
3.8969800180868885,11.927412499999999,30.98725878665318
2.5331122751238446,5.039631249999999,8.510634520981817
3.237310292845576,8.2311125,17.76444347854659
3.618670382513108,10.2846125,24.811081766249394
3.003391590792335,7.084575,14.185168652891734
6.8848000786907155,37.22824375,170.87267699967816
2.7016817767103807,5.7326875,10.325264900216927
2.4411274551911886,4.68026875,7.616755028865561
2.500649007870456,4.911287499999999,8.187604142827714
3.8250295832557732,11.49104375,29.302388190824228
4.956442418934546,19.29434375,63.754202538669745
2.1568042446943068,3.65351875,5.253283165380156
3.254092729273447,8.316675,18.042154432820162
3.2557662149738187,8.32523125,18.070004423729497
4.771664880961161,17.8825625,56.88639697522868
2.862237796321168,6.4342999999999995,12.27766443524619
3.4380458260885147,9.28353125,21.27813724361653
2.8316247472105505,6.2974,11.887915788722479
8.275962654466436,53.79314375,296.7933658275629
2.615631831262586,5.3733249999999995,9.36975993981269
4.518367854833845,16.0344125,48.29958267409732
2.6834748032946383,5.65568125,10.117918753227285
2.443357814226735,4.688825,7.637651468861113
3.092744548192451,7.5123875,15.48926365635608
2.5905211843292046,5.27065,9.102486986789815
2.108273129528813,3.4909499999999998,4.906584054352405
5.387209964050184,22.79385,81.86350389271017
3.428526530035434,9.23219375,21.10188080153488
2.500649007870456,4.911287499999999,8.187604142827714
3.423756956852062,9.206525,21.01393601145495
3.0856915297799237,7.4781625,15.383535123045236
2.2819742545695014,4.0898875,6.22201198605708
2.535261713164489,5.0481875,8.532317659750372
5.77374375212471,26.182125,100.77925375739876
2.6260237348484248,5.4161062499999995,9.481882375307265
5.805731496913794,26.4730375,102.46356508848666
2.469965035906082,4.7915,7.88989164636266
2.9815484529664165,6.9818999999999996,13.877915429177477
2.72776620125686,5.843918749999999,10.627229366094156
2.526652989790877,5.0139625,8.445695560882895
3.3659949626857504,8.8985,19.968204116972768
5.184195452854518,21.10826875,72.95292724758741
3.596020439243632,10.156268749999999,24.34810000763425
2.875528524232013,6.49419375,12.449492913342837
2.2603891469891355,4.0128812499999995,6.047115483770798
2.5223376100573645,4.996849999999999,8.402495124543426
2.2042671142966195,3.8160874999999996,5.607784121018934
2.50282632566028,4.91984375,8.20900963709013
3.9081461728299787,11.9958625,31.25438941277977
3.531827919585419,9.79690625,23.06732467954059
2.648742412993063,5.510225,9.730111108423133
2.50282632566028,4.91984375,8.20900963709013
3.138202812533756,7.73485,16.182352016351153
2.4743717566905366,4.8086125,7.932196639246047
2.380117863554854,4.44925,7.059826269614289
3.289057123805811,8.49635625,18.630000700303018
2.4142024319084197,4.57759375,7.367491975692523
2.6753430427701486,5.62145625,10.026215912449514
5.39428311156766,22.85374375,82.18637596447998
2.915037146696313,6.673875,12.96972902493857
3.1485999789942536,7.7861875,16.34372653263021
2.2771952456495144,4.072775,6.1830025777334665
5.019779127788679,19.79060625,66.22964812002279
2.1769147426503643,3.72196875,5.401605762372631
2.769383635697071,6.0236,11.121106178656586
2.3198519332475245,4.2267874999999995,6.537014102200981
2.535261713164489,5.0481875,8.532317659750372
2.550257054733938,5.10808125,8.684613495977766
2.411945112637907,4.569037499999999,7.346845111722878
3.868923641566952,11.7562875,30.32278576387203
3.295674951671708,8.53058125,18.742681965883552
2.467758724580645,4.782943749999999,7.8687674454939796
4.507504927219053,15.95740625,47.95205819834072
2.494105649927359,4.88561875,8.123499551844024
2.9318064344890074,6.75088125,13.194851391480794
2.5136846253441054,4.962625,8.316316109232192
6.029411089562103,28.552206249999998,114.76865933014292
3.948358776503242,12.24399375,32.22912012150889
2.7889831982665525,6.1091625,11.358901045320057
2.467758724580645,4.782943749999999,7.8687674454939796
2.7397214062468325,5.89525625,10.767573162290283
3.636688769682284,10.3872875,25.183554532474105
4.755656374700881,17.762774999999998,56.315769440751616
3.8731450543246644,11.78195625,30.422150386638048
3.155512391219717,7.8204125,16.451605698799707
2.090109207125488,3.4310562499999997,4.780854838860301
6.475461827893843,32.93300625,142.17094989977625
2.2361613397248123,3.92731875,5.854745571684249
2.350178082253045,4.33801875,6.796744391101834
3.23899244951552,8.23966875,17.792149911839324
2.498469792634855,4.9027312499999995,8.166217286354616
2.5093469437250118,4.9455124999999995,8.273337784685895
2.7948362649316416,6.1348312499999995,11.430565904490608
2.079658595609427,3.39683125,4.7094995379314755
2.6590049171939327,5.55300625,9.843647282639093
3.0768525212759816,7.43538125,15.251714363807107
3.863287915863523,11.7220625,30.190468270164633
3.3789162960427075,8.966949999999999,20.199048987200108
2.4765721766511173,4.8171687499999996,7.953377397655494
2.565164738608946,5.167975,8.837804826675042
2.5136846253441054,4.962625,8.316316109232192
4.370063525074245,14.999106249999999,43.698031421225416
2.443357814226735,4.688825,7.637651468861113
2.713751896864708,5.784025,10.464272543508597
4.075976898649741,13.048281249999999,35.45632862805638
2.189390000900183,3.76475,5.495004003925975
3.18984977204789,7.9915375,16.994536048458105
3.89558199830447,11.91885625,30.953921231919146
3.5640687039548657,9.976587499999999,23.70482885401154
2.65079809231917,5.51878125,9.752783206284535
5.073745193100938,20.218418749999998,68.38873662994288
2.4787706432861216,4.825724999999999,7.9745769750479445
3.4189807299879553,9.18085625,20.926113735692986
3.993625442025492,12.526349999999999,33.35036670381068
4.345062956516457,14.827981249999999,42.95234136619706
2.4187107503671883,4.59470625,7.408843601102873
2.6072884867799933,5.3391,9.280382639844706
3.4396298141136206,9.2920875,21.307560800235
2.4589136827724007,4.74871875,7.7844596733419005
3.942836593693887,12.20976875,32.09408201869337
2.6569555874735418,5.544449999999999,9.820904937978451
2.4589136827724007,4.74871875,7.7844596733419005
3.2102759131404364,8.0942125,17.32310361639349
2.7536035435097777,5.95515,10.932081428088166
2.8546153119590207,6.400074999999999,12.179834728457422
2.7811599480782414,6.0749375,11.263581908052371
3.2724540035134724,8.41079375,18.349290453275728
3.1329912902896573,7.709181249999999,16.10186514100955
4.366322565457162,14.9734375,43.585905359141655
3.0697629899169425,7.40115625,15.146530359228313
2.2092038889334833,3.8331999999999997,5.645546898039886
2.535261713164489,5.0481875,8.532317659750372
2.713751896864708,5.784025,10.464272543508597
3.092744548192451,7.5123875,15.48926365635608
3.1537857085234147,7.81185625,16.424613732192878
2.4962886749841684,4.894175,8.144849083927095
2.654904675869217,5.53589375,9.798180134660118
3.0501818142305486,7.3070375,14.858528598933766
2.5799862843017562,5.22786875,8.99188644741984
2.8200591791463125,6.2460625,11.742843924431044
3.0733097998693664,7.418268749999999,15.199092031626448
2.380117863554854,4.44925,7.059826269614289
2.5331122751238446,5.039631249999999,8.510634520981817
3.0070166875744797,7.1016875,14.236595214959394
3.6321925527110106,10.36161875,25.09026297185385
2.0022610605282236,3.1487,4.203012934190144
2.0131135034881087,3.182925,4.271726198726592
2.4478124356355675,4.7059375,7.679501555882501
2.079658595609427,3.39683125,4.7094995379314755
6.2833447157717055,31.007849999999998,129.8886736299611
2.615631831262586,5.3733249999999995,9.36975993981269
2.2891240608761145,4.11555625,6.280679223842714
4.292087784539902,14.46861875,41.40038786402666
2.071786042700417,3.3711625,4.656218276783363
2.8488850646712613,6.37440625,12.106633841181429
3.7298575075162828,10.926331249999999,27.169105761614837
2.530961011657125,5.0310749999999995,8.48896978114858
2.537409330418011,5.05674375,8.554019181855306
2.8641402477085682,6.442856249999999,12.302162597217132
5.416452872179924,23.04198125,83.20387034818562
2.5736446451717576,5.2021999999999995,8.925742782075009
2.100507824581783,3.46528125,4.852566920001027
2.1441394009387964,3.6107375,5.161283026798166
5.219797294192106,21.399181249999998,74.46625892445097
2.560914255591823,5.1508625,8.793944803228891
2.498469792634855,4.9027312499999995,8.166217286354616
4.110576082563976,13.27074375,36.36693457105691
2.00497967829159,3.1572562499999997,4.220156413606076
6.573972640295807,33.94264375,148.75867423453835
2.767416044943746,6.015043749999999,11.097419056525732
2.935519933677921,6.76799375,13.245053709421722
2.43442411771743,4.654599999999999,7.554180332218365
3.1881416863714414,7.98298125,16.967250203097723
2.491920712451529,4.8770625,8.102168706447088
2.391533362444715,4.49203125,7.161895066346158
2.4321855663311647,4.64604375,7.533360366195412
2.469965035906082,4.7915,7.88989164636266
5.0154367574882555,19.75638125,66.05792047746785
3.6291919800776657,10.34450625,25.028132746908863
2.615631831262586,5.3733249999999995,9.36975993981269
2.0848904494005085,3.41394375,4.745132479443704
3.0519671124894843,7.31559375,14.884634355555741
2.1390524675540097,3.593625,5.124634949142516
2.1844084472306053,3.7476374999999997,5.457580674772125
3.0962650325970817,7.5295,15.54221837529315
6.51069584840247,33.29236875,144.5043246694061
2.031965813912392,3.2428187499999996,4.392864560476078
2.5523920547350993,5.1166374999999995,8.706443267973109
5.086611854149141,20.32109375,68.91034423868402
2.3245432462962605,4.2439,6.576752721971133
2.877422188266188,6.50275,12.474104756498635
2.22884164303253,3.9016499999999996,5.797439997691914
2.461127923367652,4.757275,7.80550822775923
2.524496222014313,5.00540625,8.424086111847886
2.798731509003021,6.15194375,11.4784258764928
2.5158506616144725,4.97118125,8.337833091211975
2.644626260680142,5.4931125,9.68481971358023
2.469965035906082,4.7915,7.88989164636266
3.158962925209863,7.837524999999999,16.50563393360362
2.6260237348484248,5.4161062499999995,9.481882375307265
2.0691552022198847,3.36260625,4.638502810136398
2.4254575159144154,4.620375,7.471015513395376
2.524496222014313,5.00540625,8.424086111847886
2.4787706432861216,4.825724999999999,7.9745769750479445
2.121152132207027,3.5337312499999998,4.997054383722734
3.8590557204182994,11.69639375,30.09135680613489
2.5926230274208835,5.27920625,9.124661126836168
7.544664627436744,44.70640625,224.86322790279462
4.018101414421596,12.6803625,33.967321664419046
2.537409330418011,5.05674375,8.554019181855306
2.6322391843354946,5.441775,9.549368924891523
2.697646402125319,5.715574999999999,10.279066889884946
2.0927137055902736,3.4396125,4.798749480446416
2.62187191607027,5.39899375,9.436980058775939
2.391533362444715,4.49203125,7.161895066346158
2.031965813912392,3.2428187499999996,4.392864560476078
2.4962886749841684,4.894175,8.144849083927095
2.456697446465619,4.740162499999999,7.763430073054724
2.500649007870456,4.911287499999999,8.187604142827714
2.528807918105647,5.02251875,8.467323455889382
2.3175027154973598,4.21823125,6.517174917647214
2.452258965069026,4.72305,7.721427803312842
2.4544792090413092,4.73160625,7.742419443996611
3.0268771157337127,7.1958062499999995,14.520547511585747
3.4046118470887707,9.10385,20.663383709412734
2.5863123737764364,5.2535375,9.058192694899017
3.9455986511910837,12.22688125,32.161577445515704
2.483161737327308,4.8428375,8.01703252006256
3.0909828023655335,7.503831249999999,15.462808897068708
3.9621305615207305,12.32955625,32.56754108540928
2.1769147426503643,3.72196875,5.401605762372631
2.8335477523539025,6.3059562499999995,11.912152105753027
2.1968411511999735,3.7904187499999997,5.551298593519976
5.634320736381773,24.9329125,93.65335061142821
2.970566653394364,6.9305625,13.725131901176988
3.8646976177589574,11.73061875,30.223529558642362
3.2221313644034044,8.15410625,17.515734331201884
2.6895574891571137,5.68135,10.18687829401518
4.097303280451742,13.18518125,36.015790925983865
2.452258965069026,4.72305,7.721427803312842
2.411945112637907,4.569037499999999,7.346845111722878
4.462568419899279,15.640825,46.53216780411408
3.092744548192451,7.5123875,15.48926365635608
2.0585982190449528,3.32838125,4.567866475701742
2.5136846253441054,4.962625,8.316316109232192
3.89558199830447,11.91885625,30.953921231919146
3.370846267095218,8.92416875,20.05466727857687
2.480967161788268,4.83428125,7.995795354732492
2.577874137992494,5.2193125,8.969820474567296
2.798731509003021,6.15194375,11.4784258764928
3.6724603398872273,10.5926375,25.934027409034783
3.344891337953375,8.787268749999999,19.59497275076225
4.645570228512568,16.94993125,52.494730660223226
4.450345530825214,15.5552625,46.150861965125365
2.8219900654931465,6.25461875,11.766981317298107
2.5523920547350993,5.1166374999999995,8.706443267973109
2.3960843339489126,4.50914375,7.202859132599101
2.494105649927359,4.88561875,8.123499551844024
2.7337503390549767,5.8695875,10.697324545491899
3.7806259377632156,11.2258,28.293700434761547
7.691954267060558,46.468993749999996,238.29158317421522
3.0142538019831635,7.1359125,14.33963425582945
2.6915819963983556,5.68990625,10.209899482462987
2.507175288671978,4.93695625,8.251876474169784
8.073396712556155,51.192043749999996,275.5291184801872
7.059799078938371,39.14484375,184.23648790095763
2.296251605039368,4.1412249999999995,6.339529702052771
3.514821864499256,9.7027875,22.73571310106005
2.996128238948319,7.05035,14.08250181964619
2.0022610605282236,3.1487,4.203012934190144
2.4388950565027536,4.6717125,7.595877681101414
3.0015774005991376,7.076018749999999,14.159478644143839
5.12926762695769,20.66334375,70.65854677438233
4.35007456482186,14.86220625,43.101136923507646
2.4277022711527803,4.62893125,7.491777939090051
3.414197821518995,9.1551875,20.838414145398623
2.472169378188552,4.80005625,7.911034716555048
3.7327771615895937,10.94344375,27.232957932760254
2.3846906206303164,4.4663625,7.100595174723314
2.735742142844943,5.87814375,10.720723719050405
2.491920712451529,4.8770625,8.102168706447088
2.571527290107306,5.19364375,8.903731092146831
2.5523920547350993,5.1166374999999995,8.706443267973109
2.2555644047814263,3.99576875,6.008475841491981
2.9650605010175877,6.904893749999999,13.64895181456547
2.0239077551471385,3.2171499999999997,4.340809889647745
3.0286761513253735,7.204362499999999,14.546453926168558
2.771349829509325,6.03215625,11.144810130007404
2.594723167925177,5.2877624999999995,9.146853243490636
2.2938782177332855,4.13266875,6.319892551154697
6.127981334089139,29.49339375,120.48997758596084
3.0679880473054593,7.3926,15.120272292340227
3.1847227666894433,7.965868749999999,16.912722376389986
2.743694898409151,5.91236875,10.814490651259124
2.375536304227667,4.4321375,7.0191356910525675
3.062657047539806,7.3669312499999995,15.041589274369151
5.8328765402708,26.72116875,103.90751888699482
2.469965035906082,4.7915,7.88989164636266
2.5905211843292046,5.27065,9.102486986789815
2.118582595064865,3.525175,4.978916266371856
2.087501459126698,3.4225,4.762982495907414
3.799310004118947,11.337031249999999,28.715264163422752
2.537409330418011,5.05674375,8.554019181855306
3.194968550048326,8.01720625,17.07648121866725
2.272406186204278,4.0556624999999995,6.144075036104471
2.6996648434119224,5.72413125,10.302157263133696
2.0691552022198847,3.36260625,4.638502810136398
3.07153690684622,7.4097124999999995,15.172803608579848
2.598918357678237,5.304875,9.19129134845889
2.5180148346267974,4.9797375,8.359368598364908
2.72776620125686,5.843918749999999,10.627229366094156
2.4478124356355675,4.7059375,7.679501555882501
2.935519933677921,6.76799375,13.245053709421722
2.4478124356355675,4.7059375,7.679501555882501
2.340888804468089,4.30379375,6.71646840407649
3.414197821518995,9.1551875,20.838414145398623
3.7313176201216405,10.9348875,27.20102560186525
2.108273129528813,3.4909499999999998,4.906584054352405
2.128842134948089,3.5593999999999997,5.051600463422816
2.097913002313169,3.456725,4.834605548613991
2.491920712451529,4.8770625,8.102168706447088
3.0733097998693664,7.418268749999999,15.199092031626448
2.0373201468149107,3.2599312499999997,4.42768240857101
3.0874562948826023,7.48671875,15.40994462180207
3.8661068056335957,11.739175,30.25660290668251
2.5180148346267974,4.9797375,8.359368598364908
5.972224566113714,28.0131625,111.53393150469033
2.4321855663311647,4.64604375,7.533360366195412
3.171010226068806,7.89741875,16.69519707719835
2.5523920547350993,5.1166374999999995,8.706443267973109
2.373242207792749,4.42358125,6.998819821400406
2.845058487974842,6.357293749999999,12.057915029324608
2.725768569204774,5.8353625,10.603898461610793
2.875528524232013,6.49419375,12.449492913342837
2.6610526686851115,5.5615625,9.866407155122694
4.333765648186317,14.750974999999999,42.61817915483676
2.305720723995956,4.17545,6.41828106467261
3.756052692889053,11.080343749999999,27.745569986882597
2.0076946147800685,3.1658125,4.237323138435617
3.92067008442401,12.07286875,31.555823560868323
2.015817485235409,3.19148125,4.288962471700639
3.8392437889939,11.57660625,29.630275761960306
2.1568042446943068,3.65351875,5.253283165380156
5.639152501900871,24.975693749999998,93.89449726468165
2.407424124384527,4.551925,7.305609371592692
2.364043559968902,4.38935625,6.917752916814497
3.344891337953375,8.787268749999999,19.59497275076225
3.978593778810833,12.43223125,32.97519860532509
4.590130436368255,16.5477875,50.637668705536115
2.090109207125488,3.4310562499999997,4.780854838860301
2.5736446451717576,5.2021999999999995,8.925742782075009
2.2042671142966195,3.8160874999999996,5.607784121018934
2.755580996937714,5.9637062499999995,10.95565040921245
2.1365044589455597,3.58506875,5.106343580000922
2.5201771491812353,4.9882937499999995,8.380922614769048
3.771971307706376,11.174462499999999,28.099834619360575
2.8045642312220718,6.1776124999999995,11.550340701233573
3.3072242860227665,8.590475,18.940418365647616
2.575760259705065,5.21075625,8.947772581173192
4.776228884760094,17.916787499999998,57.04978531973906
2.2190444894813144,3.867425,5.721325423154848
2.648742412993063,5.510225,9.730111108423133
2.1869006425046074,3.75619375,5.476281683497861
2.535261713164489,5.0481875,8.532317659750372
5.753897778224052,26.002443749999998,99.74360221434725
3.16413167084026,7.86319375,16.58678691888546
2.7928866056326758,6.126275,11.40666092661488
2.469965035906082,4.7915,7.88989164636266
3.267456616016107,8.385125,18.265354771581368
2.0239077551471385,3.2171499999999997,4.340809889647745
3.1120579292126247,7.60650625,15.781258725945255
2.4455861391898446,4.697381249999999,7.658566983660178
2.6301689998356665,5.43321875,9.52685568371726
4.168474371775743,13.647218749999999,37.925387736928265
3.718155964929182,10.85788125,26.91419729078681
3.115556590159205,7.6236187499999994,15.83454375828252
5.682453515265537,25.360725,96.0740939506217
2.491920712451529,4.8770625,8.102168706447088
2.613548492157631,5.36476875,9.347388851557914
2.1769147426503643,3.72196875,5.401605762372631
2.6301689998356665,5.43321875,9.52685568371726
2.709734497331338,5.7669125,10.417867829560873
2.8679413645075416,6.45996875,12.35120772770072
2.380117863554854,4.44925,7.059826269614289
3.131252188690047,7.700625,16.075065923687525
2.456697446465619,4.740162499999999,7.763430073054724
2.8103848481327556,6.20328125,11.622405089137347
2.443357814226735,4.688825,7.637651468861113
4.9476426917651,19.22589375,63.41523513655987
7.398860261524554,42.99515625,212.07676867744271
4.4417694956800124,15.495368749999999,45.884570825375555
2.615631831262586,5.3733249999999995,9.36975993981269
2.4028946300159157,4.5348125,7.264451069586032
2.0927137055902736,3.4396125,4.798749480446416
4.678285916013709,17.18950625,53.611616661736406
4.957541286572243,19.302899999999998,63.796615800383556
3.691691885051478,10.70386875,26.3435902686874
2.507175288671978,4.93695625,8.251876474169784
2.223948461184896,3.8845375,5.759340797026682
3.8590557204182994,11.69639375,30.09135680613489
2.944783194106763,6.810775,13.370837172561659
3.139938064428885,7.74340625,16.20921068847435
2.5115167209948446,4.954068749999999,8.294817668388685
2.079658595609427,3.39683125,4.7094995379314755
2.5395551315037483,5.0653,8.57573907173729
2.1108552163869168,3.49950625,4.924634015060745
3.7950064611057504,11.3113625,28.61779584760619
2.541699121021538,5.0738562499999995,8.597477313876423
2.045325364870306,3.2855999999999996,4.480080679211918
2.4366606125554147,4.66315625,7.575019443044407
2.560914255591823,5.1508625,8.793944803228891
3.5945053684204344,10.147712499999999,24.317338038958102
4.724629651746033,17.53175625,55.22070361728922
4.474757922036538,15.7263875,46.91451803376093
2.452258965069026,4.72305,7.721427803312842
2.6384399919488617,5.46744375,9.6170148291539
2.338560719551536,4.2952375,6.696449132429825
2.4875450800810937,4.8599499999999995,8.059563141293408
6.778757216103297,36.0902625,163.09808490195815
5.0994460508006405,20.42376875,69.43327126310203
2.611463491034249,5.3562125,9.325035595980852
2.154277232409223,3.6449624999999997,5.234839817823602
4.408534228593239,15.264349999999999,44.86227296815147
6.57977016060138,34.002537499999995,149.15258775148635
2.4299449527129227,4.6374875,7.51255956259618
2.507175288671978,4.93695625,8.251876474169784
2.38925462599353,4.483474999999999,7.141442256184227
2.5180148346267974,4.9797375,8.359368598364908
5.211442271158543,21.33073125,74.10924967398165
4.99693958526971,19.610924999999998,65.32973829083693
3.2707890560622697,8.4022375,18.32129764095734
2.4743717566905366,4.8086125,7.932196639246047
2.8123223766966707,6.2118375,11.646459734435668
2.0346447416596565,3.251375,4.410262031275778
3.348146707422601,8.80438125,19.652240062053856
2.343214576332837,4.3123499999999995,6.73650758549927
3.5793193885230354,10.062149999999999,24.010432390151372
2.0399920432375636,3.2684875,4.445125662280955
2.350178082253045,4.33801875,6.796744391101834
2.4589136827724007,4.74871875,7.7844596733419005
2.366346574212045,4.3979124999999994,6.93799011870622
2.1744111020949703,3.7134125,5.382990244438828
4.008600739110139,12.620468749999999,33.726946906110946
2.634307741970522,5.45033125,9.571899872119248
2.91316793384191,6.66531875,12.944795234223491
3.1624096942932196,7.8546375,16.55972118343937
2.5180148346267974,4.9797375,8.359368598364908
2.405160443466083,4.54336875,7.285020531719961
3.4459584851762006,9.3263125,21.42539046318657
2.598918357678237,5.304875,9.19129134845889
2.565164738608946,5.167975,8.837804826675042
3.52874200556711,9.77979375,23.006912674271792
3.948358776503242,12.24399375,32.22912012150889
2.65079809231917,5.51878125,9.752783206284535
7.949653961825509,49.63480625,263.05302276650264
2.575760259705065,5.21075625,8.947772581173192
2.7733146293516726,6.0407125,11.168530898638341
6.0501540204850315,28.749,115.95725195661609
3.1190513266366313,7.64073125,15.887888627857642
6.448487644181524,32.65920625,140.401658647934
2.565164738608946,5.167975,8.837804826675042
2.858429094971603,6.4171875,12.228716971925389
2.613548492157631,5.36476875,9.347388851557914
3.8335644311671193,11.54238125,29.498974807313513
2.8698400349336577,6.468525,12.375754674646158
2.0426604446963794,3.27704375,4.462591762442995
2.1844084472306053,3.7476374999999997,5.457580674772125
2.4544792090413092,4.73160625,7.742419443996611
5.285131560453114,21.938225,77.29760355188101
5.051149672259518,20.0387375,67.47910823707969
2.605198475633069,5.3305437499999995,9.258082967863588
2.8065057781705867,6.186168749999999,11.57434556107554
2.9833748227872863,6.990456249999999,13.903434117364016
2.0076946147800685,3.1658125,4.237323138435617
4.993668266041658,19.58525625,65.20151507861267
3.8278766469795125,11.508156249999999,29.36786837277754
2.7016817767103807,5.7326875,10.325264900216927
2.4478124356355675,4.7059375,7.679501555882501
2.6569555874735418,5.544449999999999,9.820904937978451
2.528807918105647,5.02251875,8.467323455889382
3.0178658509746983,7.1530249999999995,14.391246585778863
3.021473581911402,7.1701375,14.442920689948176
3.0376553472835393,7.247143749999999,14.67621664314665
2.1441394009387964,3.6107375,5.161283026798166
2.3033570937242436,4.16689375,6.398562851905141
3.522562067364496,9.74556875,22.886247202428553
2.5223376100573645,4.996849999999999,8.402495124543426
3.6620630602246775,10.53274375,25.714381206458228
2.0532993731421074,3.31126875,4.532684032453365
4.190629933277342,13.792675,38.53333114331071
2.2410278554692598,3.9444312499999996,5.893053536822288
3.44753883769458,9.33486875,21.454881706937638
2.272406186204278,4.0556624999999995,6.144075036104471
2.077037726772803,3.3882749999999997,4.691716669120746
2.0638834606547753,3.3454937499999997,4.60313947889928
2.827774813754789,6.2802875,11.83949254375935
2.0346447416596565,3.251375,4.410262031275778
2.456697446465619,4.740162499999999,7.763430073054724
3.466446870740727,9.43754375,21.809829333110798
2.6590049171939327,5.55300625,9.843647282639093
2.480967161788268,4.83428125,7.995795354732492
2.4299449527129227,4.6374875,7.51255956259618
2.5331122751238446,5.039631249999999,8.510634520981817
2.6956264494630995,5.70701875,10.255993793387887
3.1138077510709956,7.6150625,15.80789375826005
2.6895574891571137,5.68135,10.18687829401518
4.406062384144022,15.247237499999999,44.78685307390675
3.1485999789942536,7.7861875,16.34372653263021
2.8316247472105505,6.2974,11.887915788722479
2.5587863663539365,5.14230625,8.772042082744425
5.107984266994502,20.49221875,69.78262064720647
2.6590049171939327,5.55300625,9.843647282639093
2.530961011657125,5.0310749999999995,8.48896978114858
3.0608779843356384,7.358375,15.01539202532383
2.6072884867799933,5.3391,9.280382639844706
2.1134341485843597,3.5080625,4.9427060552454805
2.2652036128206112,4.02999375,6.085837601429653
5.043595336720121,19.97884375,67.17680211370661
2.1943602456640945,3.7818625,5.532512483045218
2.5180148346267974,4.9797375,8.359368598364908
2.798731509003021,6.15194375,11.4784258764928
2.550257054733938,5.10808125,8.684613495977766
2.4787706432861216,4.825724999999999,7.9745769750479445
2.9392287411376654,6.78510625,13.295319534448533
3.770526938016159,11.165906249999999,28.067566868658663
2.1390524675540097,3.593625,5.124634949142516
2.7317570829831412,5.86103125,10.673942420515354
4.888944461239121,18.772412499999998,61.1848547439807
6.528241547564903,33.472049999999996,145.67575166144653
2.7057111328296375,5.7498,10.371531914362567
2.0373201468149107,3.2599312499999997,4.42768240857101
4.081318941438529,13.08250625,35.59592037307529
2.4388950565027536,4.6717125,7.595877681101414
2.22884164303253,3.9016499999999996,5.797439997691914
9.645521810593122,73.070375,469.8679305138122
3.1881416863714414,7.98298125,16.967250203097723
2.5395551315037483,5.0653,8.57573907173729
3.0376553472835393,7.247143749999999,14.67621664314665
6.880051394314712,37.17690625,170.5193504544132
2.5180148346267974,4.9797375,8.359368598364908
5.098377768385901,20.4152125,69.38964369791594
2.0185178447651753,3.2000374999999996,4.306221865111826
2.5566567060878826,5.13375,8.75015757658578
2.5523920547350993,5.1166374999999995,8.706443267973109
2.071786042700417,3.3711625,4.656218276783363
2.743694898409151,5.91236875,10.814490651259124
2.761504861166854,5.989375,11.026458785234148
2.4455861391898446,4.697381249999999,7.658566983660178
2.8316247472105505,6.2974,11.887915788722479
5.983159377648887,28.115837499999998,112.1476911990515
2.6712678796386844,5.60434375,9.98046896388587
2.1237185604079127,3.5422875,5.015214473367296
3.1138077510709956,7.6150625,15.80789375826005
2.996128238948319,7.05035,14.08250181964619
3.0909828023655335,7.503831249999999,15.462808897068708
2.5481202658755295,5.099525,8.662801999225938
2.7536035435097777,5.95515,10.932081428088166
3.7516995301056806,11.054675,27.649212668647337
2.648742412993063,5.510225,9.730111108423133
2.443357814226735,4.688825,7.637651468861113
2.5587863663539365,5.14230625,8.772042082744425
2.2190444894813144,3.867425,5.721325423154848
5.555460695225535,24.23985625,89.775712436528
5.107984266994502,20.49221875,69.78262064720647
5.938382145119195,27.696581249999998,109.64858905056205
2.837389852765942,6.32306875,11.960674073060948
3.1572381295993206,7.82896875,16.478612435294355
2.541699121021538,5.0738562499999995,8.597477313876423
2.3869737141361322,4.47491875,7.121008952763276
2.1668828240931584,3.6877437499999997,5.327272394354595
2.121152132207027,3.5337312499999998,4.997054383722734
2.0848904494005085,3.41394375,4.745132479443704
5.592595234653775,24.56499375,91.58804465703315
3.5426074499647218,9.8568,23.27918207520817
2.461127923367652,4.757275,7.80550822775923
2.5115167209948446,4.954068749999999,8.294817668388685
2.944783194106763,6.810775,13.370837172561659
2.9206376074726053,6.69954375,13.04462628610536
2.569408190208785,5.1850875,8.881737526299462
2.43442411771743,4.654599999999999,7.554180332218365
2.6590049171939327,5.55300625,9.843647282639093
2.452258965069026,4.72305,7.721427803312842
2.7575570323275067,5.972262499999999,10.979236303853904
2.1056878764049,3.48239375,4.888556200162131
2.4787706432861216,4.825724999999999,7.9745769750479445
2.5545252703642416,5.12519375,8.728291299925248
3.635190648601337,10.37873125,25.152444522897643
2.2891240608761145,4.11555625,6.280679223842714
2.1237185604079127,3.5422875,5.015214473367296
2.5459816836558233,5.09096875,8.641008793042786
5.1568046735528785,20.885806249999998,71.80268218727993
2.7237694720754178,5.82680625,10.580584655632162
2.5523920547350993,5.1166374999999995,8.706443267973109
3.7371523658594366,10.9691125,27.328829820502214
2.4187107503671883,4.59470625,7.408843601102873
3.478995135740391,9.50599375,22.047537344419037
2.6610526686851115,5.5615625,9.866407155122694
2.405160443466083,4.54336875,7.285020531719961
2.2042671142966195,3.8160874999999996,5.607784121018934
3.16413167084026,7.86319375,16.58678691888546
2.2141296562279513,3.8503125,5.683394061330122
3.1864326850766362,7.974424999999999,16.939978976461504
5.451537138409548,23.34145,84.83118769288635
2.837389852765942,6.32306875,11.960674073060948
2.858429094971603,6.4171875,12.228716971925389
4.859889905425845,18.54995,60.10047650076944
4.7223232666187265,17.514643749999998,55.1398731247755
4.161935584421985,13.6044375,37.74719502486324
2.7317570829831412,5.86103125,10.673942420515354
2.741708872163812,5.9038125,10.79102340722774
2.500649007870456,4.911287499999999,8.187604142827714
2.5158506616144725,4.97118125,8.337833091211975
4.198421628756204,13.8440125,38.74866767251415
2.2676070125553482,4.03855,6.105229533703601
2.472169378188552,4.80005625,7.911034716555048
5.073745193100938,20.218418749999998,68.38873662994288
2.571527290107306,5.19364375,8.903731092146831
2.423210681234937,4.611818749999999,7.450272303279704
2.588417634502544,5.26209375,9.080330837937082
2.7016817767103807,5.7326875,10.325264900216927
2.644626260680142,5.4931125,9.68481971358023
3.586920415109613,10.10493125,24.163722795936067
2.4142024319084197,4.57759375,7.367491975692523
2.4544792090413092,4.73160625,7.742419443996611
2.5459816836558233,5.09096875,8.641008793042786
3.0856915297799237,7.4781625,15.383535123045236
2.9521728749706018,6.845,13.471748886115844
3.5777972454014604,10.05359375,23.979813350090225
2.489733857521782,4.868506249999999,8.080856564120932
2.9094259054073643,6.648206249999999,12.894975658827429
3.1624096942932196,7.8546375,16.55972118343937
2.370945891620971,4.415025,6.9785235901025855
2.2067368821461666,3.82464375,5.626654949463213
3.3022795173175266,8.56480625,18.85558949944542
2.0638834606547753,3.3454937499999997,4.60313947889928
2.615631831262586,5.3733249999999995,9.36975993981269
